conversation_id,cluster_id,message_count,predicted_intent,prediction_method,first_customer_message,transcript,corrected_intent,entities,resolution,notes,annotator_id
conv_1336230,7,3,non_english,keyword,@AmazonHelp Hola!! Tiene problemas con la distribucion de W2? aun no envian y la pagina dice que no esta disponible. https://t.co/yDAI2zRfBg,"[2017-10-27T14:12:55] CUSTOMER: @AmazonHelp Hola!! Tiene problemas con la distribucion de W2? aun no envian y la pagina dice que no esta disponible. https://t.co/yDAI2zRfBg
[2017-10-27T14:22:35] SUPPORT: @431708 Lamento el inconveniente, por favor contacta nuestro SAC para verificar lo sucedido accesando: https://t.co/beR78zMMYB ^AZ
[2017-10-27T17:45:19] CUSTOMER: @AmazonHelp Y ahora esto!!! Que paso? Si sabian que no lo iban a poder tener en fecha, porque lo seguian poniendo en preventa, inclus",non_english,,unclear,,
conv_2395769,6,12,billing_payment,cluster_hint,I’ve got a list of customer service representatives that were meant to call me back ‘in 24hrs’ and yours is in red underlined @AmazonHelp.,"[2017-11-14T12:17:01] CUSTOMER: I’ve got a list of customer service representatives that were meant to call me back ‘in 24hrs’ and yours is in red underlined @AmazonHelp.
[2017-11-14T12:29:31] SUPPORT: @689665 I'm sorry for the frustration! We'd like to address your concerns. Without providing any personal or account information, can you tell us more about any issues you're having? ^CN
[2017-11-14T12:40:15] CUSTOMER: @AmazonHelp Account locked because of ‘pay with Amazon’ failing on another site",billing_payment,,unclear,,
conv_2276497,1,7,delivery_issue,keyword,@115830 @AmazonHelp I am a Prime member yet I am still waiting for my goods ordered on Thursday!!! So much for next day delivery - anyone else had the same problem? 👎🏽👎🏽👎🏽👎🏽,"[2017-11-11T17:23:42] CUSTOMER: @115830 @AmazonHelp I am a Prime member yet I am still waiting for my goods ordered on Thursday!!! So much for next day delivery - anyone else had the same problem? 👎🏽👎🏽👎🏽👎🏽
[2017-11-11T17:35:03] SUPPORT: @662096 I'm sorry your order still hasn't arrived! Has the delivery date changed from when you placed the order? ^VS
[2017-11-11T17:36:05] CUSTOMER: @AmazonHelp Yes it changed to today but it’s not making any difference is it?
[2017-11-11T17:38:50] SUPPORT: @6620",delivery_issue,{'product': 'Prime'},unclear,,
conv_1080696,2,2,technical_app,keyword,@115821 @AmazonHelp fix your jobfinder website. thanks,"[2017-10-15T01:11:54] CUSTOMER: @115821 @AmazonHelp fix your jobfinder website. thanks
[2017-10-15T01:46:00] SUPPORT: @374934 We'd like to help, if possible. Are you seeing an error? Please let us know more about what's going on. ^BH",technical_app,,unclear,,
conv_304556,12,7,technical_app,keyword,@AmazonHelp Hi. I've just come to list a duplicate DVD I have for sale— Do I now have to complete 'Selling Application for ASIN' each time?,"[2017-11-04T03:26:17] CUSTOMER: @AmazonHelp Hi. I've just come to list a duplicate DVD I have for sale— Do I now have to complete 'Selling Application for ASIN' each time?
[2017-11-04T03:56:51] SUPPORT: @188724 You can simply adjust the qty for duplicates. You must create a unique listing for each if the conditions/editions vary. ^SH
[2017-11-04T04:01:52] CUSTOMER: @AmazonHelp So I have to create a unique listing. Sold on amazon for years and confused by this. Could you explain further please? W",technical_app,,unclear,,
conv_2719416,15,6,billing_payment,keyword,@AmazonHelp @115850 Used to think highly of your company before you mixed up my order,"[2017-11-20T08:34:41] CUSTOMER: @AmazonHelp @115850 Used to think highly of your company before you mixed up my order
[2017-11-20T08:46:54] SUPPORT: @763153 Sorry to let you down, Rajdroh. Please report this to our support team here: https://t.co/vlvfJr4nN9 and we'll get it checked for you. ^SY
[2017-11-20T09:24:00] CUSTOMER: @AmazonHelp I ordered luxury toilet rolls and you sent me autographed copies of my wife's book on Indira Gandhi
[2017-11-20T10:02:00] SUPPORT: @763153 I completely get your",billing_payment,,unclear,,
conv_500779,7,6,non_english,keyword,@AmazonHelp debería cuidar con quien trabaja. Aún no he recibido un envío que tenia que haber llegado el miércoles (ya no llega antes del lunes) porque @132703 miente diciendo que no estoy en casa (2 ,"[2017-12-01T19:37:42] CUSTOMER: @AmazonHelp debería cuidar con quien trabaja. Aún no he recibido un envío que tenia que haber llegado el miércoles (ya no llega antes del lunes) porque @132703 miente diciendo que no estoy en casa (2 entregas fallidas) https://t.co/c0R2JlJphO
[2017-12-01T19:40:32] CUSTOMER: @AmazonHelp @132703 Además me mandan sms dándome 5 opciones, de las cuales, realmente solo me deja elegir la de recogida en agencia. Sinvergüenzas https://t.co/cDTWSArrR1
[2017-12-01T19:42:00] ",non_english,{'product': 'Fire TV'},unclear,,
conv_637211,3,6,delivery_issue,keyword,@AmazonHelp This is after we've told all of our customer to buy us on Amazon and we've shipped several £1000 worth of stock to your warehouse.   Can you please help get us back online ASAP as we have ,"[2017-11-22T19:01:25] CUSTOMER: @AmazonHelp This is after we've told all of our customer to buy us on Amazon and we've shipped several £1000 worth of stock to your warehouse.   Can you please help get us back online ASAP as we have already lost several days worth of sales #PleaseHelp 2/2
[2017-11-22T19:08:28] SUPPORT: @271097 I'm sorry for the frustration! We're available to address this concern. At your convenience, please reach us here: https://t.co/Fluf443fne ^SJ
[2017-11-22T19:10:11] CUSTOME",delivery_issue,,unclear,,
conv_2725916,2,3,resolution_confirmation,cluster_hint,"Hey @AmazonHelp is it common practice for your drivers to open packages themselves in order to squeeze the product through the letter box (damaging it in the process?). Just happened to me, can DM pho","[2017-11-20T12:44:48] CUSTOMER: Hey @AmazonHelp is it common practice for your drivers to open packages themselves in order to squeeze the product through the letter box (damaging it in the process?). Just happened to me, can DM photos.
[2017-11-20T13:07:31] SUPPORT: @764459 Shaun, please contact us as soon as you have a moment, we would like to look into this with you:  https://t.co/JzP7hlA23B ^VF
[2017-11-20T13:14:59] CUSTOMER: @AmazonHelp Thanks for your reply. I’m speaking to one of your age",resolution_confirmation,,unclear,,
conv_1765200,9,4,delivery_issue,keyword,"@AmazonHelp Hi, ordered a book on Amazon prime yesterday and still not arrived today at 21.33.","[2017-11-07T21:33:38] CUSTOMER: @AmazonHelp Hi, ordered a book on Amazon prime yesterday and still not arrived today at 21.33.
[2017-11-07T21:38:01] SUPPORT: @530950 Hello Matt! Thanks for reaching out. You're able to find the status of your orders from Amazon here: https://t.co/aaDyEz1VgE ^TM
[2017-11-07T21:40:10] CUSTOMER: @AmazonHelp Thanks I know that. I wondered why it hasn’t been next day delivery if I paid for prime. I needed it today for a gift.
[2017-11-07T21:53:27] SUPPORT: @530950 I c",delivery_issue,{'product': 'Prime'},unclear,,
conv_179192,3,8,general_inquiry,cluster_hint,"@123583 Redeemed my @AmazonHelp preorder code on Sunday but just get ""Not available for purchase"" on #StarWarsBattlefrontIIBETA :(","[2017-10-04T08:58:13] CUSTOMER: @123583 Redeemed my @AmazonHelp preorder code on Sunday but just get ""Not available for purchase"" on #StarWarsBattlefrontIIBETA :(
[2017-10-04T08:59:44] CUSTOMER: @158243 @123583 @AmazonHelp Full restart of console/PC may help?
[2017-10-04T09:04:23] CUSTOMER: @158244 @123583 @AmazonHelp Sadly I’ve tried that a few times already. Checked website and through mobile app too. Thanks for the suggestion :) Much appreciated
[2017-10-04T09:17:00] SUPPORT: @158243 Hi Chris",general_inquiry,,unclear,,
conv_560337,2,2,billing_payment,keyword,"@AmazonHelp hi, I want to pay something with @AskPayPal on Amazon but can’t find that payment option. Can you tell me how to do it? Thanks!","[2017-12-01T14:46:12] CUSTOMER: @AmazonHelp hi, I want to pay something with @AskPayPal on Amazon but can’t find that payment option. Can you tell me how to do it? Thanks!
[2017-12-02T01:28:12] CUSTOMER: @AmazonHelp @AskPayPal Can you, Amazon? Or you can’t?",billing_payment,,unclear,,
conv_2893105,16,5,delivery_issue,keyword,@AmazonHelp Just found an email saying that an attempt has been made to deliver a parcel. I’ve been in all day. No one has been to the door. #useless,"[2017-11-28T15:21:26] CUSTOMER: @AmazonHelp Just found an email saying that an attempt has been made to deliver a parcel. I’ve been in all day. No one has been to the door. #useless
[2017-11-28T15:29:33] SUPPORT: @248985 Oh no! Please reach out to us here: https://t.co/JzP7hlA23B and we'll investigate further! ^JO
[2017-11-28T15:36:52] CUSTOMER: @AmazonHelp Sent. Thank you.
[2017-11-28T15:41:28] SUPPORT: @248985 I'm glad to see we could point you in the right direction! Please let us know how yo",delivery_issue,,unclear,,
conv_141988,6,18,account_access,keyword,"@AmazonHelp Hi. I did my first order, but now I can't log in to my account.  Errror - ""There was a problem Your password is incorrect"" But my pswd is correct","[2017-11-24T11:54:40] CUSTOMER: @AmazonHelp Hi. I did my first order, but now I can't log in to my account.  Errror - ""There was a problem Your password is incorrect"" But my pswd is correct
[2017-11-24T12:10:45] CUSTOMER: @AmazonHelp HELP ME
[2017-11-24T12:14:27] SUPPORT: @148042 Did you receive any emails about your account been locked out? ^KM
[2017-11-24T12:17:39] CUSTOMER: @AmazonHelp No. That is the problem. The last I received is about my order. I tried reset my password couple times, but ",account_access,,unclear,,
conv_111878,0,5,delivery_issue,keyword,"Hi @AmazonHelp how can you get my package “back on track” when it’s already missed it’s next day target, and I’m looking at up to Tuesday? https://t.co/NYiFD4ai4h","[2017-11-23T20:23:43] CUSTOMER: Hi @AmazonHelp how can you get my package “back on track” when it’s already missed it’s next day target, and I’m looking at up to Tuesday? https://t.co/NYiFD4ai4h
[2017-11-23T20:24:55] CUSTOMER: @AmazonHelp ... also, where’s the explanation? Tracker has the last update as “out for delivery” at 9.30
This morning.
[2017-11-23T20:32:00] SUPPORT: @140843 I'm sorry your order has been delayed. While delays are rare, they can occur. If you have received your order by 21",delivery_issue,,unclear,,
conv_2241070,3,4,delivery_issue,keyword,"@AmazonHelp my parcel says it’s been delivered to the address I selected, yet it hasn’t? HELP","[2017-10-19T17:09:07] CUSTOMER: @AmazonHelp my parcel says it’s been delivered to the address I selected, yet it hasn’t? HELP
[2017-10-19T17:12:01] SUPPORT: @368696 Oh no! Have you tried the steps listed here: https://t.co/BP6yYfmNKx Please let us know if that helps! ^LB
[2017-10-19T17:13:50] CUSTOMER: @AmazonHelp They don’t help. There’s no card or anywhere else it could have been delivered.
[2017-10-19T17:19:29] SUPPORT: @368696 I'm sorry about this issue! We'd like to help further. When you c",delivery_issue,,unclear,,
conv_1572206,7,10,non_english,keyword,@AmazonHelp quiero quitar la subscripción de Kindle,"[2017-11-04T13:55:00] CUSTOMER: @AmazonHelp quiero quitar la subscripción de Kindle
[2017-11-04T13:57:00] SUPPORT: @484671 Hola Juan, puedes gestionar tu suscripción de Kindle Unlimited en este enlace: https://t.co/Kjpz9Dyda0. ^LG
[2017-11-04T13:59:52] CUSTOMER: @AmazonHelp No me pone nada de eso
[2017-11-04T14:02:26] SUPPORT: @484671 ¿Qué te indica en el sitio web, Juan? ¿La membresía que deseas cancelar es Kindle Unlimited o Prime? ^LG
[2017-11-04T14:04:21] CUSTOMER: @AmazonHelp Esto es lo que",non_english,{'product': 'Kindle'},unclear,,
conv_1147865,7,5,non_english,keyword,@AmazonHelp hay alguna manera de hacer que NUNCA me entreguen los paquetes la gente de ASM?? Gracias,"[2017-10-24T14:07:45] CUSTOMER: @AmazonHelp hay alguna manera de hacer que NUNCA me entreguen los paquetes la gente de ASM?? Gracias
[2017-10-24T14:16:31] SUPPORT: @390140 Hola, ¿qué ha sucedido? ¿Se ha presentado alguna situación o inconveniente con un pedido pendiente de entrega? ^KS
[2017-10-24T14:19:46] CUSTOMER: @AmazonHelp Tienen mejor horario que cualquier trabajo! Ponen problemas a entregar por la tarde (a las 6), la oficina cierra a las 7 y no llego,siempre=
[2017-10-24T14:22:01] SUPPOR",non_english,,unclear,,
conv_869844,14,6,delivery_issue,keyword,Hey @AmazonHelp is it normal for a Prime delivery to take 4 days and counting? Its been out for delivery all this week.,"[2017-10-20T16:19:45] CUSTOMER: Hey @AmazonHelp is it normal for a Prime delivery to take 4 days and counting? Its been out for delivery all this week.
[2017-10-20T16:28:37] SUPPORT: @326539 To clarify, have we missed the delivery date provided in checkout/e-mail: https://t.co/7VrGbfmCop Let us know! ^KN
[2017-10-21T19:21:02] CUSTOMER: @AmazonHelp Hi I have asked for item to be returned as I doubt it will ever be delivered to the Amazon locker, how long does this normally take?
[2017-10-21T19:23",delivery_issue,{'product': 'Prime'},unclear,,
conv_2403896,11,7,delivery_issue,keyword,"Hey @AmazonHelp! I need to file a claim on a package. It never showed up, but says delivered. Please and thank you for the assistance!","[2017-11-14T14:27:08] CUSTOMER: Hey @AmazonHelp! I need to file a claim on a package. It never showed up, but says delivered. Please and thank you for the assistance!
[2017-11-14T14:37:32] SUPPORT: @691498 Hello, we can certainly help with this. Was the package you were expecting sold directly by us or a third party seller ? ^CR
[2017-11-14T14:49:09] CUSTOMER: @AmazonHelp I believe it was sold by a third party: BarketShop.
[2017-11-14T14:55:33] SUPPORT: @691498 Have you tried contacting the sell",delivery_issue,,unclear,,
conv_1362515,9,3,prime_subscription,cluster_hint,Where's my Super Mario Odyssey @AmazonHelp? I preordered the day it was available and I receive an email it's delayed? Why?,"[2017-10-27T20:24:25] CUSTOMER: Where's my Super Mario Odyssey @AmazonHelp? I preordered the day it was available and I receive an email it's delayed? Why?
[2017-10-27T20:32:26] SUPPORT: @437246 Hey, Luca! Sometimes unforeseen circumstances can cause delivery delays. Please keep us updated on your delivery. ^LA
[2017-10-27T20:38:04] CUSTOMER: @AmazonHelp I don't find that reassuring and has me reevaluating my need for an Amazon Prime account.",prime_subscription,{'product': 'Prime'},unclear,,
conv_936711,16,3,account_access,cluster_hint,"@AmazonHelp my husband received two parcels this week he didn’t order, he doesn’t even have an account, is this a scam????","[2017-10-21T17:56:37] CUSTOMER: @AmazonHelp my husband received two parcels this week he didn’t order, he doesn’t even have an account, is this a scam????
[2017-10-21T18:06:01] SUPPORT: @342055 I'm sorry for the unexpected parcels! We can look further into this with you here: https://t.co/zYVX1Qi29G ^WJ
[2017-10-21T18:23:09] CUSTOMER: @amazonhelp thanks for the quick response, I’ve sent an email",account_access,,unclear,,
conv_1554400,16,14,delivery_issue,keyword,Beware of buying any product from @115850 @AmazonHelp specially card payments. Product status #Delivered from tuesday but not yet deliver. https://t.co/gTYl52iKus,"[2017-11-04T11:25:48] CUSTOMER: Beware of buying any product from @115850 @AmazonHelp specially card payments. Product status #Delivered from tuesday but not yet deliver. https://t.co/gTYl52iKus
[2017-11-04T11:32:00] SUPPORT: @480793 I'm sorry for the inaccurate tracking update, have you reported this to our support team 1/2 ^MJ
[2017-11-04T11:32:30] SUPPORT: @480793 here: https://t.co/vlvfJr4nN9? We'll take necessary actions to make things right. 2/2 ^MJ
[2017-11-04T11:35:27] CUSTOMER: @AmazonH",delivery_issue,,unclear,,
conv_1741008,5,10,delivery_issue,keyword,@AmazonHelp my Prime package still hasn't arrived for the second day in a row now. Unfair considering I paid for a next day service?,"[2017-11-07T17:11:02] CUSTOMER: @AmazonHelp my Prime package still hasn't arrived for the second day in a row now. Unfair considering I paid for a next day service?
[2017-11-07T17:12:19] CUSTOMER: @AmazonHelp And you can't blame the carrier because the carrier is AMAZON SHIPPING
[2017-11-07T17:13:31] SUPPORT: @525269 So sorry to hear this! What is the current status of your parcel? You can check here: https://t.co/aaDyEz1VgE ^MW
[2017-11-07T17:14:21] CUSTOMER: @AmazonHelp  https://t.co/zK0nlwXjF",delivery_issue,{'product': 'Prime'},unclear,,
conv_2676601,9,11,delivery_issue,keyword,Why do I pay for @14389  when the stuff doesn't arrive in the 2 day window. I could have gone to @Walmart and bought it @AmazonHelp,"[2017-11-19T05:22:53] CUSTOMER: Why do I pay for @14389  when the stuff doesn't arrive in the 2 day window. I could have gone to @Walmart and bought it @AmazonHelp
[2017-11-19T05:58:00] SUPPORT: @150279 I'm sorry for the frustration, Jon! Did we miss the confirmed delivery date? You can find out here: https://t.co/Y5jpI9gRhE ^JP
[2017-11-19T12:55:09] CUSTOMER: @AmazonHelp Yeppers :( my first prime order this year lol. Bought it Thursday it's Sunday and it says it's late. Really wanted to watch i",delivery_issue,"{'order_id': '111-9285288-3883429', 'product': 'Prime'}",unclear,,
conv_757120,18,5,refund_return,keyword,Duping customers with Exchange scheme. Never dlvrd my order and now initiated the refund. asking to re-order in 5k more @115821 @AmazonHelp,"[2017-10-11T18:32:24] CUSTOMER: Duping customers with Exchange scheme. Never dlvrd my order and now initiated the refund. asking to re-order in 5k more @115821 @AmazonHelp
[2017-10-11T18:53:26] SUPPORT: @300935 I'm sorry to hear this. Did you happen to escalate this to our support team here: https://t.co/T6y6Xlutbs? ^VN
[2017-10-12T09:45:17] CUSTOMER: @AmazonHelp Yes i did and they said that they said they are providing me with Replacement and i will get the order in 4 days and app showed the sa",refund_return,,unclear,,
conv_2276497,17,7,delivery_issue,keyword,@115830 @AmazonHelp I am a Prime member yet I am still waiting for my goods ordered on Thursday!!! So much for next day delivery - anyone else had the same problem? 👎🏽👎🏽👎🏽👎🏽,"[2017-11-11T17:23:42] CUSTOMER: @115830 @AmazonHelp I am a Prime member yet I am still waiting for my goods ordered on Thursday!!! So much for next day delivery - anyone else had the same problem? 👎🏽👎🏽👎🏽👎🏽
[2017-11-11T17:35:03] SUPPORT: @662096 I'm sorry your order still hasn't arrived! Has the delivery date changed from when you placed the order? ^VS
[2017-11-11T17:36:05] CUSTOMER: @AmazonHelp Yes it changed to today but it’s not making any difference is it?
[2017-11-11T17:38:50] SUPPORT: @6620",delivery_issue,{'product': 'Prime'},unclear,,
conv_180940,15,6,billing_payment,keyword,@AmazonHelp I've preordered the new star wars battlefront 2 on ps4 but haven't received my beta code yet,"[2017-10-04T11:48:14] CUSTOMER: @AmazonHelp I've preordered the new star wars battlefront 2 on ps4 but haven't received my beta code yet
[2017-10-04T12:06:54] SUPPORT: @158502 Sorry to hear. When did you pre-order the game? ^MC
[2017-10-04T12:07:27] CUSTOMER: @AmazonHelp I preorder it earlier today, how long does the beta code normally take to come through?
[2017-10-04T12:43:14] SUPPORT: @158502 You should receive it within 24 hours of placing your order. ^KH
[2017-10-04T12:43:53] CUSTOMER: @Ama",billing_payment,,unclear,,
conv_2252986,7,2,non_english,keyword,¿Aunque lo haya pedido en preventa lo van a empezar a enviar hasta el 14? @AmazonHelp @116875 https://t.co/lXo9Tt5Ihh,"[2017-11-10T20:21:57] CUSTOMER: ¿Aunque lo haya pedido en preventa lo van a empezar a enviar hasta el 14? @AmazonHelp @116875 https://t.co/lXo9Tt5Ihh
[2017-11-10T20:32:52] SUPPORT: @188213 ¡Hola, Aria! En este caso has reservado este producto con tu compra y en cuanto tengamos una fecha estimada de entrega para ti, te enviaremos un correo electrónico confirmándote toda la información. ¡Saludos! ^ES",non_english,,unclear,,
conv_2822350,3,4,billing_payment,keyword,@AmazonHelp i ordered something with a gift card and it was enough and a few hours later i just got this saying payment declined &amp; i have to pay 41¢ which is fine but it won’t let me put my card i,"[2017-11-27T07:44:53] CUSTOMER: @AmazonHelp i ordered something with a gift card and it was enough and a few hours later i just got this saying payment declined &amp; i have to pay 41¢ which is fine but it won’t let me put my card information since the giftcard is there. Help? https://t.co/qSrDCO3VG8
[2017-11-27T07:56:00] SUPPORT: @711850 Hello, if you have an active debit/credit card on your account you should be able to manage the payment method. Take a look at this link:https://t.co/jzwN9XHIL",billing_payment,,unclear,,
conv_1972809,5,5,prime_subscription,keyword,@AmazonHelp hi is Amazon Prime not next day anymore?,"[2017-11-26T10:21:00] CUSTOMER: @AmazonHelp hi is Amazon Prime not next day anymore?
[2017-11-26T10:25:52] SUPPORT: @386456 Hi Sam, yes Prime still offers One day delivery. Since we are in a busy period some orders might have extended delivery window: https://t.co/r9VnM1jVnU. Is there any outstanding order you are having issues with?^MA
[2017-11-26T10:27:05] CUSTOMER: @AmazonHelp No but I just ordered a book and it won't be here til Wednesday, and a lot of other things are saying Tuesday or Wedn",prime_subscription,{'product': 'Prime'},unclear,,
conv_1384821,9,4,delivery_issue,keyword,@AmazonHelp my card got lost and cancelled. Is Amazon prime gonna be mad at me now? What do I do in other words!,"[2017-10-28T08:50:25] CUSTOMER: @AmazonHelp my card got lost and cancelled. Is Amazon prime gonna be mad at me now? What do I do in other words!
[2017-10-28T08:53:30] SUPPORT: @442248 Hey- Sorry to hear about your card. Have you added a new one to your account? ^NV
[2017-10-28T09:27:26] CUSTOMER: @AmazonHelp Not yet, where do I go to do that?
[2017-10-28T09:56:25] SUPPORT: @442248 Hey, you can update your payment method here - https://t.co/Gvc6neSSKt ^TP",delivery_issue,{'product': 'Prime'},unclear,,
conv_284823,6,2,billing_payment,keyword,"@AmazonHelp I've had 10.99 taken from my bank on 5th October, when I haven't placed an order since 22nd Jan, nor do I have a prime account?","[2017-10-06T13:17:43] CUSTOMER: @AmazonHelp I've had 10.99 taken from my bank on 5th October, when I haven't placed an order since 22nd Jan, nor do I have a prime account?
[2017-10-06T13:52:31] SUPPORT: @183850 Uh-oh, we're more than happy to help! Read more on unknown charges here:https://t.co/tdvlYOCn2o Let us know how it goes! ^SA",billing_payment,{'product': 'Prime'},unclear,,
conv_339915,3,5,delivery_issue,keyword,"@AmazonHelp hey, i tried to do my own haircut today. For unrelated reasons (:p) I'm looking for beanie delivery ASAP. Any help on my order ?","[2017-10-07T23:47:04] CUSTOMER: @AmazonHelp hey, i tried to do my own haircut today. For unrelated reasons (:p) I'm looking for beanie delivery ASAP. Any help on my order ?
[2017-10-08T00:04:00] SUPPORT: @197174 Uh oh! At least fall is the perfect time to wear a beanie! What does tracking show here: https://t.co/YwHj5wsWUl? ^MB
[2017-10-08T00:07:40] CUSTOMER: @AmazonHelp It says arriving Monday. But it would be really awesome that I get it by Sunday, so that I only have 1 embarrassing ride to co",delivery_issue,{'product': 'Prime'},unclear,,
conv_842114,17,8,non_english,keyword,"@AmazonHelp I'm using apple IOS 11 in that Amazon app is nt rotating (🔄) orientation , i have checked with apple no issue frm they side 🙏","[2017-10-20T13:12:29] CUSTOMER: @AmazonHelp I'm using apple IOS 11 in that Amazon app is nt rotating (🔄) orientation , i have checked with apple no issue frm they side 🙏
[2017-10-20T13:28:31] SUPPORT: @126369 Have you tried restarting the device? ^HA
[2017-10-20T13:32:07] CUSTOMER: @AmazonHelp Yes did every thing no use. Till yesterday was working fine. Pls do nedd full &amp; update me the status 🙏
[2017-10-20T13:58:26] SUPPORT: @126369 Dinesh, please delete the cookies and try uninstalling and ",non_english,,unclear,,
conv_2843720,15,4,delivery_issue,keyword,@AmazonHelp is there a specific carrier who will be delivering my parcel from Amazon? I used the One-day prime delivery service,"[2017-11-27T17:22:37] CUSTOMER: @AmazonHelp is there a specific carrier who will be delivering my parcel from Amazon? I used the One-day prime delivery service
[2017-11-27T17:33:30] SUPPORT: @791114 Once the parcel is shipped you can find the carrier here: https://t.co/aaDyEz1VgE ^AD
[2017-11-27T17:34:32] CUSTOMER: @AmazonHelp Thank you, I have already used that but was hoping to know which carrier was delivering it.
[2017-11-27T17:52:00] SUPPORT: @791114 Unfortunately, there's no way of knowing",delivery_issue,{'product': 'Prime'},unclear,,
conv_1548337,11,10,billing_payment,keyword,Wayfaring by Tikuli https://t.co/Z1vnpFMkTu via @115850 @AmazonHelp This is the link to the book. Just as info. The browsing categories are now removed. The other book is listed wrongly. I have follow,"[2017-11-26T03:01:23] CUSTOMER: Wayfaring by Tikuli https://t.co/Z1vnpFMkTu via @115850 @AmazonHelp This is the link to the book. Just as info. The browsing categories are now removed. The other book is listed wrongly. I have followed all instructions. Can't they just be put rightly? #fail
[2017-11-26T03:12:01] SUPPORT: @152508 I understand your concern regarding the browsing categories. Please reply to the correspondence with your concern and we will look into it. ^AH
[2017-11-26T03:13:27] CUST",billing_payment,,unclear,,
conv_2083434,3,7,technical_app,keyword,"@116935 @AmazonHelp Can either of you help with this? Just says ""Something went wrong. There are no items to display"" All other apps work, i.e. Amazon Video etc.","[2017-11-08T09:11:25] CUSTOMER: @116935 @AmazonHelp Can either of you help with this? Just says ""Something went wrong. There are no items to display"" All other apps work, i.e. Amazon Video etc.
[2017-11-08T09:32:26] SUPPORT: @616174 Hey Chris, have you tried clearing cookies and cache on the app? ^RS
[2017-11-08T09:33:02] CUSTOMER: @AmazonHelp Yeah, I did a factory reset yesterday as well. :(
[2017-11-08T09:38:37] CUSTOMER: @AmazonHelp Weird, it's literally just started working again, haven't do",technical_app,,unclear,,
conv_197728,17,3,non_english,keyword,@AmazonHelp trying to log in on the app &amp; on the normal website and keep getting this and a random email address keeps coming up on the app? https://t.co/IaCLLx9bJf,"[2017-10-04T14:05:45] CUSTOMER: @AmazonHelp trying to log in on the app &amp; on the normal website and keep getting this and a random email address keeps coming up on the app? https://t.co/IaCLLx9bJf
[2017-10-04T14:20:00] SUPPORT: @162504 Have you received an e-mail about any changes made to your account? ^TR
[2017-10-04T14:20:44] CUSTOMER: @AmazonHelp No I haven’t x",non_english,,unclear,,
conv_1378152,12,9,delivery_issue,keyword,@AmazonHelp Amazon did'nt deliver product (4-2197264-7157136) in 50 days. After waiting 4 so long I didn't get product delivered but refund,"[2017-10-28T03:34:14] CUSTOMER: @AmazonHelp Amazon did'nt deliver product (4-2197264-7157136) in 50 days. After waiting 4 so long I didn't get product delivered but refund
[2017-10-28T03:38:00] SUPPORT: @440824 I'm sorry about the delay. Have you reported this to our team here: https://t.co/vlvfJr4nN9 ? (1/2) ^GK
[2017-10-28T03:38:30] SUPPORT: @440824 Please don't provide your order details, as we consider them to be personal info. Our page is visible to the public. (2/2) ^GK
[2017-10-28T04:10:1",delivery_issue,,unclear,,
conv_1263914,6,4,billing_payment,keyword,@AmazonHelp there are four payments on my bank account for amazon since July that I don’t know what they are for. Please help!,"[2017-10-26T11:43:46] CUSTOMER: @AmazonHelp there are four payments on my bank account for amazon since July that I don’t know what they are for. Please help!
[2017-10-26T11:58:00] SUPPORT: @121296 Do you know the amounts that you are being charged?^CD
[2017-10-26T13:24:46] CUSTOMER: @AmazonHelp £7.99 each time
[2017-10-26T13:35:29] SUPPORT: @121296 Oh no! We'd love to help get this sorted! Reach us here via phone and we'll look at this together: https://t.co/JzP7hlA23B ^KN",billing_payment,,unclear,,
conv_516592,15,11,non_english,keyword,8:12pm EST and STILL no Package😐😑 @AmazonHelp,"[2017-12-02T01:13:26] CUSTOMER: 8:12pm EST and STILL no Package😐😑 @AmazonHelp
[2017-12-02T01:16:55] SUPPORT: @237846 Oh no! I hate to hear that. Who was the carrier for this order? That information is here: https://t.co/Y5jpI9gRhE ^BL
[2017-12-02T01:18:50] CUSTOMER: @AmazonHelp UPS is the Carrier.
[2017-12-02T01:26:02] SUPPORT: @237846 Thank you for letting us know. Does the latest tracking on their website give any insight to the delay, or clarify a new delivery date? ^MV
[2017-12-02T01:29:02] ",non_english,,unclear,,
conv_504986,8,6,delivery_issue,keyword,"Okay another update, @115821 emailed me to tell me they replaced one item out of the four items in my package(the free one) even though the whole package wasn’t received. @AmazonHelp","[2017-12-01T20:35:41] CUSTOMER: Okay another update, @115821 emailed me to tell me they replaced one item out of the four items in my package(the free one) even though the whole package wasn’t received. @AmazonHelp
[2017-12-01T20:43:26] SUPPORT: @235057 I'm so sorry for this poor experience. This isn't what we intend to happen with your orders! Have you received any other e-mails referencing a refund or replacement for the remainder of your items that are missing? We're here to help! ^HS
[2017-1",delivery_issue,,unclear,,
conv_317626,8,6,billing_payment,keyword,@AmazonHelp have ordered one plus 3t from Amazon sale on no cost emi. Now bank is charging amount with interest. What is the benefit of it?,"[2017-10-07T08:21:54] CUSTOMER: @AmazonHelp have ordered one plus 3t from Amazon sale on no cost emi. Now bank is charging amount with interest. What is the benefit of it?
[2017-10-07T09:04:30] SUPPORT: @191805 I'm sorry for the trouble, did you contact our customer service team here: https://t.co/vlvfJr4nN9? ^SI
[2017-10-07T09:16:16] CUSTOMER: @AmazonHelp Yes. But they are clearly saying that i did not choose the option of no cost emi. I was shown the total amount which was payable
[2017-10-07T",billing_payment,,unclear,,
conv_990781,11,19,delivery_issue,keyword,"@149473 @AmazonHelp 
buyer keeps calling, package continues to occupy drawing room, refund delays, money blocked https://t.co/otsO9tZOqD","[2017-10-14T10:46:58] CUSTOMER: @149473 @AmazonHelp 
buyer keeps calling, package continues to occupy drawing room, refund delays, money blocked https://t.co/otsO9tZOqD
[2017-10-14T11:15:32] SUPPORT: @354113 We have responded to your concern here: https://t.co/GvKgfNqP0u. Kindly check. ^MP
[2017-10-16T12:05:58] CUSTOMER: @149473 @AmazonHelp Pls end this drama. One more pickup reschedule and result is same. Again not picked up. No call. Unbelievable. Wondering whats ur intention.
[2017-10-16T12:1",delivery_issue,,unclear,,
conv_18162,16,7,escalation_needed,keyword,"@AmazonHelp Please help
Your team is not providing support and information properly. They are just ingnoring my request. I need access. https://t.co/VqK97kzHrt","[2017-11-01T05:14:31] CUSTOMER: @AmazonHelp Please help
Your team is not providing support and information properly. They are just ingnoring my request. I need access. https://t.co/VqK97kzHrt
[2017-11-01T05:21:00] SUPPORT: @120035 Since your account is on hold even our hands as customer service are tied. (1/2) ^SI
[2017-11-01T05:22:00] SUPPORT: @120035 I'm sure you will soon receive a reply from our Account Specialist team with an update. (2/2) ^SI
[2017-11-01T05:22:19] CUSTOMER: @AmazonHelp The",escalation_needed,,unclear,,
conv_2902577,4,5,delivery_issue,keyword,"@AmazonHelp really testing my patience now. Received two emails on Saturday to say that both of my parcels were delivered - nowhere to be seen STILL AND IT’S TUESDAY, and now another that was supposed","[2017-11-28T18:33:50] CUSTOMER: @AmazonHelp really testing my patience now. Received two emails on Saturday to say that both of my parcels were delivered - nowhere to be seen STILL AND IT’S TUESDAY, and now another that was supposedly delivered today, is not here! What’s going on Amazon?!😡
[2017-11-28T18:37:30] SUPPORT: @803932 I'm so sorry to hear this is still an issue, Annabel. Have you had a moment to reach us via phone or chat? If so, what information/options were you given? ^BL
[2017-11-28",delivery_issue,,unclear,,
conv_1005969,1,33,refund_return,keyword,"@115821 @AmazonHelp u r terrible, 2 defective items in an order. U can only replace one. Amazon representatives very impolite,makes fun o me","[2017-10-22T19:36:40] CUSTOMER: @115821 @AmazonHelp u r terrible, 2 defective items in an order. U can only replace one. Amazon representatives very impolite,makes fun o me
[2017-10-22T19:43:32] SUPPORT: @358096 I'm sorry for the poor experience! When you spoke with us, did we provide any info on why we cannot send a replacement?^WT
[2017-10-22T19:51:38] CUSTOMER: @AmazonHelp Because your policies. But what annoyed me more was ur rep attitude. Which is proving to be a constant
[2017-10-22T20:10:",refund_return,{'product': 'Kindle'},unclear,,
conv_2317943,17,4,delivery_issue,keyword,"@AmazonHelp I've had a parcel updated to ""handed to resident"" yesterday while we were all out - so I would love to know who it has been handed to and where it has gone.  No card left either.","[2017-11-13T09:27:17] CUSTOMER: @AmazonHelp I've had a parcel updated to ""handed to resident"" yesterday while we were all out - so I would love to know who it has been handed to and where it has gone.  No card left either.
[2017-11-13T09:51:00] SUPPORT: @142701 Hi Ben, I'm sorry about this. Have you had a chance to check with your neighbours to see if they've received the parcel on your behalf? ^PJ
[2017-11-14T18:56:01] CUSTOMER: @AmazonHelp Turns out it had gone two doors along, annoying that n",delivery_issue,,unclear,,
conv_180511,0,20,billing_payment,keyword,"@AmazonHelp hey. I ordered battlefront 2 for ps4 a long time ago. Never received a beta key.Just got ""hung up"" on chat after asking about it","[2017-10-04T11:24:08] CUSTOMER: @AmazonHelp hey. I ordered battlefront 2 for ps4 a long time ago. Never received a beta key.Just got ""hung up"" on chat after asking about it
[2017-10-04T11:24:30] CUSTOMER: @AmazonHelp  https://t.co/hlLW4nKbZb
[2017-10-04T11:24:47] CUSTOMER: @AmazonHelp The next line is Ley ending chat. Wtf is this
[2017-10-04T11:34:00] SUPPORT: @158445 Apologizes for the misunderstanding- When you spoke to Yineeta what was advised with regards your order? ^NV
[2017-10-04T11:34:45",billing_payment,{'order_id': '112-2940236-9682656'},unclear,,
conv_2946755,19,9,non_english,keyword,"Bonjour @120533 @AmazonHelp j'ai un soucis avec une livraison de commande marqué ""en retard, endommagé"" sur le suivi de colis possible d'en discuter ?","[2017-11-29T15:56:46] CUSTOMER: Bonjour @120533 @AmazonHelp j'ai un soucis avec une livraison de commande marqué ""en retard, endommagé"" sur le suivi de colis possible d'en discuter ?
[2017-11-29T16:11:29] SUPPORT: @__WAT__ Bonjour, je suis sincèrement désolée pour le désagrément causé par cet incident. L'avez-vous signalé à notre service client, je vous prie ? ^SB
[2017-11-29T16:45:07] CUSTOMER: @AmazonHelp Si, j'ai pu avoir une réexpédition de mon colis, mais ça fait 2 fois que ça arrive dans u",non_english,,unclear,,
conv_120271,14,5,delivery_issue,keyword,"@AmazonHelp due for delivery by 8pm, but not out for delivery yet? Really? I find one of these statements on the same screen hard to believe.  @115830 https://t.co/3R7W1opc3o","[2017-11-23T17:49:19] CUSTOMER: @AmazonHelp due for delivery by 8pm, but not out for delivery yet? Really? I find one of these statements on the same screen hard to believe.  @115830 https://t.co/3R7W1opc3o
[2017-11-23T17:54:55] SUPPORT: @142701 Couriers can sometimes deliver as late as 10pm. Please keep us updated on the arrival!  ^KH
[2017-11-23T22:35:38] CUSTOMER: @AmazonHelp Since this is a S&amp;S order and my delivery date is Monday it’s not such a problem, more annoyed at being told it wo",delivery_issue,,unclear,,
conv_2924535,4,3,delivery_issue,keyword,"Seriously, @AmazonHelp, why am I even paying for Prime? Saying “we’re sorry your package will be late” doesn’t really fix anything. https://t.co/b1nceQMfdN","[2017-11-29T02:14:08] CUSTOMER: Seriously, @AmazonHelp, why am I even paying for Prime? Saying “we’re sorry your package will be late” doesn’t really fix anything. https://t.co/b1nceQMfdN
[2017-11-29T03:03:31] SUPPORT: @434727 I'm sorry for the frustration! We'd like to assist. Without providing any order/personal information, are you having an issue with a current order as well? ^SJ
[2017-11-29T03:59:37] CUSTOMER: @AmazonHelp Yes, it has not been delivered yet. The latest update said if it’s no",delivery_issue,{'product': 'Prime'},unclear,,
conv_231806,0,8,billing_payment,keyword,@AmazonHelp @116439 screen mirroring gives only pixilated display after latest update. Please help,"[2017-10-03T09:36:25] CUSTOMER: @AmazonHelp @116439 screen mirroring gives only pixilated display after latest update. Please help
[2017-10-03T10:04:00] SUPPORT: @171208 Sorry about that. Kindly drop in your details here: https://t.co/Jj9Ym64dNO and we'll work on it. ^NS
[2017-10-03T11:37:18] CUSTOMER: @AmazonHelp I have filled the form, can you help??
[2017-10-03T11:50:00] SUPPORT: @171208 We've received your details and we will reach out to you shortly. ^GK
[2017-10-05T10:14:40] CUSTOMER: @Ama",billing_payment,,unclear,,
conv_781673,0,3,billing_payment,keyword,@AmazonHelp As or your portal I should receive my product by today but it's still showing in transit at Maharashtra. Since 7th no update. https://t.co/PNJ2ptuWBv,"[2017-10-12T06:30:21] CUSTOMER: @AmazonHelp As or your portal I should receive my product by today but it's still showing in transit at Maharashtra. Since 7th no update. https://t.co/PNJ2ptuWBv
[2017-10-12T06:49:29] SUPPORT: @158484 This delay was unintended from our end. Kindly reach our support team here: https://t.co/vlvfJr4nN9. We'll have it checked. ^GS
[2017-10-12T06:50:00] SUPPORT: @158484 Please don’t provide your details here as we consider them to be personal information. Our page is v",billing_payment,,unclear,,
conv_1325559,10,4,non_english,keyword,Ou est mon colis @120533 @AmazonHelp  num de suivi : 1zay35976826890919,"[2017-10-27T11:12:25] CUSTOMER: Ou est mon colis @120533 @AmazonHelp  num de suivi : 1zay35976826890919
[2017-10-27T11:23:05] SUPPORT: @429302 Bonjour, selon le suivi votre colis a été deposé en boîte aux lettres le 26 octobre 2017, je vous prie de vérifier.^FT
[2017-10-27T11:23:22] CUSTOMER: @AmazonHelp Ok merci !
[2017-10-27T11:24:28] SUPPORT: @429302 À votre service",non_english,,unclear,,
conv_1224585,2,14,delivery_issue,keyword,@AmazonHelp My parcel has been delivered (UK) but only contains 3 of 5 items. How/where do I complain about the missing things?,"[2017-10-25T16:00:30] CUSTOMER: @AmazonHelp My parcel has been delivered (UK) but only contains 3 of 5 items. How/where do I complain about the missing things?
[2017-10-25T16:06:06] SUPPORT: @407286 I'm sorry that items were missing today, Karen! Were the items sold by Amazon or third-party? https://t.co/aaDyEz1VgE ^FR
[2017-10-25T16:10:18] CUSTOMER: @AmazonHelp One was a third party &amp; one Amazon but all 5 listed as being in this parcel, but 2 were missing. Parcel wasn't damaged or opened.
[",delivery_issue,,unclear,,
conv_318761,8,20,delivery_issue,cluster_hint,"@115850 @AmazonHelp received incomplete product from amazon and now nobody is helping me in this regards,.","[2017-10-07T10:37:28] CUSTOMER: @115850 @AmazonHelp received incomplete product from amazon and now nobody is helping me in this regards,.
[2017-10-07T10:58:33] SUPPORT: @164814 Kindly get in touch with us here: https://t.co/CsOuHmQLk8 and we’ll be glad to help you. ^AG
[2017-10-10T07:15:27] CUSTOMER: @AmazonHelp i already make a complaint . but still waiting for solution .
[2017-10-10T07:20:02] CUSTOMER: @AmazonHelp @115851 received incomplete product now @115850 not giving me getting return of",delivery_issue,,unclear,,
conv_2382540,1,4,billing_payment,keyword,@AmazonHelp Spending all my time wasting it dealing with amazon and waiting for amazon to get its cr together. 2/2,"[2017-11-14T06:00:43] CUSTOMER: @AmazonHelp Spending all my time wasting it dealing with amazon and waiting for amazon to get its cr together. 2/2
[2017-11-14T06:19:29] SUPPORT: @132485 Apologies for the unpleasant experience you've had. I'll certainly pass on your feedback to the relevant team internally to ensure such instances aren't repeated in the further. ^EM
[2017-11-14T06:27:50] CUSTOMER: @AmazonHelp the last 2-3 wks all I've heard from amazon is we are sorry.Would rather u fix the probl",billing_payment,,unclear,,
conv_1701196,19,9,non_english,keyword,Bonsoir @AmazonHelp ca fait deux fois que je passe commande et deux fois consécutifs que mes colis arrivent en retard tout étant Prime,"[2017-10-17T17:07:45] CUSTOMER: Bonsoir @AmazonHelp ca fait deux fois que je passe commande et deux fois consécutifs que mes colis arrivent en retard tout étant Prime
[2017-10-17T17:22:01] SUPPORT: @515828 Bonsoir, je suis désolée d'apprendre cela.
S'agit-il du même transporteur pour les deux livraisons ? ^BR
[2017-10-17T17:22:41] CUSTOMER: @AmazonHelp Oui @132988
[2017-10-17T17:32:27] SUPPORT: @515828 Avez-vous signalé ces retards de livraison à notre service client? ^ASZ
[2017-10-17T17:32:58] ",non_english,{'product': 'Prime'},unclear,,
conv_302622,15,2,delivery_issue,keyword,Oh gee thank you @115830 @AmazonHelp I didnt know that with my purchase I also got a package beating for free! (Sarcasm ) https://t.co/WOU0wQ6OJN,"[2017-10-06T21:46:16] CUSTOMER: Oh gee thank you @115830 @AmazonHelp I didnt know that with my purchase I also got a package beating for free! (Sarcasm ) https://t.co/WOU0wQ6OJN
[2017-10-06T21:50:03] SUPPORT: @188210 I'm sorry your package arrived in this condition! Can you tell us if anything was damaged? ^EZ",delivery_issue,,unclear,,
conv_1470771,5,2,billing_payment,keyword,@AmazonHelp I've had 4 orders in the past week or so. I'm a prime member of those 4 only 2 have actually arrived within two days 1/2,"[2017-11-03T00:36:40] CUSTOMER: @AmazonHelp I've had 4 orders in the past week or so. I'm a prime member of those 4 only 2 have actually arrived within two days 1/2
[2017-11-03T00:46:33] SUPPORT: @327462 I'm sorry for these delays! We'd like to submit carrier feedback for this. Please contact us here: https://t.co/hApLpMlfHN ^HS",billing_payment,{'product': 'Prime'},unclear,,
conv_1566958,6,8,billing_payment,keyword,@AmazonHelp @115830 can you please tell me why money has been taken from my account when I haven’t ordered anything?? 😤🤔,"[2017-10-17T05:40:11] CUSTOMER: @AmazonHelp @115830 can you please tell me why money has been taken from my account when I haven’t ordered anything?? 😤🤔
[2017-10-17T05:43:29] SUPPORT: @483625 I'm sorry for the inconvenience! We'd like to look into this with you, please reach us here: https://t.co/JzP7hlA23B ^DW
[2017-10-17T05:55:59] CUSTOMER: @AmazonHelp Thank you
[2017-10-17T05:58:00] SUPPORT: @483625 You're welcome. Do keep us posted ^CR
[2017-10-17T11:55:46] CUSTOMER: @AmazonHelp Unhappy with",billing_payment,,unclear,,
conv_477710,6,9,escalation_needed,keyword,@AmazonHelp Your customer service team are the worst I have ever dealt with. You keep answering with the same information that does not apply to my issue. Appalling.,"[2017-12-01T11:56:15] CUSTOMER: @AmazonHelp Your customer service team are the worst I have ever dealt with. You keep answering with the same information that does not apply to my issue. Appalling.
[2017-12-01T11:59:28] SUPPORT: @228484 Without posting any personal info/account details could you describe the issue you are facing and what you have been advised? ^BD
[2017-12-01T12:01:24] CUSTOMER: @AmazonHelp Asked for GC refund as I no longer have access to original CC (it's not closed, I just no",escalation_needed,,unclear,,
conv_535793,16,4,delivery_issue,keyword,@AmazonHelp Hi! Have ordered with nominated delivery tomorrow but just had an email saying you're delivering today - I'm not there - how do I make sure you deliver tomorrow?,"[2017-12-02T12:43:54] CUSTOMER: @AmazonHelp Hi! Have ordered with nominated delivery tomorrow but just had an email saying you're delivering today - I'm not there - how do I make sure you deliver tomorrow?
[2017-12-02T12:46:00] SUPPORT: @244129 Hi Anne-Marie, do you maybe know who is the carrier that is delivering? You can check that here: https://t.co/aaDyEz1VgE.^MA
[2017-12-02T12:48:10] CUSTOMER: @AmazonHelp It says Delivery by Amazon Shipping
[2017-12-02T12:52:02] SUPPORT: @244129 Thanks for ",delivery_issue,,unclear,,
conv_2061672,12,4,delivery_issue,keyword,@AmazonHelp parcel is supposed to be arriving today but the men couldn’t find it on the van. Could you please help ?,"[2017-11-26T11:37:02] CUSTOMER: @AmazonHelp parcel is supposed to be arriving today but the men couldn’t find it on the van. Could you please help ?
[2017-11-26T11:44:00] SUPPORT: @609724 Oh no! I'm so sorry your package was not delivered today as expected! Could you check here,  https://t.co/aaDyEz1VgE and tell me if the delivery date has been updated?
^AV
[2017-11-26T11:45:28] CUSTOMER: @AmazonHelp Sadly not! Even the van men said there should be two parcels and they couldn’t find it! It’s qui",delivery_issue,,unclear,,
conv_1737589,8,2,billing_payment,keyword,@AmazonHelp we have a mail no reply for Amazon.in,"[2017-11-07T09:58:33] CUSTOMER: @AmazonHelp we have a mail no reply for Amazon.in
[2017-11-07T10:11:27] SUPPORT: @520846 You must have received an email from our account speciality team here: https://t.co/VzfDYEQkbu Kindly check. ^SY",billing_payment,,unclear,,
conv_601321,12,11,billing_payment,keyword,@AmazonHelp at  it again I hate calling your call centres RUDE AND DONT LISTEN when I am paying for a service I don't expect the phone to be put down on me when it's a problem at your end not mine,"[2017-12-03T21:18:13] CUSTOMER: @AmazonHelp at  it again I hate calling your call centres RUDE AND DONT LISTEN when I am paying for a service I don't expect the phone to be put down on me when it's a problem at your end not mine
[2017-12-03T21:25:00] SUPPORT: @262653 I'm so sorry to hear this! Without giving personal details, please let us know more about what happened. We'd like to help, if possible. ^BH
[2017-12-03T21:34:14] CUSTOMER: @AmazonHelp Changed bank details online prime video stopped",billing_payment,{'product': 'Prime'},unclear,,
conv_879189,14,8,delivery_issue,cluster_hint,"Guess what? Did @AmazonHelp send WWE 2K18 Deluxe today, like they said they would? Of course not, just like every other preorder this year 💩","[2017-10-13T16:28:26] CUSTOMER: Guess what? Did @AmazonHelp send WWE 2K18 Deluxe today, like they said they would? Of course not, just like every other preorder this year 💩
[2017-10-13T16:40:28] SUPPORT: @328724 Sorry to hear of the trouble! Has the tracking been updated today? You can check here: https://t.co/aaDyEz1VgE ^BL
[2017-10-13T16:59:17] CUSTOMER: @AmazonHelp .Just now Amazon has changed it to delivery tomorrow. This game cost extra money to buy the Deluxe and get it 4 days early (cont.",delivery_issue,,unclear,,
conv_1179718,7,5,non_english,keyword,@AmazonHelp o rastreamento diz que o pedido está em João Pessoa e o endereço de entrega é de Campina Grande.,"[2017-10-24T21:45:06] CUSTOMER: @AmazonHelp o rastreamento diz que o pedido está em João Pessoa e o endereço de entrega é de Campina Grande.
[2017-10-24T21:45:33] CUSTOMER: @AmazonHelp Como é possível qua primeira tentativa de  entrega tenha sido feita?
[2017-10-24T21:48:01] SUPPORT: @397444 Lamento pelo inconveniente. Me diga, o pacote foi enviado pela Amazon ou por um vendedor externo? ^CR
[2017-10-24T21:55:15] CUSTOMER: @AmazonHelp Pela Amazon.
[2017-10-24T22:14:33] SUPPORT: @397444 Obrigado!",non_english,{'product': 'Prime'},unclear,,
conv_436913,0,8,billing_payment,keyword,@115821 @AmazonHelp please see my above tweet,"[2017-10-10T17:10:31] CUSTOMER: @115821 @AmazonHelp please see my above tweet
[2017-10-10T17:16:32] SUPPORT: @143655 I'm sorry we didn't get your package delivered to you, Kari! Can you tell me the status &amp; carrier listed?https://t.co/Y5jpI9gRhE ^FR
[2017-10-10T17:19:47] CUSTOMER: @AmazonHelp This is what it says. But now those strainers that I paid $9.99 for r $7.47. Since I don’t yet have the item can I get back the difference? https://t.co/GyIXx4kUK3
[2017-10-10T17:20:46] CUSTOMER: @Amazo",billing_payment,,unclear,,
conv_379006,0,16,delivery_issue,cluster_hint,@115850 @117795 @AmazonHelp  pls update me with my order status.,"[2017-10-09T05:21:07] CUSTOMER: @115850 @117795 @AmazonHelp  pls update me with my order status.
[2017-10-09T06:02:32] SUPPORT: @167356 Could you please confirm if you've shared your details requested earlier? ^PS
[2017-10-09T13:09:01] CUSTOMER: @AmazonHelp It's 2 pieces Fastrack wrist band. Very poor service by @AmazonHelp
[2017-10-09T13:36:00] SUPPORT: @167356 Certainly not what we intended, Mihir. I hope you've filled in the details in the link provided earlier. ^JC
[2017-10-09T13:37:38] CUST",delivery_issue,,unclear,,
conv_2890510,19,6,non_english,keyword,"@AmazonHelp Bonjour, vendredi j’ai commandé une imprimante 3D, le filament est parti mais toujours pas l’imprimante, y a un problème au niveau de la préparation de la commande ? Je vais la recevoir à ","[2017-11-28T14:20:33] CUSTOMER: @AmazonHelp Bonjour, vendredi j’ai commandé une imprimante 3D, le filament est parti mais toujours pas l’imprimante, y a un problème au niveau de la préparation de la commande ? Je vais la recevoir à temps ? https://t.co/d4XwIZZJ3G
[2017-11-28T14:33:27] SUPPORT: @801364 Bonjour, je suis désolée par rapport à ce retard!
Je vous recommande de vérifier cela avec notre SAV via le lien suivant: https://t.co/hgIrz98cdI ^FT
[2017-11-28T14:46:45] CUSTOMER: @AmazonHelp Mer",non_english,{'product': 'Prime'},unclear,,
conv_390812,9,2,billing_payment,keyword,Grade wieder Amazon Prime gekauft hab es einfach vermisst @AmazonHelp xD,"[2017-10-09T15:07:52] CUSTOMER: Grade wieder Amazon Prime gekauft hab es einfach vermisst @AmazonHelp xD
[2017-10-09T15:47:00] SUPPORT: @208526 Schön zu lesen. Viel Spaß beim Nutzen der Prime Vorteile! 😊 ^VM",billing_payment,{'product': 'Prime'},unclear,,
conv_1271605,4,7,delivery_issue,keyword,Living in a new build house + @AmazonHelp = a circle of delivery hell. 🙄,"[2017-11-25T20:07:47] CUSTOMER: Living in a new build house + @AmazonHelp = a circle of delivery hell. 🙄
[2017-11-25T20:14:00] SUPPORT: @417697 I'm sorry for any trouble you've experienced. Is there a recent parcel you're experiencing trouble with: https://t.co/aaDyEz1VgE? ^ST
[2017-11-25T20:17:59] CUSTOMER: @AmazonHelp The latest one is my partner’s. He’s just come off the phone to you. Apparently the driver couldn’t get to our front door that is visible from the main road. We’ve had 2 parcels ",delivery_issue,,unclear,,
conv_606204,10,2,billing_payment,keyword,@AmazonHelp have sent DM,"[2017-11-22T11:03:05] CUSTOMER: @AmazonHelp have sent DM
[2017-11-22T11:09:55] SUPPORT: @264066 Hey, thanks for letting me know! We'll get back to you as soon as possible. ^TI",billing_payment,,unclear,,
conv_1735428,4,19,billing_payment,keyword,"@AmazonHelp @115850 @115821 
ORDER # 405-1080041-4915538
What shitty Job guys, pathetic https://t.co/tK988ynEBW","[2017-10-17T19:26:14] CUSTOMER: @AmazonHelp @115850 @115821 
ORDER # 405-1080041-4915538
What shitty Job guys, pathetic https://t.co/tK988ynEBW
[2017-10-17T19:42:29] SUPPORT: @524014 I'm sorry the order is returning. I understand how upsetting it can be. I have shared your feedback with the concerned team. ^HA
[2017-10-17T19:43:00] SUPPORT: @524014 Please don't provide your order details, we consider it personal information. Our Twitter page is visible to public. ^HA
[2017-10-17T19:44:37] CUSTOM",billing_payment,{'order_id': '405-1080041-4915538'},unclear,,
conv_2628796,18,10,delivery_issue,keyword,@AmazonHelp Third order placed for an item. Says it should be here tonight but hasn't shipped yet.,"[2017-11-17T16:55:49] CUSTOMER: @AmazonHelp Third order placed for an item. Says it should be here tonight but hasn't shipped yet.
[2017-11-17T17:14:25] CUSTOMER: @AmazonHelp And now finally changed the date until Tuesday. Three weeks is not acceptable for a book that should have been here in 2 days!!
[2017-11-17T17:36:00] SUPPORT: @742451 I'm sorry for the long delay! Have you been given a reason for the delivery date change? ^AL
[2017-11-17T17:41:32] SUPPORT: @742451 Thanks for reaching out to",delivery_issue,{'product': 'Prime'},unclear,,
conv_1434072,1,8,non_english,cluster_hint,"@AmazonHelp I reloaded $25, where is my $5 for reloading with Amazon Cash?","[2017-11-02T22:15:52] CUSTOMER: @AmazonHelp I reloaded $25, where is my $5 for reloading with Amazon Cash?
[2017-11-02T22:24:01] SUPPORT: @251780 The $5 is in the form of a promo credit which will show in checkout when purchasing an item shipped and sold by Amazon. ^TR
[2017-11-02T22:24:47] CUSTOMER: @AmazonHelp It is, but it is not showing up...
[2017-11-02T22:55:00] SUPPORT: @251780 The $5 will show when ordering an item sold and shipped by Amazon. Are you able to see it in checkout? ^JP
[2017",non_english,,unclear,,
conv_729359,3,2,account_access,keyword,"Hey @115821 you login verification codes are not getting sent... ""Resend code"" does not help... @AmazonHelp can you help?","[2017-10-11T09:05:46] CUSTOMER: Hey @115821 you login verification codes are not getting sent... ""Resend code"" does not help... @AmazonHelp can you help?
[2017-10-11T09:12:00] SUPPORT: @222798 Hi Peter. Please get in touch with us here: https://t.co/zYVX1Qi29G and we'll look into this for you. ^RL",account_access,,unclear,,
conv_2184799,17,2,non_english,keyword,@115825 @AmazonHelp warum Kann man #MrRobot #staffel3 noch nicht in der App auf ps4 oder tv sehen ? #schade,"[2017-11-09T17:07:32] CUSTOMER: @115825 @AmazonHelp warum Kann man #MrRobot #staffel3 noch nicht in der App auf ps4 oder tv sehen ? #schade
[2017-11-09T17:42:39] SUPPORT: @314347 Hi, schau mal hier: https://t.co/FW1elnpVnA Du kannst den Titel auch auf die Watchlist setzen und diese dann über die jeweilige App aufrufen. :) Gruß ^MI",non_english,,unclear,,
conv_126827,1,2,general_inquiry,keyword,@AmazonHelp There really is NO help for Amazon customers. This is a pacifier until Monday. I made a big mistake ordering from Amazon not knowing they aren't accountable for their mistakes. If they can,"[2017-11-24T03:17:33] CUSTOMER: @AmazonHelp There really is NO help for Amazon customers. This is a pacifier until Monday. I made a big mistake ordering from Amazon not knowing they aren't accountable for their mistakes. If they cancel your order they choose the item you get and the item they cancel. UNREAL??
[2017-11-24T03:25:31] SUPPORT: @144469 Thanks for reaching out to us today. Did we drop the ball on one of your recent orders? Without providing any personal details, can you give us a bit ",general_inquiry,,unclear,,
conv_2171444,10,2,billing_payment,keyword,@AmazonHelp hi i ordered star wars battlefront 2 for xbox 1 but when i put it in the console to install it wont read the disc but all others work well,"[2017-11-17T21:12:31] CUSTOMER: @AmazonHelp hi i ordered star wars battlefront 2 for xbox 1 but when i put it in the console to install it wont read the disc but all others work well
[2017-11-17T21:17:26] SUPPORT: @636880 I'm so sorry about this. Have you had a chance to look into return / replacement options here: https://t.co/Me9Q4UCxmV? ^GR",billing_payment,,unclear,,
conv_1474030,18,18,delivery_issue,keyword,"@AmazonHelp The new South Park game is supposed to arrive tomorrow, yet hasn't been dispatched yet, any idea why?","[2017-10-16T20:40:02] CUSTOMER: @AmazonHelp The new South Park game is supposed to arrive tomorrow, yet hasn't been dispatched yet, any idea why?
[2017-10-16T20:51:28] SUPPORT: @462186 We can't see orders with Twitter! What is the delivery date based on the order confirmation e-mail? ^DD
[2017-10-16T21:16:40] CUSTOMER: @AmazonHelp 17th of oct. You usually dispatch the day before release, which would be today. But it has yet to be dispatched.
[2017-10-16T21:40:27] SUPPORT: @462186 Hi Christopher,",delivery_issue,,unclear,,
conv_1270200,3,6,billing_payment,keyword,"@AmazonHelp my 10 month old was playing with my firestick controller &amp; managed to order a film despite it having old card details, help! https://t.co/espkKBvOW3","[2017-10-26T14:07:17] CUSTOMER: @AmazonHelp my 10 month old was playing with my firestick controller &amp; managed to order a film despite it having old card details, help! https://t.co/espkKBvOW3
[2017-10-26T14:17:44] SUPPORT: @269384 Oh my! We're here to help, Wayne! Just to clarify, have you been able to cancel the order? https://t.co/1DqTQw1cg7. ^AL.
[2017-10-26T14:22:38] CUSTOMER: @AmazonHelp It started streaming though for about 2 or 3 minutes.
[2017-10-26T14:25:01] SUPPORT: @269384 We'd l",billing_payment,,unclear,,
conv_1761014,10,8,billing_payment,keyword,@115821 @AmazonHelp Ya know if yall werent so lazy i could have gotten it today.  Its been “Preparing for Shipment” since Sunday. https://t.co/4xTNlIaKqy,"[2017-10-17T21:54:38] CUSTOMER: @115821 @AmazonHelp Ya know if yall werent so lazy i could have gotten it today.  Its been “Preparing for Shipment” since Sunday. https://t.co/4xTNlIaKqy
[2017-10-17T21:59:01] SUPPORT: @290388 I'm sorry! Have we missed the intended delivery date stated in your order confirmation e-mail? ^AC
[2017-10-17T21:59:17] CUSTOMER: @AmazonHelp yep
[2017-10-17T22:01:39] SUPPORT: @290388 Is today the delivery date listed on your order confirmation e-mail? ^AN
[2017-10-17T22:0",billing_payment,,unclear,,
conv_2696096,8,12,general_inquiry,keyword,"@AmazonHelp @115828 Spent an hour on chat getting redirected about my games 20% discount, no one knew the policy,","[2017-10-31T18:10:49] CUSTOMER: @AmazonHelp @115828 Spent an hour on chat getting redirected about my games 20% discount, no one knew the policy,
[2017-10-31T18:13:00] SUPPORT: @757623 So sorry for the frustration! What were we able to advise when you called in? Please let us know! ^KJ
[2017-10-31T18:14:30] CUSTOMER: @AmazonHelp All i want is my 20% prime games discount on the 4 amiibo I preordered but no one seemed to know the policy.
[2017-10-31T18:25:31] SUPPORT: @757623 I understand. Did you",general_inquiry,{'product': 'Prime'},unclear,,
conv_2492256,5,5,delivery_issue,keyword,"@115821 @AmazonHelp Sad to say, after 7 years as a Prime member, I am done with Amazon. Weeks of late shipments and bad customer service and now I am no longer a Prime member. Saying ""Get it tomorrow""","[2017-11-15T17:14:14] CUSTOMER: @115821 @AmazonHelp Sad to say, after 7 years as a Prime member, I am done with Amazon. Weeks of late shipments and bad customer service and now I am no longer a Prime member. Saying ""Get it tomorrow"" and then delivering it 6 days later (more then once) is unacceptable.
[2017-11-15T17:48:30] SUPPORT: @711510 This is definitely not the experience we want you to have! Have you reached out to us by phone or chat so that we could take a look into those late shipments ",delivery_issue,{'product': 'Prime'},unclear,,
conv_361382,8,9,billing_payment,keyword,@AmazonHelp when is prime not prime? When you receive something 48hrs later.. #badservice #sorryisntenough #prime #unhappycustomer,"[2017-10-08T17:10:40] CUSTOMER: @AmazonHelp when is prime not prime? When you receive something 48hrs later.. #badservice #sorryisntenough #prime #unhappycustomer
[2017-10-08T17:34:30] SUPPORT: @201577 I'm sorry your parcel didn't arrive as expected! Did we miss the delivery date given upon confirmation: https://t.co/aaDyEz1VgE? ^PF
[2017-10-08T18:13:45] CUSTOMER: @AmazonHelp sure did! Didn’t deliver next day, took me to phone to chase. 15 mins on the phone  - why bother with prime? And only a s",billing_payment,{'product': 'Prime'},unclear,,
conv_2692743,9,2,prime_subscription,keyword,"@AmazonHelp Hi, why #Newton  movie don't have download option? Am using Amazon prime on my mobile.. Am able to download other movies.","[2017-11-19T16:56:57] CUSTOMER: @AmazonHelp Hi, why #Newton  movie don't have download option? Am using Amazon prime on my mobile.. Am able to download other movies.
[2017-11-19T17:14:40] SUPPORT: @124172 Amazon Prime does not have the download option for all the movies, and this is one among them. However, I'll ensure to pass your interest to the concerned team internally and get this reviewed. ^PR",prime_subscription,{'product': 'Prime'},unclear,,
conv_2625974,10,4,delivery_issue,keyword,@AmazonHelp Is there a place on the website to report a missing package? I’d rather avoid the hassle of contacting customer support.,"[2017-10-30T23:46:58] CUSTOMER: @AmazonHelp Is there a place on the website to report a missing package? I’d rather avoid the hassle of contacting customer support.
[2017-10-30T23:51:29] SUPPORT: @403035 I'm sorry you haven't received your order yet. Here's a Help page with regard to the situation: https://t.co/XFYJ8ahOJH ^GM
[2017-10-31T00:29:27] CUSTOMER: @AmazonHelp Yeah, I was just showing someone how unhelpful that page and video were.
[2017-10-31T00:30:12] CUSTOMER: @AmazonHelp Is there a ",delivery_issue,,unclear,,
conv_2607035,14,7,delivery_issue,keyword,"@115821 @AmazonHelp I don’t understand why you guys have such incompetent delivery people my development is two years old and I keep getting packages returned, what is the point of free shipping if pa","[2017-10-30T21:12:31] CUSTOMER: @115821 @AmazonHelp I don’t understand why you guys have such incompetent delivery people my development is two years old and I keep getting packages returned, what is the point of free shipping if packages keep getting returned.
[2017-10-30T21:12:47] CUSTOMER: @115821 @AmazonHelp I just renewed my Amazon prime and it was completely pointless
[2017-10-30T21:24:26] SUPPORT: @670580 I'm so sorry for the delivery trouble! Have you had a chance to reach us for availab",delivery_issue,{'product': 'Prime'},unclear,,
conv_1350329,18,2,billing_payment,keyword,I am NOT happy. @AmazonHelp I COULD BE PLAY MARIO ODYSSEY RIGHT NOW! Where is my order!? https://t.co/3JQ7Llx8uK,"[2017-10-27T17:23:53] CUSTOMER: I am NOT happy. @AmazonHelp I COULD BE PLAY MARIO ODYSSEY RIGHT NOW! Where is my order!? https://t.co/3JQ7Llx8uK
[2017-10-27T17:48:33] SUPPORT: @434875 I'm very sorry about this delay! Please contact us by phone or chat so we can help investigate further: https://t.co/JzP7hlA23B. ^SD",billing_payment,,unclear,,
conv_2777474,15,3,technical_app,keyword,"LEFT AT FRONT DOOR. DIDN'T EVEN KNOCK ON THE BLOODY DOOR. BOOK DENTED, SPINE BROKEN. @AmazonHelp ???????","[2017-11-21T15:17:24] CUSTOMER: LEFT AT FRONT DOOR. DIDN'T EVEN KNOCK ON THE BLOODY DOOR. BOOK DENTED, SPINE BROKEN. @AmazonHelp ???????
[2017-11-21T15:38:39] SUPPORT: @775980 Hi! I apologize for the damage to your book, we never wanted you to have this experience. Here is a link that will help you figure out the best resolution available: https://t.co/Y5jpI9gRhE Let us know if you need anything else! ^DA
[2017-11-21T15:55:44] CUSTOMER: @AmazonHelp Thank you for the response. I will look into it",technical_app,,unclear,,
conv_971831,5,2,billing_payment,keyword,@AmazonHelp is it possible to pay for Prime monthly,"[2017-10-14T06:13:18] CUSTOMER: @AmazonHelp is it possible to pay for Prime monthly
[2017-10-14T06:23:00] SUPPORT: @334894 Hi Mario, it is indeed! Please check details here: https://t.co/IRFMocszk4 ^AT",billing_payment,{'product': 'Prime'},unclear,,
conv_1568727,15,6,delivery_issue,keyword,@AmazonHelp what happens now? Says nothing about whether I will be shipped another or if I can get my $ back. https://t.co/2ENsLDT0qZ,"[2017-11-04T16:34:29] CUSTOMER: @AmazonHelp what happens now? Says nothing about whether I will be shipped another or if I can get my $ back. https://t.co/2ENsLDT0qZ
[2017-11-04T16:38:00] SUPPORT: @483986 I'm sorry for the delivery trouble, Gretchen! You can view avail refund/replace options here: https://t.co/mO5TmcCP0Y ^SD
[2017-11-04T17:54:49] CUSTOMER: @AmazonHelp I can't return the item because it was not delivered to me. I am not seeing a replace option.
[2017-11-04T17:58:00] SUPPORT: @483",delivery_issue,,unclear,,
conv_227921,17,5,non_english,keyword,Unable to add product in cart. What is the use of sale if the app crashes so frequently. @119356 @115850  @AmazonHelp https://t.co/ds3F5QbgnY,"[2017-10-05T08:00:32] CUSTOMER: Unable to add product in cart. What is the use of sale if the app crashes so frequently. @119356 @115850  @AmazonHelp https://t.co/ds3F5QbgnY
[2017-10-05T08:20:33] SUPPORT: @170342 I'm sorry for the trouble. I'll pass the feedback to the concerned team and get this looked into at the earliest. ^AU
[2017-10-05T08:43:15] CUSTOMER: @119356 @115850 @AmazonHelp Well played @AmazonHelp  the prices are increased for both gold and space grey just after my tweet. https://t",non_english,,unclear,,
conv_238917,8,28,billing_payment,keyword,Hi @115850 the payment for a recent order did not go through earlier but now the money has been debited twice. Kindly help. @AmazonHelp,"[2017-09-24T06:07:06] CUSTOMER: Hi @115850 the payment for a recent order did not go through earlier but now the money has been debited twice. Kindly help. @AmazonHelp
[2017-09-24T06:22:52] SUPPORT: @147145 to your account and you should see the refund in 3-5 business days. [2/2] ^ST
[2017-09-24T07:19:29] CUSTOMER: @AmazonHelp I am not sure what has happened as the account isn't showing me the same. But the bank statement showing two debits.
[2017-09-24T08:17:00] SUPPORT: @147145 Please connect ",billing_payment,,unclear,,
conv_381413,8,7,refund_return,keyword,@115850 @AmazonHelp Gt my firestick tv 10 days bk now power adpter stop working.Wn I askd 4 rplacemnt thy suggstd buy new1 later wl refund,"[2017-10-03T17:47:37] CUSTOMER: @115850 @AmazonHelp Gt my firestick tv 10 days bk now power adpter stop working.Wn I askd 4 rplacemnt thy suggstd buy new1 later wl refund
[2017-10-03T18:26:28] SUPPORT: @206451 I'm sorry hear about the adapter. We'd like to look into this, please share your details here: https://t.co/cQVomR1pWz. ^HA
[2017-10-04T06:44:27] CUSTOMER: @AmazonHelp I shared my details....kindly update me with best option instead of buy new &amp; refund later option its long process
[20",refund_return,,unclear,,
conv_1254607,2,6,delivery_issue,keyword,Don't toy with my emotions @AmazonHelp this preorder means so much to me. Give me some good news. Most already received their delivery date. https://t.co/eQnfJmVdsy,"[2017-10-26T04:42:45] CUSTOMER: Don't toy with my emotions @AmazonHelp this preorder means so much to me. Give me some good news. Most already received their delivery date. https://t.co/eQnfJmVdsy
[2017-10-26T06:37:15] CUSTOMER: @414276 @AmazonHelp I haven’t been charged yet either
[2017-10-26T06:46:00] SUPPORT: @263088 What delivery date were you given in your confirmation email? ^KM
[2017-10-26T07:06:54] CUSTOMER: @AmazonHelp I don’t think I have even received one yet.
[2017-10-26T07:10:00] SU",delivery_issue,,unclear,,
conv_1206889,10,9,billing_payment,keyword,"Shame on you @AmazonHelp and shame on you @49465 @50545, two months and no product service","[2017-10-25T08:11:19] CUSTOMER: Shame on you @AmazonHelp and shame on you @49465 @50545, two months and no product service
[2017-10-25T08:13:37] CUSTOMER: @AmazonHelp @49465 @50545 Your service centre has taken my product for a month now, still haven't repaired or returned, what kind of a sham are you people running
[2017-10-25T08:15:55] CUSTOMER: @AmazonHelp @49465 @50545 On repeatedly calling and asking your Mumbai service centre, your representative RESHMA,says, kya hua, it's only been a two ",billing_payment,,unclear,,
conv_320337,7,6,non_english,keyword,"@AmazonHelp Tengo un pedido en curso que me dice que el transportista no localiza la dirección pero esta bien puesta, no lo entiendo","[2017-10-07T12:05:06] CUSTOMER: @AmazonHelp Tengo un pedido en curso que me dice que el transportista no localiza la dirección pero esta bien puesta, no lo entiendo
[2017-10-07T12:07:00] SUPPORT: @192332 ¿Has podido entrar en contacto con el transportista encargado de realizar la entrega para verificar la información? ^VL
[2017-10-07T12:07:47] CUSTOMER: @AmazonHelp La empresa de trasporte de mi pedido es DPD tengo que hablar con ellos en ingles?
[2017-10-07T12:12:00] SUPPORT: @192332 Puedes busc",non_english,,unclear,,
conv_2129006,19,4,non_english,keyword,"@120533 @AmazonHelp Mon colis ne se trouve pas dans ma boîte aux lettres contrairement à ce qui est précisé. Je ne sais pas où il est !
Que faire pour obtenir un remboursement ou se faire renvoyer les","[2017-11-08T19:09:32] CUSTOMER: @120533 @AmazonHelp Mon colis ne se trouve pas dans ma boîte aux lettres contrairement à ce qui est précisé. Je ne sais pas où il est !
Que faire pour obtenir un remboursement ou se faire renvoyer les articles ? https://t.co/NubTNXfNkA
[2017-11-08T19:19:00] SUPPORT: @284674 Désolée pour cela, n'ayant pas accès à votre compte depuis Twitter, merci de le signaler à notre SAV via : https://t.co/hgIrz98cdI
[2017-11-08T19:24:04] CUSTOMER: @AmazonHelp Merci pour votre l",non_english,,unclear,,
conv_1301223,5,3,prime_subscription,keyword,"@AmazonHelp I forgot to cancel before my free trial ended. It says ""Prime Membership has been suspended"" but it won't let me End Membership.","[2017-10-27T00:08:13] CUSTOMER: @AmazonHelp I forgot to cancel before my free trial ended. It says ""Prime Membership has been suspended"" but it won't let me End Membership.
[2017-10-27T00:12:34] SUPPORT: @424117 Uh oh! We'll need you to contact us directly, Salvador! Give us a call or chat here:  https://t.co/hApLpM3Ejd ^JD
[2017-10-27T00:23:01] CUSTOMER: @AmazonHelp Thank you!",prime_subscription,{'product': 'Prime'},unclear,,
conv_2834234,1,3,billing_payment,keyword,@AmazonHelp hi i thought the point of amazon pay was that i could use my balance? Seems like i only get the option to use card (i have enough balance),"[2017-11-27T14:21:06] CUSTOMER: @AmazonHelp hi i thought the point of amazon pay was that i could use my balance? Seems like i only get the option to use card (i have enough balance)
[2017-11-27T14:32:00] SUPPORT: @146721 Hi. Amazon Pay is used to make payments on third party websites using any of your associated payment methods. Although this does not include Amazon Gift Cards. These can only be used on an Amazon site. More info on Amazon Pay here: https://t.co/XvHwwHhbVX ^TI
[2017-11-27T14:33:",billing_payment,,unclear,,
conv_1721498,9,13,billing_payment,keyword,@AmazonHelp bought a Moto G5 Plus Amz Prime Ed but Moto does not rel timely secur fixes. Please rel bootloader unlock codes so we can fix it,"[2017-10-17T18:19:32] CUSTOMER: @AmazonHelp bought a Moto G5 Plus Amz Prime Ed but Moto does not rel timely secur fixes. Please rel bootloader unlock codes so we can fix it
[2017-10-17T18:29:35] SUPPORT: @520962 I'm sorry for the issue! Just to confirm; was this sold and shipped by Amazon or a third-party seller? ^WT
[2017-10-17T18:31:11] CUSTOMER: @AmazonHelp Bought directly from Amazon as a Prime phone.
[2017-10-17T18:32:41] CUSTOMER: @AmazonHelp https://t.co/uC94EQX3rN
[2017-10-17T18:42:33] S",billing_payment,{'product': 'Prime'},unclear,,
conv_2289957,19,6,non_english,keyword,Bonjour @AmazonHelp ! Existe il un moyen de se faire livrer des produits seulement disponible sur https://t.co/cFNVUYnPG4 en France ? (ceci : https://t.co/LfkXHTVPye). Merci :),"[2017-11-12T01:22:17] CUSTOMER: Bonjour @AmazonHelp ! Existe il un moyen de se faire livrer des produits seulement disponible sur https://t.co/cFNVUYnPG4 en France ? (ceci : https://t.co/LfkXHTVPye). Merci :)
[2017-11-12T06:13:51] SUPPORT: @221867 Bonjour, il est possible de se faire livrer des articles disponibles sur notre site partenaire en France. ^SM
[2017-11-12T11:30:10] CUSTOMER: @AmazonHelp C'est quoi la procédure à suivre s'il vous plaît
[2017-11-12T11:50:57] SUPPORT: @221867 Vous chois",non_english,,unclear,,
conv_20052,17,4,non_english,keyword,@AmazonHelp cannot change default wishlist in any app or browser regardless of mobile device. log out/in does not fix. Error message. Advise,"[2017-11-01T06:36:44] CUSTOMER: @AmazonHelp cannot change default wishlist in any app or browser regardless of mobile device. log out/in does not fix. Error message. Advise
[2017-11-01T06:44:29] SUPPORT: @120407 Sorry to hear that. What error message are you getting? ^RS
[2017-11-01T06:58:33] CUSTOMER: @AmazonHelp Amazon has encountered an error. Please try again shortly. This message appears every time I attempt to change my default list for days now.
[2017-11-01T07:13:30] SUPPORT: @120407 My a",non_english,,unclear,,
conv_989727,5,4,delivery_issue,keyword,@AmazonHelp hey there. I’m a Prime member and have just made an order on Prime Now but seem to have been charged £3.99 for delivery... why is this when I have Prime?,"[2017-11-25T10:52:10] CUSTOMER: @AmazonHelp hey there. I’m a Prime member and have just made an order on Prime Now but seem to have been charged £3.99 for delivery... why is this when I have Prime?
[2017-11-25T10:57:00] SUPPORT: @354456 Hey Gareth, you can find more info on Prime Now delivery charges here: https://t.co/4GZXPA1hL2 ^MA
[2017-11-25T10:59:57] CUSTOMER: @AmazonHelp Wait, what? So you take my £79 a year membership fee in return for free delivery and then start charging. 😱 Poor show Am",delivery_issue,{'product': 'Prime'},unclear,,
conv_2914453,14,11,delivery_issue,keyword,"@AmazonHelp hi, I ordered 2 books on Nov 10 on Amazon UK. One was available and  delivered. The other is not yet dispatched. What &amp; when?!","[2017-11-28T22:47:05] CUSTOMER: @AmazonHelp hi, I ordered 2 books on Nov 10 on Amazon UK. One was available and  delivered. The other is not yet dispatched. What &amp; when?!
[2017-11-28T22:59:45] SUPPORT: @806771 Hi, Georgina! Was the book you ordered shipped by Amazon or a seller on our site? You can check the status of your order here: https://t.co/mE0jjlU5uQ  ^SE
[2017-11-28T23:00:43] CUSTOMER: @AmazonHelp By Amazon!! Thus I am annoyed!!
[2017-11-28T23:01:58] CUSTOMER: @806771 @AmazonHelp Go",delivery_issue,,unclear,,
conv_1213038,8,6,billing_payment,keyword,@AmazonHelp @117795 We received an Amazon box of a dozen body lotions that we didn’t order. What now? #weird,"[2017-10-15T23:09:45] CUSTOMER: @AmazonHelp @117795 We received an Amazon box of a dozen body lotions that we didn’t order. What now? #weird
[2017-10-15T23:17:31] SUPPORT: @404725 Was the package addressed to you? Could it have been a gift? ^BH
[2017-10-16T00:19:57] CUSTOMER: @AmazonHelp Yes. And I really doubt it. Any way to check?
[2017-10-16T00:25:00] SUPPORT: @404725 Were there any papers or gift receipts inside the box? ^HC
[2017-10-16T00:35:47] CUSTOMER: @AmazonHelp No papers or gift recei",billing_payment,,unclear,,
conv_936129,2,2,delivery_issue,keyword,@AmazonHelp Your delivery person opened up our side gate to stash a package behind it and let our dog loose. Thanks. #jerks,"[2017-10-13T21:50:12] CUSTOMER: @AmazonHelp Your delivery person opened up our side gate to stash a package behind it and let our dog loose. Thanks. #jerks
[2017-10-13T23:00:00] SUPPORT: @341933 Oh no! I hope your dog is OK! Please let us know more about the incident here: https://t.co/jSY50qgSww so we can assist! ^AD",delivery_issue,,unclear,,
conv_2287876,9,2,non_english,keyword,@AmazonHelp a segunda temporada de O Último Reino já está disponível no Amazon Prime Vídeo para o Brasil? Não encontrei pelo app.,"[2017-11-12T12:33:31] CUSTOMER: @AmazonHelp a segunda temporada de O Último Reino já está disponível no Amazon Prime Vídeo para o Brasil? Não encontrei pelo app.
[2017-11-12T12:40:00] SUPPORT: @664706 Pode conferir os títulos disponíveis clicando no seguinte linkhttps://www.primevideo.com/ ^VL",non_english,{'product': 'Prime'},unclear,,
conv_1646315,6,4,billing_payment,keyword,@AmazonHelp your reason on locking my account was  we closed a account of yours for not meeting the terms  when this account was made first,"[2017-11-06T01:42:56] CUSTOMER: @AmazonHelp your reason on locking my account was  we closed a account of yours for not meeting the terms  when this account was made first
[2017-11-06T02:01:00] SUPPORT: @365456 Hello there! Sorry to hear that you are having account issues. What did our info was our account specialist able to provide? ^JD
[2017-11-06T03:40:07] CUSTOMER: @AmazonHelp they closed my account . i didn't even make a account after and i have other famliy who use amazon so probably he/sh",billing_payment,,unclear,,
conv_1160643,2,2,resolution_confirmation,cluster_hint,@AmazonHelp If I buy something from AllsortsAccessoriesUK but they say Amazon handle the returns does this qualify for free returns? Thanks!,"[2017-10-24T16:26:25] CUSTOMER: @AmazonHelp If I buy something from AllsortsAccessoriesUK but they say Amazon handle the returns does this qualify for free returns? Thanks!
[2017-10-24T16:49:28] SUPPORT: @393061 Hi, Abbie! Please check out our Returns Policy help page here: https://t.co/PnYu5950t0 I hope this helps! ^NS",resolution_confirmation,,unclear,,
conv_2669624,18,9,order_problem,keyword,@AmazonHelp Hi. Just received a heater. It’s a bit damaged. https://t.co/M4ihARye7S,"[2017-11-18T15:07:54] CUSTOMER: @AmazonHelp Hi. Just received a heater. It’s a bit damaged. https://t.co/M4ihARye7S
[2017-11-18T15:14:00] SUPPORT: @721961 Oh my! I'm so sorry the heater arrived damaged, Stuart! You can find the available refund/replace options here: https://t.co/mPOuSMspFb. ^WJ
[2017-11-19T11:00:48] CUSTOMER: @AmazonHelp are we leaving this here? That I have to do it all because you’re team packed a damaged unit?
[2017-11-19T11:40:00] SUPPORT: @721961 The best way for us to assi",order_problem,,unclear,,
conv_924520,7,9,non_english,keyword,"@AmazonHelp Llevo todo el día esperando un paquete q supuestamente iba a llegar hoy y no ha llegado, y x las horas me da q ya no va a llegar","[2017-10-13T18:19:08] CUSTOMER: @AmazonHelp Llevo todo el día esperando un paquete q supuestamente iba a llegar hoy y no ha llegado, y x las horas me da q ya no va a llegar
[2017-10-13T18:22:02] CUSTOMER: @AmazonHelp Y todo esto pagando el prime.X lo - podríais actualizar el estado del pedido y NO MENTIR diciendo q va a llegar,obligando a quedarse en casa
[2017-10-13T21:32:27] SUPPORT: @337295 Hola, lamento mucho el atraso. ¿Has podido hablar con el transportista sobre esta entrega? ^LG
[2017-10",non_english,{'product': 'Echo'},unclear,,
conv_856047,16,32,billing_payment,keyword,"@AmazonHelp 
This keeps poping up when i go to my orders page. Help? https://t.co/vtHSYxD7KY","[2017-10-19T07:16:37] CUSTOMER: @AmazonHelp 
This keeps poping up when i go to my orders page. Help? https://t.co/vtHSYxD7KY
[2017-10-19T07:22:38] SUPPORT: @323282 Sorry to see this. Have you tried restarting the app? Or restarting the phone itself? Keep us posted. ^PK
[2017-10-19T07:26:25] CUSTOMER: @AmazonHelp Yeah ive tried both. This issue is even happening on my secondary device.
[2017-10-19T07:28:27] SUPPORT: @323282 Have you checked your connection? If it is happening on both devices? ^NV",billing_payment,,unclear,,
conv_309214,14,12,delivery_issue,keyword,@189841 @115821 Not for me @AmazonHelp ! 4 days after ordering items in stock and the order hasn't even shipped.,"[2017-10-07T01:06:53] CUSTOMER: @189841 @115821 Not for me @AmazonHelp ! 4 days after ordering items in stock and the order hasn't even shipped.
[2017-10-07T01:22:34] SUPPORT: @189839 I'm sorry to hear about that! We'd like to help. What was the delivery date given in your order confirmation email? ^HC
[2017-10-07T12:28:27] CUSTOMER: @AmazonHelp It not about the delivery date given. Its about expediting. 3 days ago your CS said they would. Nothing's happened
[2017-10-07T12:29:20] CUSTOMER: @Amaz",delivery_issue,{'product': 'Prime'},unclear,,
conv_2104295,18,8,order_problem,cluster_hint,@AmazonHelp where is my order ???.????.?.?...?.???????????????,"[2017-11-08T12:22:52] CUSTOMER: @AmazonHelp where is my order ???.????.?.?...?.???????????????
[2017-11-08T12:26:17] SUPPORT: @621230 we delivery up until 9pm, what does your tracking state? ^AS
[2017-11-08T12:26:57] CUSTOMER: @AmazonHelp It was supposed to be here yesterday .
[2017-11-08T12:32:00] SUPPORT: @621230 We aim to deliver by the date given in your order e-mail. What does the latest tracking show? https://t.co/aaDyEz1VgE ^TK
[2017-11-08T12:34:05] CUSTOMER: @AmazonHelp Says its out for ",order_problem,,unclear,,
conv_1315675,3,3,billing_payment,keyword,@AmazonHelp please help ! https://t.co/hyCZeMyO7B,"[2017-10-16T11:17:18] CUSTOMER: @AmazonHelp please help ! https://t.co/hyCZeMyO7B
[2017-10-16T11:28:25] SUPPORT: @344048 Estimates are given based on various criteria. Depending on your Pin code this would be best estimated time frame. ^AH
[2017-10-16T11:35:44] CUSTOMER: @AmazonHelp No chances to pay extra &amp; get an early delivery ?",billing_payment,,unclear,,
conv_2686038,18,2,refund_return,keyword,@AmazonHelp brand new to prime and my second order is delayed. What is the point?? Dont need the item now. Please advise how to return.,"[2017-10-31T17:09:52] CUSTOMER: @AmazonHelp brand new to prime and my second order is delayed. What is the point?? Dont need the item now. Please advise how to return.
[2017-10-31T17:18:01] SUPPORT: @682064 I'm so sorry for this experience, Carmen. If you'd like to return your item, you can do that here: https://t.co/Udl8Vi8TEo ^BL",refund_return,{'product': 'Prime'},unclear,,
conv_1322538,6,10,account_access,keyword,@AmazonHelp My https://t.co/GXVXNgh8mt  account has been locked for using my virtual debit card . Is using virtual debit card wrong?,"[2017-10-27T09:45:42] CUSTOMER: @AmazonHelp My https://t.co/GXVXNgh8mt  account has been locked for using my virtual debit card . Is using virtual debit card wrong?
[2017-10-27T09:45:55] CUSTOMER: @AmazonHelp My email address:__email__
And that virtual debit card is too registered on my Name.
And the transaction was also successful.
[2017-10-27T09:56:00] SUPPORT: @426972 Hi, have you received an email about your account or order? ^AT
[2017-10-27T10:04:24] CUSTOMER: @AmazonHelp Several emails act",account_access,,unclear,,
conv_1375720,9,3,billing_payment,keyword,"@AmazonHelp @119038 Hi, I have a Spanish Amazon Prime account. After linking it with my Twitch one, will I get charged anything? Cheers.","[2017-10-28T01:37:33] CUSTOMER: @AmazonHelp @119038 Hi, I have a Spanish Amazon Prime account. After linking it with my Twitch one, will I get charged anything? Cheers.
[2017-10-28T01:51:00] SUPPORT: @440240 The answers you seek can be found here:  https://t.co/IKWjX0QHDK  ^CH
[2017-10-28T01:51:24] CUSTOMER: @AmazonHelp Appreciated!",billing_payment,{'product': 'Prime'},unclear,,
conv_595617,1,2,billing_payment,keyword,@AmazonHelp I bought the below from the Amazon Warehouse.. Opened up and this is what it looks like.. Will I be able to get it replaced? If so what number have i got to call? As you were LG.. https://,"[2017-12-03T19:09:26] CUSTOMER: @AmazonHelp I bought the below from the Amazon Warehouse.. Opened up and this is what it looks like.. Will I be able to get it replaced? If so what number have i got to call? As you were LG.. https://t.co/B53cDjMJXM
[2017-12-03T19:12:27] SUPPORT: @261137 I am terribly sorry for the broken TV, Ryan! We will be more than happy to assist you. Let's refer here: https://t.co/fvC8CgOaAb for available refund/replacement options. ^FD",billing_payment,,unclear,,
conv_530754,11,8,billing_payment,keyword,"I've said this before, and I'll say this again: @115821 really employs the BEST customer service reps in whole freakin' world. I AM SO HAPPY! Thank you Aasif Mir and Saranya for being infinitely patie","[2017-12-02T10:18:50] CUSTOMER: I've said this before, and I'll say this again: @115821 really employs the BEST customer service reps in whole freakin' world. I AM SO HAPPY! Thank you Aasif Mir and Saranya for being infinitely patient. @117634 @AmazonHelp
[2017-12-02T10:21:44] CUSTOMER: @115821 @117634 @AmazonHelp I swear if you put up an @115821 Philippines I'd be buying more than Kindles and eBooks regularly. I'd like to shop more but arranging for shipping from the US to the Philippines is a ",billing_payment,{'product': 'Kindle'},unclear,,
conv_26880,3,2,billing_payment,keyword,"@AmazonHelp hi, I have a credit card charge for prime every month when I am not a subscriber. Can you help?","[2017-11-01T09:44:10] CUSTOMER: @AmazonHelp hi, I have a credit card charge for prime every month when I am not a subscriber. Can you help?
[2017-11-01T10:09:30] SUPPORT: @121886 I'm sorry about the charge. Please report this to our support team here: https://t.co/vlvfJr4nN9 we'll be happy to help. ^AR",billing_payment,{'product': 'Prime'},unclear,,
conv_1327045,9,2,billing_payment,keyword,@AmazonHelp I’ve been charged £80 for amazon prime however on my account it says that I’m not a member of amazon prime. It said the same thing when I wanted to cancel my free trial,"[2017-11-25T20:40:35] CUSTOMER: @AmazonHelp I’ve been charged £80 for amazon prime however on my account it says that I’m not a member of amazon prime. It said the same thing when I wanted to cancel my free trial
[2017-11-25T20:48:00] SUPPORT: @429624 I'm sorry for the unexpected charge. We're unable to access account information via Twitter. Please contact us directly via phone or chat so we can look into this with you: https://t.co/JzP7hlA23B ^JF",billing_payment,{'product': 'Prime'},unclear,,
conv_2619718,11,4,billing_payment,keyword,“Give little bits of your love” @AmazonHelp!? @101018 is gutted 😔 https://t.co/PUx6mz5RwR,"[2017-11-17T12:59:15] CUSTOMER: “Give little bits of your love” @AmazonHelp!? @101018 is gutted 😔 https://t.co/PUx6mz5RwR
[2017-11-17T13:19:28] SUPPORT: @740275 We are sorry to both you and Emily for this, it's obviously extremely disappointing. Have you contacted our customer services to help resolve this? ^SA
[2017-11-17T15:07:45] CUSTOMER: @AmazonHelp You are called Amazon Help &amp; have customer service written in your image??
[2017-11-17T15:19:01] SUPPORT: @740275 Our goal is to help addre",billing_payment,,unclear,,
conv_2896034,6,3,billing_payment,keyword,"@AmazonHelp Hi, I cancelled an order on Friday and I'm just wondering how soon the money will go back to my bank account, as I re-ordered the items?","[2017-11-28T16:13:32] CUSTOMER: @AmazonHelp Hi, I cancelled an order on Friday and I'm just wondering how soon the money will go back to my bank account, as I re-ordered the items?
[2017-11-28T16:18:23] SUPPORT: @147116 With canceled orders, we haven't proceeded with the charge and the bank may hold the authorisation on your card for up to 10 business days. You'll need to contact your bank if you want to have this authorisation removed before that: https://t.co/KyT8wPXKzW ^AF
[2017-11-28T16:21:3",billing_payment,,unclear,,
conv_2288173,10,12,non_english,keyword,@AmazonHelp pedí algo hace 2 meses y no llega que pasa &gt;:(,"[2017-11-12T02:32:05] CUSTOMER: @AmazonHelp pedí algo hace 2 meses y no llega que pasa &gt;:(
[2017-11-12T03:38:55] SUPPORT: @576393 Hola. Lamentamos saber del inconveniente. ¿En cuál de nuestros mercados hiciste tu compra? (https://t.co/nUUp5MLhYl o Amazon.es). También nos podrías decir, ¿cuál es la fecha de entrega de tu pedido? ^JJ
[2017-11-12T03:41:48] CUSTOMER: @AmazonHelp Amazon. Com  y la fecha de entegra  fue para el 18 de sep
[2017-11-12T04:00:00] SUPPORT: @576393 ¿El producto fue vendi",non_english,,unclear,,
conv_557097,12,2,refund_return,keyword,@AmazonHelp Received a refund after cancelling prime but then on the same day you sent the refund. You took another £7.99. Can you sort this out please.,"[2017-12-02T21:01:56] CUSTOMER: @AmazonHelp Received a refund after cancelling prime but then on the same day you sent the refund. You took another £7.99. Can you sort this out please.
[2017-12-02T21:06:00] SUPPORT: @250080 I'm sorry for the frustration! We don't have access to your account via Twitter. When you have moment, please contact us by phone or chat here: https://t.co/qy3J24VGxb ^AC",refund_return,{'product': 'Prime'},unclear,,
conv_423535,18,4,delivery_issue,keyword,"@10265 I have booked few item from @115850 @AmazonHelp 171 2507067 9234757 order id.
Has been refuse to deliver at home.","[2017-10-10T10:21:29] CUSTOMER: @10265 I have booked few item from @115850 @AmazonHelp 171 2507067 9234757 order id.
Has been refuse to deliver at home.
[2017-10-10T10:45:00] SUPPORT: @199456 Apologies for the trouble you've had with the delivery of your order. 1/2 ^MM
[2017-10-10T10:45:30] SUPPORT: @199456 Please don't provide your order details, as we consider it to be personal information. Our Twitter page is public.​ ^MM
[2017-10-10T10:45:30] SUPPORT: @199456 Kindly fill in your details here",delivery_issue,,unclear,,
conv_1111339,2,10,resolution_confirmation,cluster_hint,1) @115850 @AmazonHelp.... One of the wrost service experience i ever had on any ecommerce platform.,"[2017-10-24T02:08:24] CUSTOMER: 1) @115850 @AmazonHelp.... One of the wrost service experience i ever had on any ecommerce platform.
[2017-10-24T02:13:40] SUPPORT: @206627 Sorry for the trouble with your order. Please contact us here: https://t.co/vlvfJr4nN9 and we'll help you with this. ^SQ
[2017-10-24T02:21:31] CUSTOMER: @AmazonHelp Already did but no customer satisfaction at all
[2017-10-24T02:22:31] CUSTOMER: @AmazonHelp You are going towards wrost customers satisfaction
[2017-10-24T02:47:27",resolution_confirmation,,unclear,,
conv_1103640,6,15,billing_payment,cluster_hint,@AmazonHelp Trying to get an account manager to review a hold? Well its impossible been trying for three days. 7 year customer here.,"[2017-10-23T23:30:53] CUSTOMER: @AmazonHelp Trying to get an account manager to review a hold? Well its impossible been trying for three days. 7 year customer here.
[2017-10-23T23:46:00] SUPPORT: @377482 I understand your frustration, Ben. Is your account currently on hold? If so, have you received an e-mail from a specialist? ^SK
[2017-10-23T23:47:19] CUSTOMER: @AmazonHelp No reply... multiple service requests over three days. One call from a so called specialist and they hang up on me and dont",billing_payment,{'product': 'Prime'},unclear,,
conv_1149682,5,6,delivery_issue,keyword,"@115821 I don't pay for prime to have my prime package take longer than 2 days to arrive. I need it in the two days, @AmazonHelp","[2017-10-24T14:45:30] CUSTOMER: @115821 I don't pay for prime to have my prime package take longer than 2 days to arrive. I need it in the two days, @AmazonHelp
[2017-10-24T14:50:37] SUPPORT: @173779 Sorry for the wait! Just to clarify, have we missed the delivery date provided in your order confirmation e-mail? ^BG
[2017-10-26T00:20:01] CUSTOMER: @AmazonHelp I gave and extra day and still no package.
[2017-10-26T00:24:33] SUPPORT: @173779 I understand your frustration. What is the latest tracki",delivery_issue,{'product': 'Prime'},unclear,,
conv_2312309,16,3,billing_payment,keyword,@115851 @AmazonHelp @115821 @115830 https://t.co/s5KKYuS4kC,"[2017-11-12T22:17:48] CUSTOMER: @115851 @AmazonHelp @115821 @115830 https://t.co/s5KKYuS4kC
[2017-11-12T22:25:28] SUPPORT: @122347 I'm sorry your order has not arrived yet. Late parcels typically arrive the next day. Please keep us posted on the delivery. ^JF
[2017-11-12T22:27:59] CUSTOMER: @AmazonHelp I have already expressed my disapointment to @115851 in email also tagging him so he can see this!!",billing_payment,,unclear,,
conv_716033,9,2,delivery_issue,keyword,@AmazonHelp I received a wrong Amazon Prime order. I bought an optical cable and wifi adapter but was delivered baby formula and cashews.,"[2017-10-11T00:08:51] CUSTOMER: @AmazonHelp I received a wrong Amazon Prime order. I bought an optical cable and wifi adapter but was delivered baby formula and cashews.
[2017-10-11T00:12:26] SUPPORT: @291339 Oh no, we're sorry to see this! Please contact our support team to review your return options: https://t.co/hApLpMlfHN ^WM",delivery_issue,{'product': 'Prime'},unclear,,
conv_955059,19,8,non_english,keyword,Cela sent le retour.... La fiabilité n'est vraiment pas au rendez-vous #FireTvStick...@AmazonHelp,"[2017-11-10T22:18:38] CUSTOMER: Cela sent le retour.... La fiabilité n'est vraiment pas au rendez-vous #FireTvStick...@AmazonHelp
[2017-11-10T22:28:30] SUPPORT: @346598 Bonsoir, En quoi puis-je vous aider?^FT
[2017-11-10T22:31:58] CUSTOMER: @AmazonHelp L'application @33156 fait booter en boucle mon #firetvstick tout neuf. Apres désinstallation et réinstallation j ai maintenant une erreur -116. Netflix fonctionne bien sur gsm/chromecast actuellement
[2017-11-10T22:37:00] SUPPORT: @346598 Je vous ",non_english,{'product': 'Fire TV'},unclear,,
conv_2507112,7,4,non_english,keyword,"Hola @AmazonHelp es difícil encontrar en la web @116928 el acceso para contactar con vosotros, sigo buscando. Atención al cliente busco.","[2017-11-26T19:35:27] CUSTOMER: Hola @AmazonHelp es difícil encontrar en la web @116928 el acceso para contactar con vosotros, sigo buscando. Atención al cliente busco.
[2017-11-26T19:39:28] SUPPORT: @714815 Hola, Luis. Sin compartir información personal o de tu cuenta, dime, ¿cómo puedo ayudarte? ^CR
[2017-11-26T19:47:09] CUSTOMER: @AmazonHelp sería muy interesante que en la web estuviera ACCESIBLE el contacto directo con vosotros. Cuesta bastante encontrar ""Ayuda"".
[2017-11-26T19:50:25] SUPPOR",non_english,,unclear,,
conv_679045,1,4,delivery_issue,keyword,"@AmazonHelp Does this look like a “secure location” to leave my package? At least put it to either side, not right in the middle where it is easily visible from the street. I won’t discuss how the pac","[2017-11-22T04:57:34] CUSTOMER: @AmazonHelp Does this look like a “secure location” to leave my package? At least put it to either side, not right in the middle where it is easily visible from the street. I won’t discuss how the package was dropped to the ground instead of the guy placing it on the ground. https://t.co/YfJB4ZHcpF
[2017-11-22T05:04:29] SUPPORT: @282027 Marcus, I'm sorry to hear your package was left out in the open. May I know that carrier who delivered the package, you can confi",delivery_issue,,unclear,,
conv_1106507,10,7,billing_payment,keyword,@115850 @AmazonHelp sad! I am not able to complete my transaction either payments fails or i am getting such errors https://t.co/4VzpJtDntK,"[2017-10-15T08:26:09] CUSTOMER: @115850 @AmazonHelp sad! I am not able to complete my transaction either payments fails or i am getting such errors https://t.co/4VzpJtDntK
[2017-10-15T09:01:25] SUPPORT: @381143 I'm sorry for the disappointment. Are you repeating this order from the same account? Is there any canceled order before? ^MJ
[2017-10-15T09:12:00] CUSTOMER: @AmazonHelp Yes coz of payment failure
[2017-10-15T13:13:21] CUSTOMER: @115850 @AmazonHelp M waiting for assistance
[2017-10-15T13:",billing_payment,,unclear,,
conv_1320480,7,9,non_english,keyword,"@AmazonHelp Buenos días, se me ha realizado un cargo por tener una cuenta prime, y cancelé mi suscripción antes de cumplir el mes gratis. ¿Que puede hacer para obtener el reembolso? Gracias.","[2017-10-27T08:51:56] CUSTOMER: @AmazonHelp Buenos días, se me ha realizado un cargo por tener una cuenta prime, y cancelé mi suscripción antes de cumplir el mes gratis. ¿Que puede hacer para obtener el reembolso? Gracias.
[2017-10-27T09:00:32] SUPPORT: @428320 Sin compartir información personal ni sensible por este medio, ¿cuál es la descripción y el valor exacto del cargo? ^VM
[2017-10-27T09:04:36] CUSTOMER: @AmazonHelp Buenas, el cargo es de 9,34 €
[2017-10-27T09:09:26] SUPPORT: @428320 ¿Y se",non_english,{'product': 'Prime'},unclear,,
conv_1263000,5,3,prime_subscription,keyword,"@AmazonHelp just wanted to check if you no longer offer that welcome kit (keychain, welcome note etc.) with Prime Membership @115850?","[2017-10-16T05:00:44] CUSTOMER: @AmazonHelp just wanted to check if you no longer offer that welcome kit (keychain, welcome note etc.) with Prime Membership @115850?
[2017-10-16T05:14:56] SUPPORT: @162519 Right now we are not offering the welcome kit as it was just a promotion when prime was launched for the first time.^GU
[2017-10-16T05:16:58] CUSTOMER: @AmazonHelp That's fine. Just wanted to confirm. Thanks!",prime_subscription,{'product': 'Prime'},unclear,,
conv_2422751,9,4,delivery_issue,keyword,"@AmazonHelp damn I finally get amazon prime and both of the first two packages I order are days late and I really needed them smh ""2 Day Shipping"" my ass","[2017-11-14T18:14:15] CUSTOMER: @AmazonHelp damn I finally get amazon prime and both of the first two packages I order are days late and I really needed them smh ""2 Day Shipping"" my ass
[2017-11-14T18:16:51] SUPPORT: @695832 I'm sorry to hear of the delays, Jon! We're here to help! Are both packages shipping with the same carrier? If unsure, please see here: https://t.co/Y5jpI9gRhE ^CS
[2017-11-14T18:19:59] CUSTOMER: @AmazonHelp They should be because it's just resistance bands of different leve",delivery_issue,{'product': 'Prime'},unclear,,
conv_1410758,17,8,technical_app,cluster_hint,@AmazonHelp does instant pick up show up only to those whose default addy is near the pickup area?,"[2017-11-01T23:23:01] CUSTOMER: @AmazonHelp does instant pick up show up only to those whose default addy is near the pickup area?
[2017-11-01T23:30:29] SUPPORT: @447895 Hey! Without sharing any personal account information can you explain a bit further? Who is the carrier, ect. ^LS
[2017-11-01T23:37:29] CUSTOMER: @AmazonHelp i can't find the ""instant pickup"" on my app.  carrier is verizon :)
[2017-11-02T00:28:00] SUPPORT: @447895 We're here to help! For detailed information about pick-up points",technical_app,,unclear,,
conv_831767,0,29,billing_payment,keyword,"@115850 @AmazonHelp I have ordered a product with ORDER # 402-5361592-6819568. At the time of ordering estimations are 8-12 Oct. Care Execs are just feeling sorry. Please, let me know whether i need t","[2017-10-13T04:46:24] CUSTOMER: @115850 @AmazonHelp I have ordered a product with ORDER # 402-5361592-6819568. At the time of ordering estimations are 8-12 Oct. Care Execs are just feeling sorry. Please, let me know whether i need to delete my profile from Amazon. I'll never recommend amazon to anyone. https://t.co/1zENESMhR3
[2017-10-13T05:12:27] SUPPORT: @318094 I'm sorry about the revised delivery date, this usually happens when there is a delay in procuring stock. Request you 1/2 ^MJ
[2017-1",billing_payment,{'order_id': '402-5361592-6819568'},unclear,,
conv_671777,5,13,delivery_issue,keyword,@AmazonHelp why do I pay for prime if it’s optional for amazon to deliver. You guys are horrible #fail #amazonsucks #customerservicefail,"[2017-11-23T07:33:13] CUSTOMER: @AmazonHelp why do I pay for prime if it’s optional for amazon to deliver. You guys are horrible #fail #amazonsucks #customerservicefail
[2017-11-23T07:40:32] SUPPORT: @280276 I'm sorry to hear of this. Without providing any personal information, can you tell us what happened? ^KI
[2017-11-23T07:53:25] CUSTOMER: @AmazonHelp I was supposed to receive a time sensitive item by 8pm Wednesday. And did not receive it
[2017-11-23T07:54:26] CUSTOMER: @AmazonHelp And, I’m ",delivery_issue,{'product': 'Prime'},unclear,,
conv_243184,6,7,billing_payment,keyword,"@amazonhelp y’all bugging man, your account specialists said you would unlock my acc even though I had a closed acc","[2017-10-05T14:25:01] CUSTOMER: @amazonhelp y’all bugging man, your account specialists said you would unlock my acc even though I had a closed acc
[2017-10-05T14:34:32] SUPPORT: @164599 We'd like to help! Without posting personal account information, can you tell us more? ^KP
[2017-10-05T14:49:27] CUSTOMER: @AmazonHelp well you guys closed my last account so I made a new one and SPENT $35 on a gift card, to only find out you guys close my new account
[2017-10-05T14:50:50] CUSTOMER: @AmazonHelp ",billing_payment,,unclear,,
conv_996739,11,2,escalation_needed,cluster_hint,@AmazonHelp Amir in your chat customer service department is useless and made my problem worse.,"[2017-10-22T16:17:23] CUSTOMER: @AmazonHelp Amir in your chat customer service department is useless and made my problem worse.
[2017-10-22T16:30:26] SUPPORT: @356025 I'm sorry we let you down! Would you be able to let us know what is going on with the order? ^DD",escalation_needed,,unclear,,
conv_870151,11,40,billing_payment,keyword,@AmazonHelp ur customer service is pathetic. WILL SOMEONE CARE? my registered email address is __email__,"[2017-10-13T15:07:39] CUSTOMER: @AmazonHelp ur customer service is pathetic. WILL SOMEONE CARE? my registered email address is __email__
[2017-10-13T15:31:00] SUPPORT: @326613 I'm sorry about the situation. Kindly share your details here: https://t.co/GIJyeYqKE0 and I'll look into this. ^SG(1/2)
[2017-10-13T15:31:26] SUPPORT: @326613 Please don’t provide your details as we consider them to be personal info. Our page is visible to public. ^SG(2/2)
[2017-10-13T15:34:57] CUSTOMER: @AmazonHelp I anm",billing_payment,,unclear,,
conv_579890,17,9,non_english,keyword,"@AmazonHelp ordered a product from the Amazon app on July 16th with an expected arrival date of August 16th, but the product has not arrived","[2017-09-28T17:00:17] CUSTOMER: @AmazonHelp ordered a product from the Amazon app on July 16th with an expected arrival date of August 16th, but the product has not arrived
[2017-09-28T17:06:00] SUPPORT: @256573 I'm sorry your parcel hasn't arrived yet! Was the item shipped and sold by Amazon or a third-party seller? ^VS
[2017-09-28T17:42:52] CUSTOMER: @AmazonHelp Third party seller.
[2017-11-27T23:46:30] CUSTOMER: @AmazonHelp Hi, just wondering what the second part of this tweet is? I still hav",non_english,,unclear,,
conv_848208,12,4,refund_return,cluster_hint,@AmazonHelp sent DM about an item I have no idea on if I cancelled successfully or not.Please respond.,"[2017-10-20T14:37:49] CUSTOMER: @AmazonHelp sent DM about an item I have no idea on if I cancelled successfully or not.Please respond.
[2017-10-20T14:48:36] SUPPORT: @321577 Hi, Keith. Did you receive a cancellation confirmation here: https://t.co/I2yIv4zbhR ? I'll also respond to your DM. ^LB
[2017-10-20T14:50:01] CUSTOMER: @AmazonHelp Just read the https://t.co/VoE8QTMlj5 can't seem to make up your mind whether the item is out for delivery or returning to you in transit
[2017-10-20T14:52:42] S",refund_return,,unclear,,
conv_2935133,5,9,refund_return,keyword,@AmazonHelp I’m a prime member I ordered two products $99 each in Canada while I’m here at our cottage but they want to charge me $60 to return ??? Gonna cancel my membership if this doesn’t get fixed,"[2017-11-29T10:34:55] CUSTOMER: @AmazonHelp I’m a prime member I ordered two products $99 each in Canada while I’m here at our cottage but they want to charge me $60 to return ??? Gonna cancel my membership if this doesn’t get fixed @115821 @123644
[2017-11-29T10:37:56] SUPPORT: @811517 Hello! Is the item sold by directly by Amazon or a seller? What is the reason for return? Keep us posted!^CN
[2017-11-29T11:51:39] CUSTOMER: @AmazonHelp It is from Amazon.ca
[2017-11-29T11:52:10] CUSTOMER: @Amazo",refund_return,{'product': 'Prime'},unclear,,
conv_2389727,7,8,non_english,keyword,"@AmazonHelp buenos días, estoy candado de esperar un envío express con @130709, llegaba dia 9 y estamos a 14, dicen que estoy ausente..","[2017-11-14T08:46:13] CUSTOMER: @AmazonHelp buenos días, estoy candado de esperar un envío express con @130709, llegaba dia 9 y estamos a 14, dicen que estoy ausente..
[2017-11-14T08:50:30] SUPPORT: @688439 ¡Hola Tomeu! Lamento el inconveniente con la entrega de tu pedido. ¿De casualidad te has puesto en contacto directamente con @132703 ? ^DQ
[2017-11-14T08:52:29] CUSTOMER: @AmazonHelp @132703 si y me dijeron que ayer lo entregarían, y como ya ves no fue así y se inventan que vinieron y estaba ",non_english,,unclear,,
conv_1205416,6,8,billing_payment,keyword,@AmazonHelp I'm trying to link my twitch account to amazon and my associates ID  made from twitch doesn't show up in my associates dashboard,"[2017-11-02T04:27:58] CUSTOMER: @AmazonHelp I'm trying to link my twitch account to amazon and my associates ID  made from twitch doesn't show up in my associates dashboard
[2017-11-02T04:28:29] CUSTOMER: @AmazonHelp please help, customer service will not link my accounts and I can prove I own my accounts, this is extremely frustrating
[2017-11-02T04:54:55] SUPPORT: @403120 Oh no, Akinola! Please check out our Twitch help page here: https://t.co/KHcaJ2u7xw. Please keep us updated on the outcome.",billing_payment,,unclear,,
conv_2907777,12,11,delivery_issue,keyword,My coffee never showed up but it’s marked as delivered. Sigh. Nothing on security camera. They never actually came to my house. @AmazonHelp,"[2017-11-28T20:36:48] CUSTOMER: My coffee never showed up but it’s marked as delivered. Sigh. Nothing on security camera. They never actually came to my house. @AmazonHelp
[2017-11-28T20:40:00] SUPPORT: @805126 Oh my! We definitely want to make sure that you get your coffee. Have you tried these steps: https://t.co/lMtHagvQBQ? Please also let us know who the carrier is assigned to the delivery. We'd like to try to help! ^AB
[2017-11-28T20:44:13] CUSTOMER: @AmazonHelp “AMZL US” as carrier. Not on",delivery_issue,,unclear,,
conv_2634830,7,4,non_english,keyword,"@132703 @AmazonHelp  .... Incumplen una vez mas, su fecha de entrega de una mercancía... Ya se esta convirtiendo en costumbre por parte de ustedes... Y como cliente Prime, estoy muy contrariado.","[2017-11-17T19:11:27] CUSTOMER: @132703 @AmazonHelp  .... Incumplen una vez mas, su fecha de entrega de una mercancía... Ya se esta convirtiendo en costumbre por parte de ustedes... Y como cliente Prime, estoy muy contrariado.
[2017-11-17T19:22:31] SUPPORT: @743839 Hola, Antonio Lamentamos los inconvenientes causados por la entrega de tus pedido. ¿Has contactado con @132703  para comprobar lo que ha sucedido con la entrega? ^AA
[2017-11-17T19:37:09] CUSTOMER: @AmazonHelp @132703 Es perder el tie",non_english,{'product': 'Prime'},unclear,,
conv_2281563,12,8,billing_payment,keyword,Why isn't my @84049 working on my #firestick @AmazonHelp @115830,"[2017-11-11T21:04:00] CUSTOMER: Why isn't my @84049 working on my #firestick @AmazonHelp @115830
[2017-11-11T21:06:34] SUPPORT: @663190 Hi there, Paul! Have you tried to uninstall the app and then reinstall it? If not, please give that a try. ^WJ
[2017-11-11T21:13:39] CUSTOMER: @AmazonHelp Just done that.. same thing happens. Just buffers.. WiFi is fine on everything else as well also other apps on fire stick work fine
[2017-11-11T21:17:30] SUPPORT: @663190 We'd like to live troubleshoot with yo",billing_payment,{'product': 'Fire Stick'},unclear,,
conv_2299499,16,6,delivery_issue,keyword,"@AmazonHelp had an email yesterday saying my delivery was gonna be delivered yesterday, I’ve still not had it.. starting to get quite annoyed now","[2017-11-12T15:57:48] CUSTOMER: @AmazonHelp had an email yesterday saying my delivery was gonna be delivered yesterday, I’ve still not had it.. starting to get quite annoyed now
[2017-11-12T16:08:26] SUPPORT: @667436 Terribly sorry for the delay, Chris! Let's check and see what the updated track info says here: https://t.co/aaDyEz1VgE ^JZ
[2017-11-12T16:10:29] CUSTOMER: @AmazonHelp The latest update was 1PM yesterday saying it was in Swindon
[2017-11-12T16:23:31] SUPPORT: @667436 What's the orig",delivery_issue,,unclear,,
conv_2488558,0,3,delivery_issue,keyword,"@AmazonHelp I added 2 things to a Return Order and got the shipping label, but know I've decided to keep 1 of them. How do I update the return or cancel &amp; redo it? I've looked online but Can t fig","[2017-11-15T16:37:16] CUSTOMER: @AmazonHelp I added 2 things to a Return Order and got the shipping label, but know I've decided to keep 1 of them. How do I update the return or cancel &amp; redo it? I've looked online but Can t figure it out.
[2017-11-15T16:46:08] SUPPORT: @643204 Hey, you won't be able to cancel/change it though your own account. You could simply return only one of them using that same label but it would be the best if you can contact us:  https://t.co/hApLpMlfHN and we'll be ",delivery_issue,,unclear,,
conv_2229751,2,6,resolution_confirmation,cluster_hint,Will we be able to watch @116618 films we buy and download to our iPad abroad @AmazonHelp ?,"[2017-10-19T15:52:33] CUSTOMER: Will we be able to watch @116618 films we buy and download to our iPad abroad @AmazonHelp ?
[2017-10-19T16:21:30] SUPPORT: @360117 You will be able to watch certain Amazon Originals abroad on Amazon Video. Learn more here: https://t.co/LvkWkcyZ0r ^TH
[2017-10-19T16:55:49] CUSTOMER: @AmazonHelp Thanks. Am i correct that these are TV series rather than any films?
[2017-10-19T17:02:00] SUPPORT: @360117 Your purchased film downloads will be available to watch abroad! ",resolution_confirmation,{'product': 'Prime'},unclear,,
conv_2835692,3,11,order_problem,keyword,"@AmazonHelp made an order, get completely wrong items, you can't honour my order or price I paid?! Absolute joke for a company your size!!!!","[2017-11-27T14:46:38] CUSTOMER: @AmazonHelp made an order, get completely wrong items, you can't honour my order or price I paid?! Absolute joke for a company your size!!!!
[2017-11-27T14:52:29] SUPPORT: @789300 I am so sorry this happened! We'd like to make it right. Can you verify if the order was shipped by Amazon or a third-party seller on our site? You can check here: https://t.co/aaDyEz1VgE ^JY
[2017-11-27T15:19:10] CUSTOMER: @AmazonHelp All shipped by Amazon!
[2017-11-27T15:23:36] SUPPORT",order_problem,,unclear,,
conv_287863,9,7,non_english,keyword,"@AmazonHelp hi, I cant get amazon prime video 2 play on my Nvidia shield, the app was preinstalled but keeps saying ""a problem has occurred""","[2017-10-06T15:14:23] CUSTOMER: @AmazonHelp hi, I cant get amazon prime video 2 play on my Nvidia shield, the app was preinstalled but keeps saying ""a problem has occurred""
[2017-10-06T15:28:28] SUPPORT: @184607 I'm sorry to hear about the issues on your Nvidia Shield! Have done preformed any troubleshooting steps? ^TR
[2017-10-06T16:50:51] CUSTOMER: @AmazonHelp I'm just going through a full set up tutorial on YouTube at mo. I've looked at the videohelp bit on your site but nothing's appropriate",non_english,{'product': 'Prime'},unclear,,
conv_2132877,1,3,billing_payment,keyword,@AmazonHelp amazon seller make me fool send me different item but amazon can’t take any action i really dissapoint with amazon please help me order id #404-2077168-8785924,"[2017-11-08T19:56:16] CUSTOMER: @AmazonHelp amazon seller make me fool send me different item but amazon can’t take any action i really dissapoint with amazon please help me order id #404-2077168-8785924
[2017-11-08T20:14:00] SUPPORT: @627591 Sorry about the issue with your order. Kindly fill your details here: https://t.co/GIJyeYqKE0, I'll look into it. ^NR 1/2
[2017-11-08T20:14:27] SUPPORT: @627591 I'd like to personally help you. Kindly fill in your details here: https://t.co/cllwXc2HeK, and ",billing_payment,{'order_id': '404-2077168-8785924'},unclear,,
conv_545704,7,8,billing_payment,keyword,Armaria @AmazonHelp os livros vieram amassados https://t.co/Svo0mwfNg5,"[2017-12-02T17:05:19] CUSTOMER: Armaria @AmazonHelp os livros vieram amassados https://t.co/Svo0mwfNg5
[2017-12-02T17:08:58] SUPPORT: @246870 Oi Stephanny, sinto muito o ocorrido. Poderia me informar se os livros foram vendidos e enviados por Amazon ou por um vendedor marketplace? ^AZ
[2017-12-02T17:09:38] CUSTOMER: @AmazonHelp Todos enviados pela Amazon.
[2017-12-02T17:13:28] SUPPORT: @246870 Entendi. Nesse caso recomendo dar uma olhada nas seguintes informações: https://t.co/QGj1WlyTaa. ^AZ
[2",billing_payment,,unclear,,
conv_179636,16,11,billing_payment,keyword,@AmazonHelp yes email sent,"[2017-10-04T09:04:50] CUSTOMER: @AmazonHelp yes email sent
[2017-10-04T09:13:35] SUPPORT: @158308 What delivery date was provided to you? ^NV
[2017-10-04T09:16:09] CUSTOMER: @AmazonHelp oct 16-17
[2017-10-04T09:29:00] SUPPORT: @158308 How long has it been since you sent the email? ^JJ
[2017-10-04T09:29:56] CUSTOMER: @AmazonHelp 2 day's
[2017-10-04T09:44:55] SUPPORT: @158308 Please keep us updated on the delivery, let us know if the order doesn't arrive by the delivery dates stated. ^JJ
[2017-10-",billing_payment,,unclear,,
conv_2487021,7,3,non_english,keyword,"@AmazonHelp que guay que la caguéis con el envío,que tenga que esperar más de lo que tendría que hacerlo y que encima sólo me ofrezcais la opción de rechazar el producto o devolverlo gratuitamente... ","[2017-11-15T16:23:40] CUSTOMER: @AmazonHelp que guay que la caguéis con el envío,que tenga que esperar más de lo que tendría que hacerlo y que encima sólo me ofrezcais la opción de rechazar el producto o devolverlo gratuitamente... muy descontento con vuestro servicio y ahora a saber cuando llegara mi pedido
[2017-11-15T16:30:57] SUPPORT: @710345 Hola, lamento el inconveniente causado por la entrega de tu paquete. ¿El pedido era vendido y enviado por Amazon o por un vendedor externo? ^AA
[2017-1",non_english,,unclear,,
conv_746774,19,6,non_english,keyword,"Bonjour @AmazonHelp , Impossible de me connecter à mon compte depuis aujourd'hui. J'ai changé de mot de passe plusieurs fois mais rien https://t.co/V23HWAxO0R","[2017-10-11T16:45:12] CUSTOMER: Bonjour @AmazonHelp , Impossible de me connecter à mon compte depuis aujourd'hui. J'ai changé de mot de passe plusieurs fois mais rien https://t.co/V23HWAxO0R
[2017-10-11T16:51:32] SUPPORT: @298523 Bonjour, désolée d'apprendre cela :/ je vous prie de contacter notre SAV via ce lien  https://t.co/hgIrz98cdI ^SN
[2017-10-11T16:54:21] CUSTOMER: @AmazonHelp Pour accéder à votre lien, j'ai besoin de me connecter (ce que je ne peux pas faire), pouvez-vous m'indiquer où ",non_english,,unclear,,
conv_2854270,16,24,billing_payment,keyword,@AmazonHelp Just found a credit card payment I do not recognise for Amzn Clddrv Unlmtd. Who do I contact?,"[2017-11-27T20:08:21] CUSTOMER: @AmazonHelp Just found a credit card payment I do not recognise for Amzn Clddrv Unlmtd. Who do I contact?
[2017-11-27T20:14:00] SUPPORT: @60163 I'm sorry for the unrecognized payment, Ian! We can look into this with you here: https://t.co/JzP7hlA23B. ^WJ
[2017-11-27T20:18:08] CUSTOMER: @AmazonHelp Done, but I think it is a Amazon USA charge. Hopefully your colleagues can sort it out regardless.
[2017-11-27T20:51:24] CUSTOMER: @AmazonHelp So, I got an email back re",billing_payment,,unclear,,
conv_2545377,2,6,technical_app,keyword,@115821 @115830 @AmazonHelp @115833 question: I have two accounts (both prime: US and UK)...can I hook my echo dot up to one and not the other?,"[2017-11-16T13:14:56] CUSTOMER: @115821 @115830 @AmazonHelp @115833 question: I have two accounts (both prime: US and UK)...can I hook my echo dot up to one and not the other?
[2017-11-16T13:43:32] SUPPORT: @723487 Hey Dara, can you please confirm from which site the Echo was purchased from? ^BD
[2017-11-16T13:44:21] CUSTOMER: @AmazonHelp US
[2017-11-16T13:54:00] SUPPORT: @723487 Hi, please contact us an agent can check your account and discuss registering the Echo Dot with you: https://t.co/JzP",technical_app,{'product': 'Echo'},unclear,,
conv_2816333,3,2,account_access,keyword,@AmazonHelp hi yes your dumbass website won't let me login I changed my password twice now it still won't let me in can you help me please holy  fuck,"[2017-11-27T03:10:56] CUSTOMER: @AmazonHelp hi yes your dumbass website won't let me login I changed my password twice now it still won't let me in can you help me please holy  fuck
[2017-11-27T03:37:00] SUPPORT: @785121 I'm sorry for the log-in issues, Joey. We'd like to have a look into this with you. Please choose the phone option here: https://t.co/2xqLziyPQR​  ^SE",account_access,,unclear,,
conv_1739894,15,9,technical_app,keyword,@AmazonHelp trying to set up my echo and it wont connect to wifi... have tried all the troubleshoot suggestions but with no success :( #help,"[2017-11-07T16:38:49] CUSTOMER: @AmazonHelp trying to set up my echo and it wont connect to wifi... have tried all the troubleshoot suggestions but with no success :( #help
[2017-11-07T16:46:30] SUPPORT: @525037 I'm sorry for the difficulty! We'd like to do some real-time troubleshooting with you. Please call: https://t.co/Y5jpI9gRhE ^MH
[2017-11-07T18:32:07] CUSTOMER: @AmazonHelp That link just takes me to my orders not a contact page? :s
[2017-11-07T18:48:09] SUPPORT: @525037 Sorry about that!",technical_app,{'product': 'Echo'},unclear,,
conv_448713,3,9,account_access,keyword,"@AmazonHelp Attempting to sign in to place an order. Requires ""verification code"" via email - why, I don't know as this has never happened before. Requested 10 times, no email. Please help. TY.","[2017-11-30T20:28:46] CUSTOMER: @AmazonHelp Attempting to sign in to place an order. Requires ""verification code"" via email - why, I don't know as this has never happened before. Requested 10 times, no email. Please help. TY.
[2017-11-30T20:46:33] SUPPORT: @221312 I'm sorry you haven't received your verification code. Have you checked your Spam/Junk folder? ^CO
[2017-11-30T20:48:35] CUSTOMER: @AmazonHelp Have checked every folder, refreshed the page, cleared cache, asked to reset my password. No",account_access,,unclear,,
conv_1853082,11,8,technical_app,keyword,@AmazonHelp either I'm blind or there is no way to contact customer service on the website.  So no way to talk to someone re my order?,"[2017-10-30T01:20:31] CUSTOMER: @AmazonHelp either I'm blind or there is no way to contact customer service on the website.  So no way to talk to someone re my order?
[2017-10-30T01:34:00] SUPPORT: @554534 We'd be happy to help, Mike! Without disclosing personal information. Will you tell us more about your order issues? ^SK
[2017-10-30T01:45:09] CUSTOMER: @AmazonHelp I placed an order and it was same day deliver for today. Just got an email saying theres a delay I want to know if its all items ",technical_app,,unclear,,
conv_1035123,8,15,account_access,keyword,I did not receive cashback of1500 INR on using SBI card for buying OnePlus 5 device on Amazon. @115850 @AmazonHelp @115821 . Bad service.,"[2017-10-16T17:22:33] CUSTOMER: I did not receive cashback of1500 INR on using SBI card for buying OnePlus 5 device on Amazon. @115850 @AmazonHelp @115821 . Bad service.
[2017-10-16T17:38:35] SUPPORT: @364856 Sorry for the hassle. Please report this to our support team here: https://t.co/vlvfJr4nN9 and we'll check this. ^HN
[2017-10-16T17:46:32] CUSTOMER: @AmazonHelp Already did ! No proper response from your end #poorservice
[2017-10-16T18:11:31] SUPPORT: @364856 I'd like to take a closer look ",account_access,,unclear,,
conv_446135,10,2,billing_payment,keyword,"@AmazonHelp , please any advice? I'd like to get my stuff and not have another mishap https://t.co/Z4hx63VWMx","[2017-11-30T19:02:46] CUSTOMER: @AmazonHelp , please any advice? I'd like to get my stuff and not have another mishap https://t.co/Z4hx63VWMx
[2017-11-30T19:09:35] SUPPORT: @220663 I'm sorry to hear that your package was not delivered! We don't have access to your account via Twitter so please reach out to us here https://t.co/JzP7hlA23B so we can best help.
^AV",billing_payment,,unclear,,
conv_1560840,17,11,billing_payment,keyword,@AmazonHelp your a joke why has this happened? Again? I'm making a movie and I need this Tripod! (#amazonprime) https://t.co/Yas3n7GiXO,"[2017-11-04T08:52:11] CUSTOMER: @AmazonHelp your a joke why has this happened? Again? I'm making a movie and I need this Tripod! (#amazonprime) https://t.co/Yas3n7GiXO
[2017-11-04T09:09:01] SUPPORT: @469379 Sorry to hear about this. Was a reason for the delay advised? ^PK
[2017-11-04T09:10:26] CUSTOMER: @AmazonHelp No, I checked my app and was not notified!
[2017-11-04T09:26:56] SUPPORT: @469379 I can understand the item was needed urgently. Delays are rare but do occur. Do keep us updated on th",billing_payment,{'product': 'Prime'},unclear,,
conv_2389707,11,12,order_problem,keyword,"@AmazonHelp @115850 5 mins back received order. Why sending damaged product? Order Id: 408-1966445-1659532. It's clearly mentioned on the pack as ""Customer Damage"" then also sending to customer. Poor ","[2017-11-14T08:36:28] CUSTOMER: @AmazonHelp @115850 5 mins back received order. Why sending damaged product? Order Id: 408-1966445-1659532. It's clearly mentioned on the pack as ""Customer Damage"" then also sending to customer. Poor service. What's the meaning of amazon fulfilled service. Replace it. https://t.co/BmFg25rMj0
[2017-11-14T08:38:48] CUSTOMER: @AmazonHelp @115850 It's clearly visible that pack is opened by someone &amp; then again sealed by tape. Amazon's standards are going down. Ver",order_problem,{'order_id': '408-1966445-1659532'},unclear,,
conv_2451217,15,4,account_access,keyword,"@AmazonHelp Good evening! I qualified for the £6 promo code thanks to buying a gift card, and the email says it has been automatically (c)","[2017-10-29T17:24:01] CUSTOMER: @AmazonHelp Good evening! I qualified for the £6 promo code thanks to buying a gift card, and the email says it has been automatically (c)
[2017-10-29T17:24:40] CUSTOMER: @AmazonHelp (c) applied to my account but I can't find it? Would it be in my Amazon wallet or elsewhere? Any help would be appreciated!
[2017-10-29T17:28:00] SUPPORT: @318345 If it was a gift card, it will show up here: https://t.co/ud1oVmfA0s. If it was a promotion, it will show at checkout. ^AF",account_access,,unclear,,
conv_2679447,8,9,general_inquiry,keyword,@AmazonHelp I've placed order over a week ago for in stock items. Items did not ship yet. Cannot get help over phone from customer service.,"[2017-11-19T14:33:20] CUSTOMER: @AmazonHelp I've placed order over a week ago for in stock items. Items did not ship yet. Cannot get help over phone from customer service.
[2017-11-19T14:42:01] SUPPORT: @753924 I'm so sorry for your experience! Have we missed the delivery date given at checkout? ^VF
[2017-11-19T14:43:57] CUSTOMER: @AmazonHelp No you did not. You missed ship date. Scheduled delivery for 11/21. How can that be if items did not ship yet?
[2017-11-19T14:53:57] CUSTOMER: @AmazonHelp ",general_inquiry,,unclear,,
conv_2511734,1,5,technical_app,keyword,"@AmazonHelp how do I cancel my subscription for amazon music?

I can’t seem to do it.. https://t.co/eiV8hrZ3gf","[2017-11-15T22:53:54] CUSTOMER: @AmazonHelp how do I cancel my subscription for amazon music?

I can’t seem to do it.. https://t.co/eiV8hrZ3gf
[2017-11-15T22:56:36] SUPPORT: @715881 Here's a Help page that will walk you through canceling! https://t.co/OA2nR3SLCG If you have any trouble, don't hesitate to reach out. ^BE
[2017-11-15T23:00:59] CUSTOMER: @AmazonHelp I’m looking on my settings and can’t see any option to cancel. I just wasn’t a simple answer to cancel😫x
[2017-11-15T23:06:21] CUSTOMER",technical_app,,unclear,,
conv_492264,12,2,delivery_issue,keyword,"Praise where it's due, @AmazonHelp. Driver tried to deliver my parcel to the pub this morning but it was shut. He just came back and handed it to me while I was having a pint. Lovely bloke too","[2017-12-01T16:56:27] CUSTOMER: Praise where it's due, @AmazonHelp. Driver tried to deliver my parcel to the pub this morning but it was shut. He just came back and handed it to me while I was having a pint. Lovely bloke too
[2017-12-01T17:00:01] SUPPORT: @136264 Cheers! We appreciate knowing that our drives are doing their best! Glad you got your package and hope you did not have to share its contents with the rest of the blokes in the Pub! ^DJ",delivery_issue,,unclear,,
conv_2265599,17,6,billing_payment,keyword,"@AmazonHelp Hey, I just got an email saying that my payment had been declined, I just got paid today.","[2017-11-11T03:09:58] CUSTOMER: @AmazonHelp Hey, I just got an email saying that my payment had been declined, I just got paid today.
[2017-11-11T03:17:28] SUPPORT: @659473 I'm sorry for the inconvenience! Try these steps listed here: https://t.co/oUkiZmri4c Let us know if this helps! ^TN
[2017-11-11T03:19:35] CUSTOMER: @AmazonHelp Hi, while I was waiting for a response, I entered the exact same billing info and it doesn't say anything now.
[2017-11-11T03:24:01] SUPPORT: @659473 I'm glad you wer",billing_payment,,unclear,,
conv_1116133,18,6,non_english,keyword,"@AmazonHelp According to your app, you're planning to deliver my parcel yesterday. You didn't- have you secretly got a time machine?!","[2017-10-15T11:41:15] CUSTOMER: @AmazonHelp According to your app, you're planning to deliver my parcel yesterday. You didn't- have you secretly got a time machine?!
[2017-10-15T12:07:31] SUPPORT: @281304 That's strange, did you place the order today only? ^KM
[2017-10-15T12:10:49] CUSTOMER: @AmazonHelp No I placed it yesterday for evening delivery.
[2017-10-15T12:29:00] SUPPORT: @281304 What does the latest tracking advise Joanna - https://t.co/Jr1kcqQUJY ? ^TP
[2017-10-15T12:32:14] CUSTOMER: @",non_english,,unclear,,
conv_2448290,14,2,delivery_issue,keyword,@AmazonHelp so last time I was told shipping time starts from the day it ships. How come when I pay for 1 day shipping and it shipped yesterday I’m not expected my item until the 16th?,"[2017-11-15T02:16:15] CUSTOMER: @AmazonHelp so last time I was told shipping time starts from the day it ships. How come when I pay for 1 day shipping and it shipped yesterday I’m not expected my item until the 16th?
[2017-11-15T02:30:30] SUPPORT: @623662 I'm so sorry for this frustrating experience! We'd like to look into this with you, but can't access your account via Twitter. Please reach us by phone/chat here: https://t.co/hApLpMlfHN ^HS",delivery_issue,,unclear,,
conv_1129290,15,6,resolution_confirmation,cluster_hint,Hi @AmazonHelp! I used my personal account to buy a book that I want to read on my work ipad w/ work account. Can we fix this? Tnx!,"[2017-10-24T11:13:09] CUSTOMER: Hi @AmazonHelp! I used my personal account to buy a book that I want to read on my work ipad w/ work account. Can we fix this? Tnx!
[2017-10-24T11:22:29] SUPPORT: @386189 You'll need to return book on your account and buy it on your work account. Read more here: https://t.co/NMEJXctmO2 ^MJ
[2017-10-24T11:25:31] CUSTOMER: @AmazonHelp @AmazonHelp I submitted for refund on the wrong account and bought it with the right one. Can you confirm this is ok? Thanks and apol",resolution_confirmation,,unclear,,
conv_1257807,19,3,non_english,keyword,"@AmazonHelp Hey, quand envoyez vous les codes digitaux pour #SuperMarioOdyssey lorsqu’on a précommandé cette version du jeu?
Merci du retour","[2017-10-26T07:46:14] CUSTOMER: @AmazonHelp Hey, quand envoyez vous les codes digitaux pour #SuperMarioOdyssey lorsqu’on a précommandé cette version du jeu?
Merci du retour
[2017-10-26T07:48:53] SUPPORT: @414742 Bonjour, comme indiqué sur la page de l'article, le code sera disponible au téléchargement le 27 octobre 2017 à 00:00 CET.
[2017-10-26T08:06:13] CUSTOMER: @AmazonHelp Ah oui forcément si je ne sais pas lire… merci!",non_english,,unclear,,
conv_2220175,8,4,delivery_issue,cluster_hint,@120533 definitely NOT the service I was used to in the US @AmazonHelp Experience horrible!,"[2017-11-10T12:37:50] CUSTOMER: @120533 definitely NOT the service I was used to in the US @AmazonHelp Experience horrible!
[2017-11-10T12:42:00] SUPPORT: @648476 Hello, I have already answered your tweet. ^SM
[2017-11-10T12:43:01] CUSTOMER: @AmazonHelp Yes, and you asked me for transporteur so I reply with the order numbers
[2017-11-10T13:01:27] SUPPORT: @648476 Thank you for your answer. ^SB",delivery_issue,,unclear,,
conv_176504,19,10,non_english,keyword,"@AmazonHelp Bon à savoir: la garantie A à Z ne couvre pas les frais de retour Marketplace. Amazon ne vous aidera pas à récupérer ces frais auprès du marchand, même si celui-ci s'y est engagé dans sa p","[2017-11-19T01:17:24] CUSTOMER: @AmazonHelp Bon à savoir: la garantie A à Z ne couvre pas les frais de retour Marketplace. Amazon ne vous aidera pas à récupérer ces frais auprès du marchand, même si celui-ci s'y est engagé dans sa politique de retours.
[2017-11-19T06:17:00] SUPPORT: @157528 Bonjour, rencontrez-vous un souci avec une commande ? ^SM
[2017-11-20T04:05:02] CUSTOMER: @AmazonHelp Oui. Pour le remboursement des frais de retour par un vendeur Marketplace. Qui s'est fait tirer l'oreille ",non_english,,unclear,,
conv_1038902,4,10,delivery_issue,keyword,@AmazonHelp Been expecting a package to be delivered today and it’s not showed up. Can you help????,"[2017-10-14T18:59:54] CUSTOMER: @AmazonHelp Been expecting a package to be delivered today and it’s not showed up. Can you help????
[2017-10-14T19:03:29] SUPPORT: @365809 I'm sorry your package hasn't arrived! Can you please tell us what the current tracking shows: https://t.co/aaDyEz1VgE? ^EZ
[2017-10-14T19:06:39] CUSTOMER: @AmazonHelp This is what the tracking is now showing. It was ordered through Prime and should have been here today. 🙄 https://t.co/D3ODsuOdGM
[2017-10-14T19:10:00] SUPPORT: ",delivery_issue,{'product': 'Prime'},unclear,,
conv_135124,0,22,billing_payment,keyword,@115821 @AmazonHelp @115823 https://t.co/6M2ymHQFlj,"[2017-11-16T12:00:42] CUSTOMER: @115821 @AmazonHelp @115823 https://t.co/6M2ymHQFlj
[2017-11-16T12:22:00] SUPPORT: @146436 Apologies for the stretch. You can find the correspondence from social media team here: https://t.co/8DAc10S7ww. Kindly reply to it and we'll sort this for you. ^VN
[2017-11-17T06:54:37] CUSTOMER: @AmazonHelp On your reply ""I am Bhargav from the Amazon India's social media escalations team.I understand that you are concerned about the amazon pay balance worth Rs. 793.I reque",billing_payment,,unclear,,
conv_1911959,16,11,delivery_issue,keyword,"Not very happy right now, @115821. I paid extra for delivery on Friday, 11/24 and the package won't arrive until Sunday, 11/26. @amazonhelp","[2017-11-25T14:21:48] CUSTOMER: Not very happy right now, @115821. I paid extra for delivery on Friday, 11/24 and the package won't arrive until Sunday, 11/26. @amazonhelp
[2017-11-25T14:27:24] SUPPORT: @228622 I'm sorry to hear we've disappointed you! What was the delivery date given in your confirmation e-mail here: https://t.co/rwPMbnG2Ly? ^KP
[2017-11-25T14:28:59] CUSTOMER: @AmazonHelp Friday, 11/24. Order #112-5072628-8257053
[2017-11-25T14:29:23] CUSTOMER: @228622 @115821 @AmazonHelp oh th",delivery_issue,{'order_id': '112-5072628-8257053'},unclear,,
conv_986234,4,3,delivery_issue,keyword,@AmazonHelp This order says delivered but I never received it #403-2589731-9684305 Please help,"[2017-10-14T09:50:12] CUSTOMER: @AmazonHelp This order says delivered but I never received it #403-2589731-9684305 Please help
[2017-10-14T10:19:27] SUPPORT: @353288 We're following up with your concern here:https://t.co/bnAw9o67XY. ^HA
[2017-10-14T10:20:00] SUPPORT: @353288 Please don't provide your order details, we consider it personal information. Our Twitter page is visible to public. ^HA",delivery_issue,{'order_id': '403-2589731-9684305'},unclear,,
conv_1565851,9,5,billing_payment,keyword,@AmazonHelp being given the option to sign up to a discounted amazon prime but only if i put in a baby name? No context on this screen? https://t.co/jmSixlG66B,"[2017-11-04T15:25:15] CUSTOMER: @AmazonHelp being given the option to sign up to a discounted amazon prime but only if i put in a baby name? No context on this screen? https://t.co/jmSixlG66B
[2017-11-04T15:31:00] SUPPORT: @477745 We'd like to help! Does it still ask for the child's name when you select to reset? ^AB
[2017-11-04T15:31:57] CUSTOMER: @AmazonHelp Yeah it does. But why...? Is this an offer only for people who can name a child? Offer looks great so...
[2017-11-04T15:44:44] SUPPORT: @",billing_payment,{'product': 'Prime'},unclear,,
conv_181261,14,10,delivery_issue,keyword,Hi @AmazonHelp - I paid for one-day delivery... where is my copy of Andy Weir's Artemis? What will I read on the train tomorrow?,"[2017-11-25T01:27:04] CUSTOMER: Hi @AmazonHelp - I paid for one-day delivery... where is my copy of Andy Weir's Artemis? What will I read on the train tomorrow?
[2017-11-25T01:32:45] SUPPORT: @158561 We are sorry that you have not received your item. Have you received an email advising of a delay or a new delivery date? ^LM
[2017-11-25T01:34:10] CUSTOMER: @AmazonHelp I have! But I chose one-day delivery so it would arrive before I had to travel. I'm leaving tomorrow and have no way of getting th",delivery_issue,,unclear,,
conv_1258551,10,16,billing_payment,keyword,"@AmazonHelp you have flawed mechanisms unsuited to indian circumstances, update yourselves, i've been cheated of money by your people(contd)","[2017-10-26T08:25:20] CUSTOMER: @AmazonHelp you have flawed mechanisms unsuited to indian circumstances, update yourselves, i've been cheated of money by your people(contd)
[2017-10-26T08:30:00] SUPPORT: @414894 We regret the inconvenience. Request you to share your details via the secure link shared earlier. 1/2 ^SB
[2017-10-26T08:30:48] CUSTOMER: @AmazonHelp I've done all this before, for a month, it's always back to square one, or some stonewalling by your people.
[2017-10-26T08:30:51] SUPPOR",billing_payment,,unclear,,
conv_468195,11,6,general_inquiry,keyword,"@AmazonHelp its been 3 months I am waiting for my order, but all I have received is some rough attitude from your customer service. In vain and helpless. Kindly help.","[2017-12-01T06:19:47] CUSTOMER: @AmazonHelp its been 3 months I am waiting for my order, but all I have received is some rough attitude from your customer service. In vain and helpless. Kindly help.
[2017-12-01T06:27:00] SUPPORT: @226479 I'm sorry for the frustrating experience. Without any account or personal details, please tell us more details about what's going on. ^SG
[2017-12-01T06:43:41] CUSTOMER: @AmazonHelp It's been a rough day dealing with your customer service. I have sent an email a",general_inquiry,{'product': 'Prime'},unclear,,
conv_2483976,19,13,non_english,keyword,"Bonjour @14272. Après commande à @120533 @AmazonHelp le colis devait arriver aujourd'hui avant 16h00. Mais sur le suivi il n'est même pas en cours d'acheminement. Au tél, je ne sais rien avoir comme i","[2017-11-15T15:24:27] CUSTOMER: Bonjour @14272. Après commande à @120533 @AmazonHelp le colis devait arriver aujourd'hui avant 16h00. Mais sur le suivi il n'est même pas en cours d'acheminement. Au tél, je ne sais rien avoir comme information de BPOST. Que faire ? TRACK : 32321125__credit_card__
[2017-11-15T15:38:11] SUPPORT: @709640 Bonjour, je suis sincèrement navrée d'apprendre cela. L'avez-vous signalé à notre service client s'il vous plaît? ^SA
[2017-11-15T15:51:56] CUSTOMER: @AmazonHelp Bo",non_english,,unclear,,
conv_1607902,18,4,refund_return,keyword,@115850 @AmazonHelp my order dated 8th oct which I returned more than 2 weeks ago but still I have nt received my refund yet.So plz help,"[2017-11-05T09:05:55] CUSTOMER: @115850 @AmazonHelp my order dated 8th oct which I returned more than 2 weeks ago but still I have nt received my refund yet.So plz help
[2017-11-05T09:22:00] SUPPORT: @493814 Apologies for the trouble over refund. Please follow here: https://t.co/LjYILTJREp​ to track your refund. ^RW
[2017-11-05T09:54:01] CUSTOMER: @AmazonHelp That's my issue my order status isn't updated with refund as of now even though I had returned my order 2 weeks back @115850
[2017-11-05T1",refund_return,,unclear,,
conv_821182,12,8,technical_app,keyword,@AmazonHelp finding no way to sign up to amazon student again on U.K. site. Takes me to normal every time with no option to change,"[2017-10-12T22:32:00] CUSTOMER: @AmazonHelp finding no way to sign up to amazon student again on U.K. site. Takes me to normal every time with no option to change
[2017-10-12T22:37:32] SUPPORT: @225010 You can sign up for Prime Student using this link: https://t.co/v5k9CfVZny Let us know if you need any help! ^ZW
[2017-10-12T22:41:55] CUSTOMER: @AmazonHelp Not a sign up button in sight. Forgot to renew info at the end of last year and no way of adding it. https://t.co/6DktGI6ZLB
[2017-10-12T22:4",technical_app,{'product': 'Prime'},unclear,,
conv_2794324,17,2,non_english,keyword,When I try to log into @115821 it won't let me and I had an email about needing to call to unlock but I can use app to buy stuff no problem @AmazonHelp,"[2017-11-21T21:31:07] CUSTOMER: When I try to log into @115821 it won't let me and I had an email about needing to call to unlock but I can use app to buy stuff no problem @AmazonHelp
[2017-11-21T21:35:01] SUPPORT: @779795 I'm sorry for the trouble! Please reach us by phone to discuss the issue using the phone number found here: https://t.co/jzvkhdlrK5 ^ST",non_english,,unclear,,
conv_1385740,17,4,billing_payment,keyword,"Its manufacturing default in that @117013 Xperia @AmazonHelp It's hardware prblm frm manufacturing,still they are not accepting #sonyxperia https://t.co/AfxAcfXV9a","[2017-10-28T08:52:59] CUSTOMER: Its manufacturing default in that @117013 Xperia @AmazonHelp It's hardware prblm frm manufacturing,still they are not accepting #sonyxperia https://t.co/AfxAcfXV9a
[2017-10-28T09:17:00] SUPPORT: @384698 We've responded to your query here: https://t.co/zwizVMBTRW ^AK
[2017-10-28T09:28:22] CUSTOMER: @AmazonHelp But at tme of retun window open when I try to return the mob 1 app installed and itself desided that there is no issue in mob @AmazonHelp
[2017-10-28T09:58:5",billing_payment,,unclear,,
conv_2840328,1,4,delivery_issue,keyword,"Um @AmazonHelp, how is this an example of customer service. ""I understand.... i could contact the carrier for you? but i am guessing they will tell me that the items is either stolen, missing or lost.","[2017-11-27T15:51:21] CUSTOMER: Um @AmazonHelp, how is this an example of customer service. ""I understand.... i could contact the carrier for you? but i am guessing they will tell me that the items is either stolen, missing or lost... "" Translation: I guess I could do something but here's why I shouldn't do it.
[2017-11-27T16:15:29] SUPPORT: @790400 I'm sorry to hear this! When you spoke with us, did we provide any additional information or options for your item? ^KP
[2017-11-27T16:50:41] CUSTOM",delivery_issue,,unclear,,
conv_784060,3,6,billing_payment,keyword,"Learn to value the time and money of your customers, Amazon failed to provide proper service yet again @AmazonHelp","[2017-10-12T07:11:58] CUSTOMER: Learn to value the time and money of your customers, Amazon failed to provide proper service yet again @AmazonHelp
[2017-10-12T07:53:53] SUPPORT: @307130 We're sorry to hear that, Diya. Could you please tell us what went wrong so we could check? ^HK
[2017-10-13T03:57:32] CUSTOMER: @AmazonHelp pls help me with two pending delivery and assembly issues with order no. 171-0890409-7451508 and 171-4882147-9032303.
[2017-10-13T04:26:00] SUPPORT: @307130 Sorry to know abo",billing_payment,{'order_id': '171-0890409-7451508'},unclear,,
conv_727817,8,18,billing_payment,keyword,Hey @AmazonHelp where's my @71258 book? I have contacted the seller twice and although Amazon gets copied I have heard nothing. https://t.co/G2Q08tvpMY,"[2017-09-27T02:38:38] CUSTOMER: Hey @AmazonHelp where's my @71258 book? I have contacted the seller twice and although Amazon gets copied I have heard nothing. https://t.co/G2Q08tvpMY
[2017-09-27T02:48:56] SUPPORT: @294361 I'm sorry for the wait! What's the delivery date provided in your order confirmation e-mail here: https://t.co/glpt5WaDAp? ^JM
[2017-09-27T13:48:56] CUSTOMER: @AmazonHelp  https://t.co/6OnkrCFhgr
[2017-10-11T07:22:08] CUSTOMER: @AmazonHelp I am still waiting for my refund plea",billing_payment,{'product': 'Prime'},unclear,,
conv_2926330,4,5,delivery_issue,keyword,"@AmazonHelp, it says my package was delivered on Saturday but I never got it. Thanks.","[2017-11-29T03:55:22] CUSTOMER: @AmazonHelp, it says my package was delivered on Saturday but I never got it. Thanks.
[2017-11-29T03:58:53] SUPPORT: @809666 Oh no! Can you please clarify who the carrier was? We want to help! ^BA
[2017-11-29T04:03:37] CUSTOMER: @AmazonHelp UPS Tracking ID 1Z9Y97E34407652144
[2017-11-29T04:06:49] SUPPORT: @809666 I'm so sorry you have yet to receive your order, Alyssa. Please reach out to us via phone or chat for available options: https://t.co/hApLpMlfHN ^JP
[201",delivery_issue,{'product': 'Prime'},unclear,,
conv_1512029,11,7,billing_payment,keyword,We demand to speak with someone in the review dept! Not customer service. They have not helped this situation @115821 @AmazonHelp,"[2017-11-03T17:36:55] CUSTOMER: We demand to speak with someone in the review dept! Not customer service. They have not helped this situation @115821 @AmazonHelp
[2017-11-03T17:51:00] SUPPORT: @387405 (1/2) When you contacted us, were you transferred to the Communities team?
[2017-11-03T17:51:32] SUPPORT: @387405 (2/2) If not, please contact customer service and ask to be transferred. ^AC
[2017-11-03T18:23:34] CUSTOMER: @AmazonHelp called customer service! Once again no resolve. Told someone wil",billing_payment,,unclear,,
conv_43283,1,4,delivery_issue,keyword,@115850 @AmazonHelp How come products without being delivered getting marked delivered. Same is being communicated through mail n msg 1,"[2017-11-01T15:57:46] CUSTOMER: @115850 @AmazonHelp How come products without being delivered getting marked delivered. Same is being communicated through mail n msg 1
[2017-11-01T16:02:24] SUPPORT: @125591 Sorry for the hassle. Please report this to our support team here: https://t.co/vlvfJr4nN9 and we'll check this. ^HN
[2017-11-01T16:03:28] CUSTOMER: @AmazonHelp Already spoke to CCE over phone, I am not convinced about the response I got
[2017-11-01T16:06:18] CUSTOMER: @AmazonHelp Neither the",delivery_issue,,unclear,,
conv_2726803,11,4,order_problem,keyword,@115850 None of your customer service number is working and unable to get a call back. Pls help received a damaged product. @AmazonHelp. order #403-1957134-6313962. https://t.co/iMtsXYsUu7,"[2017-11-20T13:23:15] CUSTOMER: @115850 None of your customer service number is working and unable to get a call back. Pls help received a damaged product. @AmazonHelp. order #403-1957134-6313962. https://t.co/iMtsXYsUu7
[2017-11-20T13:44:29] SUPPORT: @764668 earliest. Please don't provide your order details, as we consider it to be personal information. Our Twitter page is visible to the public. 2/2 ^KH
[2017-11-20T13:44:29] SUPPORT: @764668 Apologies for the trouble with the order received. Ce",order_problem,"{'order_id': '403-1957134-6313962', 'product': 'Prime'}",unclear,,
conv_1692648,6,10,account_access,keyword,@AmazonHelp @115850 I purchased Honor 6x through my brother's Amazon account which got locked and I'm in urgent need of the invoice/bill,"[2017-11-06T17:04:15] CUSTOMER: @AmazonHelp @115850 I purchased Honor 6x through my brother's Amazon account which got locked and I'm in urgent need of the invoice/bill
[2017-11-06T17:35:34] SUPPORT: @513721 I'm sorry to know about the trouble, Keerthy. Kindly click here: https://t.co/w20L62ypnK to know how to print an invoice. ^MP
[2017-11-06T17:36:56] CUSTOMER: @AmazonHelp The thing is I bought it from his account and his account is locked and we can't access it
[2017-11-06T18:07:25] SUPPORT: ",account_access,,unclear,,
conv_1297444,18,3,delivery_issue,keyword,@115821 @AmazonHelp Prime has been SUCKING lately. Tuesday for 2 DAY shipping?? https://t.co/jU0OnsVD6f,"[2017-10-26T22:23:34] CUSTOMER: @115821 @AmazonHelp Prime has been SUCKING lately. Tuesday for 2 DAY shipping?? https://t.co/jU0OnsVD6f
[2017-10-26T22:28:00] SUPPORT: @143776 Hey! You can find more about how shipping is calculated here: https://t.co/2Gqitxvgd0 I hope this helps! ^FR
[2017-10-26T22:49:49] CUSTOMER: @AmazonHelp Logic doesn’t match my order. Everything in stock and Prime.",delivery_issue,{'product': 'Prime'},unclear,,
conv_440464,19,22,non_english,cluster_hint,"@AmazonHelp combien de temps faut-il attendre pour qu'un article retour soit scanné une fois ""arrivé""via colissimo à l'entrepôt d'Orleans ?","[2017-10-25T17:35:35] CUSTOMER: @AmazonHelp combien de temps faut-il attendre pour qu'un article retour soit scanné une fois ""arrivé""via colissimo à l'entrepôt d'Orleans ?
[2017-10-25T17:48:24] SUPPORT: @162952 Bonjour, le délai d'acheminement et de traitement d'un colis en retour depuis la France est entre 7 à 10 jours ouvrés. ^ASZ
[2017-10-25T17:52:38] CUSTOMER: @AmazonHelp donc 7 à 10 jours une fois que le suivi colissimo indique que le colis est ""livré"" ? Car il est arrivé vendredi dernier
[",non_english,,unclear,,
conv_343775,16,16,refund_return,keyword,@AmazonHelp why are you going to charge me $5 to return a gift of which I received a duplicate item because it wasn’t marked as purchased?,"[2017-10-31T14:37:47] CUSTOMER: @AmazonHelp why are you going to charge me $5 to return a gift of which I received a duplicate item because it wasn’t marked as purchased?
[2017-10-31T14:43:01] SUPPORT: @163715 Oh no! Use these steps to create a pre-paid return label: https://t.co/tv0MHd6rQy Let us know if you have further questions! ^KN
[2017-10-31T15:21:30] CUSTOMER: @AmazonHelp I don’t see a reason that matches well for the reason.  I tried “no longer needed” but that charges $5
[2017-10-31T15",refund_return,,unclear,,
conv_1229656,16,4,account_access,cluster_hint,@AmazonHelp why isn’t my preorder of @141187 arriving on Friday? My account says 31st.,"[2017-10-25T20:21:16] CUSTOMER: @AmazonHelp why isn’t my preorder of @141187 arriving on Friday? My account says 31st.
[2017-10-25T20:43:48] SUPPORT: @315066 Sorry the game isn't arriving as expected! What is the date given in your order confirmation: https://t.co/sC4kkl6Z9t? ^JP
[2017-10-25T20:45:29] CUSTOMER: @AmazonHelp in the email i got back on 6/11/17, the expected arrival date was 10/27... now its 10/31 https://t.co/6Gi9KSwCZP
[2017-10-25T20:48:32] SUPPORT: @315066 Thank you for confirmin",account_access,,unclear,,
conv_1428564,4,9,technical_app,keyword,@121284 @AmazonHelp one of ur agent tells me Echo dot order placed on 4th October has been cancelled.ORDER # 405-3924802-8040368,"[2017-10-30T15:01:49] CUSTOMER: @121284 @AmazonHelp one of ur agent tells me Echo dot order placed on 4th October has been cancelled.ORDER # 405-3924802-8040368
[2017-10-30T15:24:09] SUPPORT: @350881 Please don't provide your order details, we consider it to be personal information. Our page is visible to the public.(3/3) ^RI
[2017-10-30T15:24:09] SUPPORT: @350881 Please fill this form: https://t.co/beaaDm0muc and we’ll get in touch with soon. (2/3) ^RI
[2017-10-30T15:24:09] SUPPORT: @350881 Tha",technical_app,"{'order_id': '405-3924802-8040368', 'product': 'Echo'}",unclear,,
conv_2550971,10,2,billing_payment,keyword,"@AmazonHelp Please PM, have a problem with a 3rd party seller","[2017-11-25T23:23:34] CUSTOMER: @AmazonHelp Please PM, have a problem with a 3rd party seller
[2017-11-25T23:27:29] SUPPORT: @724722 I've enabled DM. Please let us know what's going on and any actions you've taken. Please don't share specific account/order information as we can't access your Amazon account via Twitter. Also let us know which of our website you ordered from, Amazon .com, .co.uk ^EZ https://t.co/1XyLaGkcaN",billing_payment,,unclear,,
conv_1419057,3,2,order_problem,keyword,"@AmazonHelp still haven’t received my Mario odyssey from July preorder, amazon sent to wrong address and still nothing, any help?","[2017-11-01T23:46:24] CUSTOMER: @AmazonHelp still haven’t received my Mario odyssey from July preorder, amazon sent to wrong address and still nothing, any help?
[2017-11-01T23:50:28] SUPPORT: @449839 Uh oh! I'm sorry about that. Have you been able to reach us here to talk about options: https://t.co/hApLpMlfHN? ^BL",order_problem,,unclear,,
conv_1374074,18,4,delivery_issue,keyword,"@AmazonHelp Worst Amazon Day Ever. Address Not Reachable. Then, order one day late. To finally, order lost? I DONT UNDERSTAND.","[2017-10-28T00:42:48] CUSTOMER: @AmazonHelp Worst Amazon Day Ever. Address Not Reachable. Then, order one day late. To finally, order lost? I DONT UNDERSTAND.
[2017-10-28T00:54:00] SUPPORT: @435855 I understand your concern, Aakarsh. Could you confirm if you've shared your details in the link provided earlier? ^HD
[2017-10-28T00:55:04] CUSTOMER: @AmazonHelp Yes, I have done that,. I have also chatted with 4 agents and talked to about 7 people today. Everyone told me a different story.
[2017-10-2",delivery_issue,,unclear,,
conv_1860155,6,7,delivery_issue,keyword,@AmazonHelp I ordered a PS4 Destiny 2 Bundle for $350 on Thurs morning and received a confirmation email.  It never shipped and now I received an email saying the order was cancelled.  I already order,"[2017-11-26T08:04:30] CUSTOMER: @AmazonHelp I ordered a PS4 Destiny 2 Bundle for $350 on Thurs morning and received a confirmation email.  It never shipped and now I received an email saying the order was cancelled.  I already ordered games and accessories and now I have no PS4?  Please help!
[2017-11-26T08:10:00] SUPPORT: @556089 Hi. Sorry to hear about your order. What was the reason for the cancellation? ^NV
[2017-11-26T08:15:23] CUSTOMER: @AmazonHelp I got an email confirmation but the order",delivery_issue,{'order_id': '111-5691120-7868263'},unclear,,
conv_205175,8,5,billing_payment,keyword,@AmazonHelp you guys said I need to fax a utility bill for address confirmation &amp; I did and u said you would get back to me within 24hrs.,"[2017-10-04T23:22:00] CUSTOMER: @AmazonHelp you guys said I need to fax a utility bill for address confirmation &amp; I did and u said you would get back to me within 24hrs.
[2017-10-04T23:23:33] CUSTOMER: @AmazonHelp It will be 1hr until it hits 24hrs what is going on. I need my account to get unlocked ASAP
[2017-10-04T23:26:00] SUPPORT: @164599 I understand your frustration. Be sure to check your spam/junk folder for any correspondence from our Account Specialists. ^GG
[2017-10-04T23:41:49] CU",billing_payment,,unclear,,
conv_2265497,14,2,delivery_issue,keyword,@AmazonHelp purchase prime products - next day delivery then says 4-5 days later - could have purchased elsewhere !!!!,"[2017-11-11T05:20:35] CUSTOMER: @AmazonHelp purchase prime products - next day delivery then says 4-5 days later - could have purchased elsewhere !!!!
[2017-11-11T05:24:36] SUPPORT: @659458 I'm sorry for the frustration! Are you experiencing this with a current order: https://t.co/aaDyEz1VgE? ^JP",delivery_issue,{'product': 'Prime'},unclear,,
conv_294891,1,6,technical_app,keyword,"@115850 @AmazonHelp Found that the ""internal error"" issue last week (check my tweets and your response) was because of Amazon Pantry.","[2017-10-06T17:02:53] CUSTOMER: @115850 @AmazonHelp Found that the ""internal error"" issue last week (check my tweets and your response) was because of Amazon Pantry.
[2017-10-06T17:03:14] CUSTOMER: @115850 @AmazonHelp Orders other than pantry going through without hitch
[2017-10-06T17:45:37] SUPPORT: @186226 Could you please confirm if you're still facing trouble placing the Amazon pantry order? ^OS
[2017-10-07T02:02:17] CUSTOMER: @AmazonHelp Yes. The error crops up only in pantry orders
[2017-1",technical_app,,unclear,,
conv_1021039,4,13,delivery_issue,keyword,"Hey @AmazonHelp, I've sat in my living room all day today waiting for a delivery, the status has been changed to failed to deliver, despite","[2017-10-14T16:17:58] CUSTOMER: Hey @AmazonHelp, I've sat in my living room all day today waiting for a delivery, the status has been changed to failed to deliver, despite
[2017-10-14T16:18:20] CUSTOMER: @AmazonHelp The fact I've not moved. I know for a fact no one has been here. Who can I speak too?
[2017-10-14T16:24:24] SUPPORT: @361610 We're sorry this happened to your order! We'd like to help; who is the listed carrier: https://t.co/Y5jpI9gRhE? ^WM
[2017-10-14T16:24:53] CUSTOMER: @AmazonHelp",delivery_issue,,unclear,,
conv_219589,8,72,delivery_issue,cluster_hint,"@115850 @AmazonHelp 5 chats, 1 call, 1 month later, issue still stands unresolved. But was promised an ETA of 1-2 days everytime.","[2017-08-05T04:43:13] CUSTOMER: @115850 @AmazonHelp 5 chats, 1 call, 1 month later, issue still stands unresolved. But was promised an ETA of 1-2 days everytime.
[2017-08-05T05:08:27] SUPPORT: @168355 Hey, please fill in your details using this link: https://t.co/JzRdscmdH9 and I'll get in touch with you soon. ^AK
[2017-08-14T07:50:52] CUSTOMER: @AmazonHelp I have filled all d details but yet 2 hear frm u.I have been following up on this problem for the last 1 month,but all in vain.
[2017-08-14T",delivery_issue,,unclear,,
conv_2603164,9,6,billing_payment,keyword,@115821 @AmazonHelp,"[2017-11-17T08:43:28] CUSTOMER: @115821 @AmazonHelp
[2017-11-17T08:48:30] SUPPORT: @736654 Hi, I'm sorry to hear about the delay. Is there more information available in the tracking: https://t.co/aaDyEz1VgE? ^JJ
[2017-11-17T09:10:14] CUSTOMER: @AmazonHelp Yes, but the point is that amazon keeps saying that the deliveries will be made the next day and then last minute informing that the delivery date has changed, despite paying for amazon prime
[2017-11-17T09:24:00] SUPPORT: @736654 Hey, are we m",billing_payment,{'product': 'Prime'},unclear,,
conv_1273435,8,2,delivery_issue,keyword,"@AmazonHelp Purchased ph case.Didn't start to use it till Sat. Fell apart by Tues.Emailed seller, auto reply says Amzn can't deliver. Help?","[2017-10-26T15:04:26] CUSTOMER: @AmazonHelp Purchased ph case.Didn't start to use it till Sat. Fell apart by Tues.Emailed seller, auto reply says Amzn can't deliver. Help?
[2017-10-26T15:09:16] SUPPORT: @134281 Sorry about your phone case, Karla! Let's check to see what options we have for you here: https://t.co/oNscYUYdkH ^JZ",delivery_issue,,unclear,,
conv_756342,2,5,resolution_confirmation,cluster_hint,"@AmazonHelp I ordered @13365 #147Things book and haven’t got it yet. Neighbors haven’t, unless they taken it. I’m not happy!!","[2017-10-11T18:33:51] CUSTOMER: @AmazonHelp I ordered @13365 #147Things book and haven’t got it yet. Neighbors haven’t, unless they taken it. I’m not happy!!
[2017-10-11T18:38:29] SUPPORT: @300779 I'm sorry you haven't received your book! Just to clarify, what does the tracking say here: https://t.co/aaDyEz1VgE? ^WJ
[2017-10-11T18:40:59] CUSTOMER: @AmazonHelp That it got delivered to someone called Karen, no idea who that is. And there was no card left in my letterbox,
[2017-10-11T18:48:36] SUPP",resolution_confirmation,,unclear,,
conv_365204,4,15,delivery_issue,keyword,"@115850 Why are the orders not getting delivered after being OFD and are tagged as the said reasons? @AmazonHelp 

3 orders stuck w/ this https://t.co/CjEUtlqh9e","[2017-10-08T19:28:51] CUSTOMER: @115850 Why are the orders not getting delivered after being OFD and are tagged as the said reasons? @AmazonHelp 

3 orders stuck w/ this https://t.co/CjEUtlqh9e
[2017-10-08T19:50:29] SUPPORT: @202515 I have forwarded this as feedback to the concerned team. Could tell us if the delivery date has been missed? ^HA
[2017-10-08T19:51:37] CUSTOMER: @AmazonHelp Offcourse! It was promised to have a guaranteed delivery on the 6th of October which never happened! Then come",delivery_issue,,unclear,,
conv_361382,5,9,billing_payment,keyword,@AmazonHelp when is prime not prime? When you receive something 48hrs later.. #badservice #sorryisntenough #prime #unhappycustomer,"[2017-10-08T17:10:40] CUSTOMER: @AmazonHelp when is prime not prime? When you receive something 48hrs later.. #badservice #sorryisntenough #prime #unhappycustomer
[2017-10-08T17:34:30] SUPPORT: @201577 I'm sorry your parcel didn't arrive as expected! Did we miss the delivery date given upon confirmation: https://t.co/aaDyEz1VgE? ^PF
[2017-10-08T18:13:45] CUSTOMER: @AmazonHelp sure did! Didn’t deliver next day, took me to phone to chase. 15 mins on the phone  - why bother with prime? And only a s",billing_payment,{'product': 'Prime'},unclear,,
conv_2825518,5,4,billing_payment,keyword,.@AmazonHelp not happy 😡 Paying for prime too. https://t.co/Zt5OrqLXkB,"[2017-11-27T10:06:39] CUSTOMER: .@AmazonHelp not happy 😡 Paying for prime too. https://t.co/Zt5OrqLXkB
[2017-11-27T10:10:28] SUPPORT: @787131 Oh no! Sorry to hear. Have you received an email from us advising about the reason for delay?^ES
[2017-11-27T10:11:17] CUSTOMER: @AmazonHelp No, I haven't.
[2017-11-27T10:15:28] SUPPORT: @787131 If you check the tracking on your order details which you can find via the following link, can you let me know if you were given an alternative delivery date?:  ht",billing_payment,{'product': 'Prime'},unclear,,
conv_2128497,9,6,prime_subscription,keyword,@AmazonHelp @115850 I tried to get amazon prime and my account is debited too by Rs. 499 but I still can't avail prime service...,"[2017-10-19T07:14:36] CUSTOMER: @AmazonHelp @115850 I tried to get amazon prime and my account is debited too by Rs. 499 but I still can't avail prime service...
[2017-10-19T07:14:53] CUSTOMER: @AmazonHelp @115850 as the site says that order could not be completed, I even tried calling your customer care multiple times and they responded by saying...
[2017-10-19T07:15:04] CUSTOMER: @AmazonHelp @115850 they will call me soon but never did. please refund the amount ASAP.
[2017-10-19T07:24:00] SUPP",prime_subscription,{'product': 'Prime'},unclear,,
conv_142971,18,3,delivery_issue,keyword,"@AmazonHelp My second order also not shipped yet, order date 21.11.17, i think amazon taking rest
Order: 407-2274167-3594706","[2017-11-24T12:26:59] CUSTOMER: @AmazonHelp My second order also not shipped yet, order date 21.11.17, i think amazon taking rest
Order: 407-2274167-3594706
[2017-11-24T12:45:57] SUPPORT: @148276 I'm sorry about any delay. We ship and dispatch orders as per the estimates mentioned while placing the order. Could you let us know if we've missed the estimates mentioned here: https://t.co/pYHdlcj0Ot ? ^SG(1/2)
[2017-11-24T12:46:28] SUPPORT: @148276 Also, please don’t provide your order details as we",delivery_issue,{'order_id': '407-2274167-3594706'},unclear,,
conv_669167,15,3,general_inquiry,keyword,"@AmazonHelp @2064 Do I have any recourse here? I am guessing not, but figured I would ask.","[2017-11-23T04:48:03] CUSTOMER: @AmazonHelp @2064 Do I have any recourse here? I am guessing not, but figured I would ask.
[2017-11-23T04:51:52] SUPPORT: @279583 I'm sorry for the trouble! We'd love to help but are unable to view your account via Twitter. Please reach us by phone or chat for available options: https://t.co/hApLpMlfHN ^LR
[2017-11-23T05:08:36] CUSTOMER: @AmazonHelp I chatted with someone was able to get a refund issued- THANK YOU! Now hopefully @2064 can help too!",general_inquiry,,unclear,,
conv_2866096,15,5,resolution_confirmation,cluster_hint,@AmazonHelp I was told I would receive a call back from a manager within two hours and it’s now been two and a half with no call. what gives?,"[2017-11-28T00:22:57] CUSTOMER: @AmazonHelp I was told I would receive a call back from a manager within two hours and it’s now been two and a half with no call. what gives?
[2017-11-28T00:27:00] SUPPORT: @796049 Thanks for reaching out. We'd like a second chance to look into this. Please contact us here: https://t.co/EKXRLsnxJu ^GG
[2017-11-28T00:45:01] CUSTOMER: @AmazonHelp This does nothing? It just brings me to the order management screen. I need to speak with a manager not manage my orders.",resolution_confirmation,,unclear,,
conv_2398293,14,6,delivery_issue,keyword,@AmazonHelp  I thought amazon prime was next day delivery??? Not two days?,"[2017-11-14T13:13:53] CUSTOMER: @AmazonHelp  I thought amazon prime was next day delivery??? Not two days?
[2017-11-14T13:21:00] SUPPORT: @443505 Hey Evie, if you place your order with One-Day Delivery, depending on the time of day that you place your order, if in stock it'll be dispatched that same day and delivered the next day. More info can be found here: https://t.co/bPNA3FPUav ^PF
[2017-11-14T14:10:38] CUSTOMER: @AmazonHelp Hi! I placed my order at 1pm is that too late for next day? 
Thank",delivery_issue,{'product': 'Prime'},unclear,,
conv_2459134,4,2,delivery_issue,keyword,"@AmazonHelp product delivered on time, but no progress on installation.","[2017-11-15T06:17:30] CUSTOMER: @AmazonHelp product delivered on time, but no progress on installation.
[2017-11-15T06:38:00] SUPPORT: @125400 I understand your concern regarding Installation of your product. Please reach out to us here: https://t.co/vlvfJr4nN9 and we will help you. ^AH",delivery_issue,,unclear,,
conv_1620688,6,12,billing_payment,keyword,@AmazonHelp My account closure with out Any reason I have Lose the Amazon Pay balance. How fraude Amazon,"[2017-11-05T15:43:41] CUSTOMER: @AmazonHelp My account closure with out Any reason I have Lose the Amazon Pay balance. How fraude Amazon
[2017-11-05T16:05:00] SUPPORT: @171648 email sent by our account specialist team. They'll assist you further. ^SG(2/2)
[2017-11-05T16:05:00] SUPPORT: @171648 As the issue is related to account closure, we'll not be able to access your details. Suggest you to revert to the (1/2)
[2017-11-05T16:06:15] CUSTOMER: @AmazonHelp It's looking like a Cheat Service. I can",billing_payment,,unclear,,
conv_2219987,14,6,delivery_issue,keyword,"@AmazonHelp It's 12:25am here and item hasn't gone out for delivery yet, it due today but says 'expected now 10th-15th' what time should I contact support?","[2017-11-10T12:28:49] CUSTOMER: @AmazonHelp It's 12:25am here and item hasn't gone out for delivery yet, it due today but says 'expected now 10th-15th' what time should I contact support?
[2017-11-10T12:37:00] SUPPORT: @648448 I'll be happy to help, Richard! Could you please confirm if your estimated delivery date was changed from today to now between 10th-15th? What delivery date was provided in your order confirmation e-mail? We want to help! ^SD
[2017-11-10T12:40:47] CUSTOMER: @AmazonHelp It ",delivery_issue,{'product': 'Prime'},unclear,,
conv_1558748,2,12,billing_payment,keyword,"hi @AmazonHelp - is there any way to block certain kinds of ads on my ""recommended"" page? i REALLY don't want to see stuff like this https://t.co/g5qNf1yjG2","[2017-11-04T12:57:04] CUSTOMER: hi @AmazonHelp - is there any way to block certain kinds of ads on my ""recommended"" page? i REALLY don't want to see stuff like this https://t.co/g5qNf1yjG2
[2017-11-04T13:05:28] SUPPORT: @300258 Hi! You can learn how to improve your recommendations here: https://t.co/1yeaKJdK9x &amp; here: https://t.co/vsyWI8CQb1 ^LB
[2017-11-04T13:08:20] CUSTOMER: @AmazonHelp thanks. i'm not sure that's it tho. it's not under ""recommended"" (sorry, that was me being unclear!) it'",billing_payment,,unclear,,
conv_390405,5,4,billing_payment,keyword,@115850 @AmazonHelp prime membership useless! No gud offers discounts &amp; now not even delivering ordr in time! Mistreated no customr value,"[2017-10-09T15:06:35] CUSTOMER: @115850 @AmazonHelp prime membership useless! No gud offers discounts &amp; now not even delivering ordr in time! Mistreated no customr value
[2017-10-09T15:36:28] SUPPORT: @193191 At times, due to unforeseen external factors there might be a delay. Ideally we delivery till end of the day. [2/3] ^HA
[2017-10-09T15:36:29] SUPPORT: @193191 I'm sorry about the delivery. We work hard to deliver on time. [1/3] ^HA
[2017-10-09T15:37:00] SUPPORT: @193191 In case if you d",billing_payment,{'product': 'Prime'},unclear,,
conv_2410448,10,6,delivery_issue,keyword,@AmazonHelp I selected free shipping so it should only be $129 right? https://t.co/2WMGqTNYXP,"[2017-11-14T15:17:55] CUSTOMER: @AmazonHelp I selected free shipping so it should only be $129 right? https://t.co/2WMGqTNYXP
[2017-11-14T16:41:33] SUPPORT: @645744 Hi there!  You can see your complete order total before you place the order on the final review screen. (That's the screen that has a place order button on the bottom.)  I hope this helps! ^SP
[2017-11-14T16:45:55] CUSTOMER: @AmazonHelp I can't get to the place order part, I can see the subtotal which is $129, and then select free sh",delivery_issue,,unclear,,
conv_1432335,11,4,delivery_issue,keyword,"@AmazonHelp alwys made fool,auto ordr cncel,product not complte,missing carry bag,rude reply,no solution from customer care @115821 https://t.co/YRt89zkrGE","[2017-11-02T12:05:07] CUSTOMER: @AmazonHelp alwys made fool,auto ordr cncel,product not complte,missing carry bag,rude reply,no solution from customer care @115821 https://t.co/YRt89zkrGE
[2017-11-02T12:30:41] SUPPORT: @452592 Apologies for the hassle. We would like to help you. Please share your details here: https://t.co/GIJyeYqKE0. ^BS
[2017-11-02T12:56:28] CUSTOMER: @AmazonHelp i have faced 3 times problem in amazon. i have chat, call , TL talk,everything, they are not listening.jst say sorr",delivery_issue,,unclear,,
conv_2291176,8,4,delivery_issue,keyword,@AmazonHelp Hiya! I'm waiting for a package via amazon.es and it's almost a month later. seller doesn't reply - what should i do? :),"[2017-11-12T10:19:35] CUSTOMER: @AmazonHelp Hiya! I'm waiting for a package via amazon.es and it's almost a month later. seller doesn't reply - what should i do? :)
[2017-11-12T10:33:00] SUPPORT: @665472 We are truly sorry, you can check the following information about our A to Z Guarantee Protection: https://t.co/QcjqrBtlwk ^VL
[2017-11-12T13:41:40] CUSTOMER: @AmazonHelp Thanks. How do I go about getting a refund?
[2017-11-12T13:54:55] SUPPORT: @665472 If you don't receive an item from a seller",delivery_issue,,unclear,,
conv_1378480,0,2,delivery_issue,keyword,@AmazonHelp you made me update the billing info and shipping and still sent to my old address and it’s already delivered https://t.co/AIo1xCcj2T,"[2017-10-28T03:49:21] CUSTOMER: @AmazonHelp you made me update the billing info and shipping and still sent to my old address and it’s already delivered https://t.co/AIo1xCcj2T
[2017-10-28T03:52:31] SUPPORT: @440902 Oh no! Let's talk about this in real time. Please call or chat with us here: https://t.co/hApLpMlfHN ^BA",delivery_issue,,unclear,,
conv_2195588,10,16,billing_payment,keyword,@AmazonHelp  Spent 45 mins on Wednesday trying to resolve a simple account change. Have placed orders. No goods yet and am told I know longer have an account. What the heck is going on please,"[2017-11-09T21:16:47] CUSTOMER: @AmazonHelp  Spent 45 mins on Wednesday trying to resolve a simple account change. Have placed orders. No goods yet and am told I know longer have an account. What the heck is going on please
[2017-11-09T21:20:04] SUPPORT: @642399 That's odd! I'm so sorry for any trouble. Without posting personal or account information, could you tell us a little more about what's going on? We'd like to help, if we can! ^BL
[2017-11-09T21:46:55] CUSTOMER: @AmazonHelp Sure can than",billing_payment,{'product': 'Prime'},unclear,,
conv_2113563,0,6,escalation_needed,keyword,"@115851 @1840 @115850 @AmazonHelp Today,Amazon people did a big big fraud with me.Kindly take time to read this.Will shortly share link of youtube. https://t.co/rZ1gX0z06n","[2017-11-08T16:18:31] CUSTOMER: @115851 @1840 @115850 @AmazonHelp Today,Amazon people did a big big fraud with me.Kindly take time to read this.Will shortly share link of youtube. https://t.co/rZ1gX0z06n
[2017-11-08T16:59:33] SUPPORT: @583219 Sorry for the hassle with the order. As you have shared your detials, we're working on it and will get back to you soon.^RI
[2017-11-09T05:42:21] CUSTOMER: @AmazonHelp Any update?I dont need anything..But U should realise your executive wrong doings..#Uneth",escalation_needed,,unclear,,
conv_1687777,12,10,delivery_issue,keyword,@AmazonHelp - I paid for Sunday delivery and then lied to about a delivery 30 mins ago when I've been in?? Refund needed at the least!! https://t.co/KPt23kNNr4,"[2017-11-06T18:50:37] CUSTOMER: @AmazonHelp - I paid for Sunday delivery and then lied to about a delivery 30 mins ago when I've been in?? Refund needed at the least!! https://t.co/KPt23kNNr4
[2017-11-06T18:56:31] SUPPORT: @512522 I'm sorry your package didn't arrive as expected! Please reach out to us here: https://t.co/JzP7hlA23B so we can take a look. ^ZW
[2017-11-06T19:38:58] CUSTOMER: @AmazonHelp Yes I've done that but still not getting anywhere. Just want to know where my order is and a re",delivery_issue,,unclear,,
conv_1427877,19,11,non_english,keyword,"@AmazonHelp Bonjour !

Un de vos collègues doit m'appeler aujourd'hui, vous pouvoir savoir quand il va m'appeler ?

Les infos sont en DM ^^","[2017-11-06T15:19:40] CUSTOMER: @AmazonHelp Bonjour !

Un de vos collègues doit m'appeler aujourd'hui, vous pouvoir savoir quand il va m'appeler ?

Les infos sont en DM ^^
[2017-11-06T15:25:32] SUPPORT: @229177 Bonjour, votre dossier est-il actuellement pris en charge par notre SAV?^FT
[2017-11-06T15:27:04] CUSTOMER: @AmazonHelp Il me semble que oui !

Votre collègue m'a répondu hier vers minuit en me disant ""je veux vous appeler, mais là c'est tard, donc demain.""
[2017-11-06T15:33:40] SUPPORT: ",non_english,,unclear,,
conv_1133997,15,9,technical_app,keyword,"@115850 @AmazonHelp @117634 As a customer of Amazon, I feel disappointed to see the unavailability of Kannada eBooks in Kindle. https://t.co/K9sAIviIHF","[2017-10-24T12:32:23] CUSTOMER: @115850 @AmazonHelp @117634 As a customer of Amazon, I feel disappointed to see the unavailability of Kannada eBooks in Kindle. https://t.co/K9sAIviIHF
[2017-10-24T12:57:32] SUPPORT: @387197 Hi, regional languages are an integral part of our content in India. Stay tuned while we expand our collection. ^KH
[2017-10-24T12:59:44] CUSTOMER: @AmazonHelp Thank you for your response. Hope to see Kannada eBooks in Kindle soon. We are waiting for it. @174528
[2017-10-24T13",technical_app,{'product': 'Kindle'},unclear,,
conv_1286999,16,37,escalation_needed,keyword,"@AmazonHelp Could you please send me an Amazon email for me to send a complaint, please?","[2017-10-03T23:30:06] CUSTOMER: @AmazonHelp Could you please send me an Amazon email for me to send a complaint, please?
[2017-10-03T23:39:28] SUPPORT: @421025 Hi Jenny! Please, can you give us more details about the situation? ^HC
[2017-10-03T23:57:08] CUSTOMER: @AmazonHelp I had a problem with Amazon Brazil two weeks ago so I contacted https://t.co/rQQ7HDbVvr and they sent me email to make a complain to HQ
[2017-10-04T00:02:54] SUPPORT: @421025 Hi Jenny! What problem did you have? ^JJ
[2017-10",escalation_needed,,unclear,,
conv_804856,0,9,delivery_issue,keyword,@AmazonHelp is it a bad thing that I actually am no longer surprised when I have shipping problems with you? *sigh*,"[2017-10-12T17:12:37] CUSTOMER: @AmazonHelp is it a bad thing that I actually am no longer surprised when I have shipping problems with you? *sigh*
[2017-10-12T17:21:18] SUPPORT: @218111 This isn't what we like to hear and we'd love to assist if we can! Are you seeing issues with a current order? ^KN
[2017-10-12T18:03:23] CUSTOMER: @AmazonHelp Just listed as delayed. Was supposed to be delivered today. No estimation on new date.
[2017-10-12T18:32:27] SUPPORT: @218111 Could you tell us if the ite",delivery_issue,,unclear,,
conv_858704,12,3,technical_app,keyword,@115850 @AmazonHelp why r u jacking up prices on ur site just before sale starts,"[2017-10-13T14:02:18] CUSTOMER: @115850 @AmazonHelp why r u jacking up prices on ur site just before sale starts
[2017-10-13T14:10:33] SUPPORT: @125591 and our efforts to offer you the lowest price, may result in fluctuations in our prices over time.(2/2) ^CB
[2017-10-13T14:10:33] SUPPORT: @125591 Pricing and offers are decision of the sellers. The constantly changing marketplace (1/2) ^CB",technical_app,,unclear,,
conv_179407,14,6,delivery_issue,keyword,@AmazonHelp @115850 If you guyz don’t intend to deliver dont put up those bullshit sale pathetic customer support https://t.co/dxaDY9PGcP,"[2017-10-04T08:16:42] CUSTOMER: @AmazonHelp @115850 If you guyz don’t intend to deliver dont put up those bullshit sale pathetic customer support https://t.co/dxaDY9PGcP
[2017-10-04T09:08:30] SUPPORT: @158263 Also, once an order is marked as returning, we'll not be able to reinstate it. (3/3)^AU
[2017-10-04T09:10:00] CUSTOMER: @AmazonHelp There was no attempt made by the delivery boy i booked this laptop in discount and now i am not getting this price ! Whoes fault is this ?
[2017-10-04T09:33:56",delivery_issue,,unclear,,
conv_1427932,19,4,non_english,keyword,@AmazonHelp Vous avez une adresse mail pour vous faire suivre un mail frauduleux de confirmation de commande se faisant passer pour vous?,"[2017-11-06T15:23:30] CUSTOMER: @AmazonHelp Vous avez une adresse mail pour vous faire suivre un mail frauduleux de confirmation de commande se faisant passer pour vous?
[2017-11-06T15:27:45] SUPPORT: @451689 Bonjour Julien, je vous invite à nous l'envoyer à l'adresse suivante : __email__ 
Merci ! ^SM
[2017-11-06T15:32:29] CUSTOMER: @AmazonHelp Merci à vous. Je viens de vous l’envoyer.
[2017-11-06T15:35:43] SUPPORT: @451689 Je vous invite à supprimer l'e-mail frauduleux que vous avez reçu. Merci",non_english,{'product': 'Prime'},unclear,,
conv_367425,15,4,delivery_issue,keyword,"@AmazonHelp Last week was delivered to the wrong address, today was “Prime” handling..nice. https://t.co/yKrTHwh3lM","[2017-10-08T20:55:07] CUSTOMER: @AmazonHelp Last week was delivered to the wrong address, today was “Prime” handling..nice. https://t.co/yKrTHwh3lM
[2017-10-08T21:12:00] SUPPORT: @203038 My team would like to make sure this is escalated properly. Please send us your details here: https://t.co/W9vvVmyhwM ^EP
[2017-10-11T02:40:40] CUSTOMER: @AmazonHelp @AmazonHelp thank you for kind gesture to make things whole.
[2017-10-11T03:12:00] SUPPORT: @203038 It was our pleasure! Please let us know if you ",delivery_issue,{'product': 'Prime'},unclear,,
conv_18162,0,7,escalation_needed,keyword,"@AmazonHelp Please help
Your team is not providing support and information properly. They are just ingnoring my request. I need access. https://t.co/VqK97kzHrt","[2017-11-01T05:14:31] CUSTOMER: @AmazonHelp Please help
Your team is not providing support and information properly. They are just ingnoring my request. I need access. https://t.co/VqK97kzHrt
[2017-11-01T05:21:00] SUPPORT: @120035 Since your account is on hold even our hands as customer service are tied. (1/2) ^SI
[2017-11-01T05:22:00] SUPPORT: @120035 I'm sure you will soon receive a reply from our Account Specialist team with an update. (2/2) ^SI
[2017-11-01T05:22:19] CUSTOMER: @AmazonHelp The",escalation_needed,,unclear,,
conv_134989,6,16,delivery_issue,keyword,@AmazonHelp I placed an order on Wed for next day delivery for Thur and it didn't arrive. I called and was told to wait till 9pm. Called back around 7pm and then told it was never out for delivery! To,"[2017-11-24T08:54:56] CUSTOMER: @AmazonHelp I placed an order on Wed for next day delivery for Thur and it didn't arrive. I called and was told to wait till 9pm. Called back around 7pm and then told it was never out for delivery! Told someone will call me back and I am still waiting! Absolutely ridiculous!
[2017-11-24T09:00:00] SUPPORT: @146420 Hi, have you checked the tracking details on the website? You can see the tracking info here: https://t.co/aaDyEz1VgE ^BZ
[2017-11-24T09:10:56] CUSTOMER:",delivery_issue,,unclear,,
conv_2596386,12,4,delivery_issue,keyword,@AmazonHelp I ordered a laptop on 11/15 prime one day shipping and still don't have it !! Tracking says out for delivery ☹️,"[2017-11-17T03:37:32] CUSTOMER: @AmazonHelp I ordered a laptop on 11/15 prime one day shipping and still don't have it !! Tracking says out for delivery ☹️
[2017-11-17T03:43:44] SUPPORT: @528210 I'm sorry your order hasn't shown! Have we missed the delivery date provided in your order confirmation email here: https://t.co/9kO8ku8pkr ^QJ
[2017-11-17T03:48:17] CUSTOMER: @AmazonHelp That link just goes to the message center? What do I need to do?
[2017-11-17T03:55:32] SUPPORT: @528210 I'm sorry you",delivery_issue,{'product': 'Prime'},unclear,,
conv_1528636,4,6,delivery_issue,keyword,@AmazonHelp ok my package is with AMZL US what is this and why not ship my package like always with usps or ups??? no package as of yet!,"[2017-11-03T19:51:12] CUSTOMER: @AmazonHelp ok my package is with AMZL US what is this and why not ship my package like always with usps or ups??? no package as of yet!
[2017-11-03T19:59:00] SUPPORT: @474591 Amazon Logistics is Amazon's delivery service. You can learn more about Amazon Logistics here: https://t.co/ZSmXB4nM5g ^AG
[2017-11-03T20:42:13] CUSTOMER: @AmazonHelp so what kind of truck is delivering my package 📦 does it have an amazon logo on it?!? I don’t want neighbors receiving my box",delivery_issue,,unclear,,
conv_1516000,16,6,delivery_issue,keyword,@AmazonHelp attempted delivery is a complete lie. No one came either day as we have been home. Couldn't be bothered more like.,"[2017-11-03T18:51:04] CUSTOMER: @AmazonHelp attempted delivery is a complete lie. No one came either day as we have been home. Couldn't be bothered more like.
[2017-11-03T18:57:33] SUPPORT: @255988 I'm sorry to hear about the trouble with delivery! Who's the carrier listed for your order here: https://t.co/Y5jpI9gRhE? ^HC
[2017-11-03T19:10:32] CUSTOMER: @AmazonHelp That link didn't do anything, tracking ID is Q20865731074
[2017-11-03T19:18:00] SUPPORT: @255988 Thank you, we'd like to look into t",delivery_issue,,unclear,,
conv_255062,2,5,billing_payment,keyword,@AmazonHelp two different prices. Is that to lure customers to click and then charge them extra. https://t.co/d5pWSA0fG5,"[2017-10-05T18:28:33] CUSTOMER: @AmazonHelp two different prices. Is that to lure customers to click and then charge them extra. https://t.co/d5pWSA0fG5
[2017-10-05T18:36:00] SUPPORT: @176636 Pricing and offers are decision of the sellers. The constantly changing marketplace and our efforts to offer you ^NR 1/2
[2017-10-05T18:36:01] SUPPORT: @176636 the lowest price, may result in fluctuations in our prices over time. ^NR 2/2
[2017-10-05T18:38:06] CUSTOMER: @AmazonHelp Ok, thanks for clarifying ",billing_payment,,unclear,,
conv_2950752,9,2,technical_app,keyword,Amazon Prime video plays on my office internet and not home internet. How? What to do? @AmazonHelp,"[2017-11-29T17:32:04] CUSTOMER: Amazon Prime video plays on my office internet and not home internet. How? What to do? @AmazonHelp
[2017-11-29T17:35:00] SUPPORT: @814853 That's strange. We'd like to assist you regarding this. Please connect with us here: https://t.co/FJN2FrPn79. ^NR",technical_app,{'product': 'Prime'},unclear,,
conv_2640910,8,5,refund_return,keyword,@AmazonHelp I'm less than impressed with my Amazon Fire. Is there a book about making it better? Getting did of apps that aren't needed. Sharing #Audible with family. Might return this device soon. #i,"[2017-11-17T21:33:27] CUSTOMER: @AmazonHelp I'm less than impressed with my Amazon Fire. Is there a book about making it better? Getting did of apps that aren't needed. Sharing #Audible with family. Might return this device soon. #irritated
[2017-11-17T21:54:30] SUPPORT: @463802 I'm sorry for the trouble with your Fire Tablet. Are you trying to delete pre-installed apps or ones you've added? Also, which tablet are you using? You can compare them here: https://t.co/5u6sa3bAEU ^BH
[2017-11-17T22:0",refund_return,{'product': 'Kindle'},unclear,,
conv_2644964,11,2,billing_payment,keyword,"@115850 @AmazonHelp @115851 trust me,  it was the worst service ever. https://t.co/NoyF1x5LGO","[2017-10-31T04:27:07] CUSTOMER: @115850 @AmazonHelp @115851 trust me,  it was the worst service ever. https://t.co/NoyF1x5LGO
[2017-10-31T04:53:31] SUPPORT: @409804 Apologies for the trouble with the pick up. Kindly wait till you receive an update. Appreciate your patience. ^AK",billing_payment,,unclear,,
conv_2151917,14,2,delivery_issue,keyword,"@AmazonHelp hey, what's happened with next day delivery recently, I ordered stuff on Friday, I have prime but it not coming til Tuesday? Had this issue with alot of orders on Friday recently","[2017-11-26T13:13:55] CUSTOMER: @AmazonHelp hey, what's happened with next day delivery recently, I ordered stuff on Friday, I have prime but it not coming til Tuesday? Had this issue with alot of orders on Friday recently
[2017-11-26T13:30:00] SUPPORT: @373629 Hello, sorry about the delays you are having. Please have a look at this link as it will explain what has occurred: https://t.co/ncyQVM3FJu ^CR",delivery_issue,{'product': 'Prime'},unclear,,
conv_731976,6,2,billing_payment,keyword,@AmazonHelp @115830 why are you so quick to take money out of my bank account but not so quick at delivering? https://t.co/Z7UZrJwdYQ,"[2017-10-06T19:14:55] CUSTOMER: @AmazonHelp @115830 why are you so quick to take money out of my bank account but not so quick at delivering? https://t.co/Z7UZrJwdYQ
[2017-10-06T19:20:01] SUPPORT: @295202 Deliveries can occur up to 21:00. If you don't receive it by then, please reach out to us here: https://t.co/JzP7hlA23B ^KP",billing_payment,,unclear,,
conv_324468,4,17,delivery_issue,keyword,#Amazon @AmazonHelp What has happened to Amazon Prime deliveries. Should be next day. Now had 3 where either not arrived or are delayed,"[2017-10-07T15:04:27] CUSTOMER: #Amazon @AmazonHelp What has happened to Amazon Prime deliveries. Should be next day. Now had 3 where either not arrived or are delayed
[2017-10-07T15:19:00] SUPPORT: @193292 We don't want to let you down! Have we missed our expected delivery date here: https://t.co/aaDyEz1VgE ? ^JE
[2017-10-07T15:39:21] CUSTOMER: @AmazonHelp Yes you have. Delivery stated Royal Mail. Tracking states at local depot. But what mail we have had been delivered today. Also last delivery",delivery_issue,{'product': 'Prime'},unclear,,
conv_797450,15,4,delivery_issue,keyword,"Yet again, @AmazonHelp have lost 2 of my packages! 10th time now! Can I have a customer service number please?","[2017-10-12T15:07:35] CUSTOMER: Yet again, @AmazonHelp have lost 2 of my packages! 10th time now! Can I have a customer service number please?
[2017-10-12T15:11:58] SUPPORT: @310133 I'm so sorry, Aleisha! We can be reached here: https://t.co/JzP7hlA23B or at '0800 279 7234' to report the parcels. ^LB
[2017-10-12T15:16:05] CUSTOMER: @AmazonHelp Thank you. And do you have an email address to make yet another official complaint?
[2017-10-12T15:18:30] SUPPORT: @310133 You'll want to use the link giv",delivery_issue,,unclear,,
conv_1850522,12,5,refund_return,keyword,Dear @115821 my refund has not been credited to my bank account even after 25 days. Plz refund my amount. @115850 @AmazonHelp #Refund,"[2017-10-18T07:17:56] CUSTOMER: Dear @115821 my refund has not been credited to my bank account even after 25 days. Plz refund my amount. @115850 @AmazonHelp #Refund
[2017-10-18T07:26:55] SUPPORT: @553979 I understand your concern, have you reported this to our support team here: https://t.co/1827zgjucg? ^AH
[2017-10-18T07:29:27] CUSTOMER: @AmazonHelp I had a long conversation with support team but they are not solving the issue instead asking me to contact my bank. @115821
[2017-10-18T07:55:26]",refund_return,,unclear,,
conv_888271,12,11,refund_return,keyword,"@AmazonHelp One of your support staff replied to my query with ""we're unable to process the refund as the denomination is too high"". Can you translate this into English for me please? It makes no sens","[2017-11-25T15:40:12] CUSTOMER: @AmazonHelp One of your support staff replied to my query with ""we're unable to process the refund as the denomination is too high"". Can you translate this into English for me please? It makes no sense.
[2017-11-25T15:44:55] SUPPORT: @220539 Hi Carl, I'm sorry to hear about this. Did they mention needing to send this to another team to process for you? ^MI
[2017-11-25T15:47:35] CUSTOMER: @AmazonHelp Thanks @AmazonHelp! I don't think so, the full sentence was ""I'd ",refund_return,,unclear,,
conv_448217,14,3,delivery_issue,keyword,@AmazonHelp How can I get an email at 5:50pm tonight saying my parcel is out for delivery &amp; will be with me by 8pm. Now it’s saying expected between 1st-6th Dec! I know it’s in the local area as t,"[2017-11-30T20:09:33] CUSTOMER: @AmazonHelp How can I get an email at 5:50pm tonight saying my parcel is out for delivery &amp; will be with me by 8pm. Now it’s saying expected between 1st-6th Dec! I know it’s in the local area as they tried to delivery yesterday! https://t.co/iuB1Ka7YGt
[2017-11-30T20:29:00] SUPPORT: @221185 I'm very sorry for the delay. Did we give a reason for the delay? We're unable to access your order and account via Twitter. At your convenience, give us a shout here: http",delivery_issue,,unclear,,
conv_1707058,3,2,billing_payment,keyword,Trying to get @AmazonHelp to actually help me is an exercise in frustration,"[2017-11-06T22:58:54] CUSTOMER: Trying to get @AmazonHelp to actually help me is an exercise in frustration
[2017-11-06T23:05:31] SUPPORT: @517333 I'm sorry about any previous experiences! Is there a current order you're having issues with?  We'd love to help! ^QJ",billing_payment,,unclear,,
conv_2115551,9,2,billing_payment,keyword,@AmazonHelp alôooo tô tendo um probleminha com o pagamento do amazon prime e enviei dm pra vocês,"[2017-11-08T17:22:58] CUSTOMER: @AmazonHelp alôooo tô tendo um probleminha com o pagamento do amazon prime e enviei dm pra vocês
[2017-11-08T17:28:27] SUPPORT: @623655 Sinto muito pelo inconveniente, sugiro você entrar em contato como o SAC https://t.co/C4JS9UtEf8 para verificar o acontecido. ^VL",billing_payment,{'product': 'Prime'},unclear,,
conv_588670,2,7,billing_payment,keyword,@AmazonHelp i am still waiting for my order from okt 19 My Order is # 205-0259599-2733945 I know that the book came out on nov 14 but I am still waiting. hopefully you can help me greetings from the N,"[2017-12-03T15:52:49] CUSTOMER: @AmazonHelp i am still waiting for my order from okt 19 My Order is # 205-0259599-2733945 I know that the book came out on nov 14 but I am still waiting. hopefully you can help me greetings from the Netherlands
[2017-12-03T16:06:29] SUPPORT: @259138 Have you had any updates to the tracking on your order? Which one of our sites did you order from? Was it https://t.co/xib1YBfkwP of our other sites?^PJ
[2017-12-03T16:13:04] CUSTOMER: @AmazonHelp I ordered from amazon",billing_payment,{'order_id': '205-0259599-2733945'},unclear,,
conv_1210196,2,6,prime_subscription,keyword,"@AmazonHelp Hello, I accidentally purchased the full price prime and I am still a student, could someone help me please?","[2017-10-25T11:37:55] CUSTOMER: @AmazonHelp Hello, I accidentally purchased the full price prime and I am still a student, could someone help me please?
[2017-10-25T11:41:09] SUPPORT: @404082 Hi, you can manage Prime here: https://t.co/dCzJlX3XVW. Find more info about Prime Student here: https://t.co/5e4ZzrGxWy.
[2017-10-25T11:42:01] CUSTOMER: @AmazonHelp Thanks for this, is there anyway to get a refund? I haven't used the benefits yet
[2017-10-25T11:46:03] SUPPORT: @404082 If the benefits have ",prime_subscription,{'product': 'Prime'},unclear,,
conv_823149,10,2,general_inquiry,cluster_hint,@117086 @AmazonHelp dm!preciso tirar uma dúvida urgente!,"[2017-10-12T23:31:37] CUSTOMER: @117086 @AmazonHelp dm!preciso tirar uma dúvida urgente!
[2017-10-12T23:36:55] SUPPORT: @316083 Olá, João. Sem compartilhar informações pessoais ou da sua conta, me diga, como posso ajudar você hoje? ^CR",general_inquiry,,unclear,,
conv_2703119,17,5,non_english,keyword,@AmazonHelp iPhone X support on the kindle app?????,"[2017-11-19T21:50:51] CUSTOMER: @AmazonHelp iPhone X support on the kindle app?????
[2017-11-19T21:56:00] SUPPORT: @759260 Hey there, I'm sorry for any trouble you're having with the Kindle app. Will you tell us a little more about what's going on? ^DW
[2017-11-19T22:14:20] CUSTOMER: @AmazonHelp I’m not necessarily having trouble I just want to know when the app will be optimized for the iPhone X
[2017-11-26T03:26:01] CUSTOMER: @AmazonHelp @759260 It would be amazing if your Devs could set the h",non_english,{'product': 'Kindle'},unclear,,
conv_2219987,9,6,delivery_issue,keyword,"@AmazonHelp It's 12:25am here and item hasn't gone out for delivery yet, it due today but says 'expected now 10th-15th' what time should I contact support?","[2017-11-10T12:28:49] CUSTOMER: @AmazonHelp It's 12:25am here and item hasn't gone out for delivery yet, it due today but says 'expected now 10th-15th' what time should I contact support?
[2017-11-10T12:37:00] SUPPORT: @648448 I'll be happy to help, Richard! Could you please confirm if your estimated delivery date was changed from today to now between 10th-15th? What delivery date was provided in your order confirmation e-mail? We want to help! ^SD
[2017-11-10T12:40:47] CUSTOMER: @AmazonHelp It ",delivery_issue,{'product': 'Prime'},unclear,,
conv_1072552,1,2,billing_payment,keyword,"@AmazonHelp speaking for my bf, but why does he have a random charge of $700 on his amazon credit card he hadn’t used in months? @115821","[2017-10-23T15:38:24] CUSTOMER: @AmazonHelp speaking for my bf, but why does he have a random charge of $700 on his amazon credit card he hadn’t used in months? @115821
[2017-10-23T16:25:29] SUPPORT: @373090 Oh no! 😰 We want to look into this and find out! Please ask him to contact us here: https://t.co/hApLpMlfHN ^EA",billing_payment,,unclear,,
conv_322861,16,10,billing_payment,keyword,@15863 @AmazonHelp see wat happened toy sandal withn a mnth tym.Who s going to pay us for this #NastyQualityProduct https://t.co/i8gJLNQfmT,"[2017-09-19T15:54:17] CUSTOMER: @15863 @AmazonHelp see wat happened toy sandal withn a mnth tym.Who s going to pay us for this #NastyQualityProduct https://t.co/i8gJLNQfmT
[2017-09-19T16:50:25] SUPPORT: @192912 the best option is to contact the manufacturer for warranty claims. [2/2] ^HA
[2017-09-19T17:49:52] CUSTOMER: @AmazonHelp Please provide me the number and other details.Kindly do this needful asap
[2017-09-19T18:15:43] SUPPORT: @192912 We'd like to take a closer look on this. Please repor",billing_payment,,unclear,,
conv_894591,4,2,delivery_issue,keyword,@AmazonHelp what is the latest time you deliver? Still waiting for something that’s supposed to be delivered today,"[2017-10-13T18:17:36] CUSTOMER: @AmazonHelp what is the latest time you deliver? Still waiting for something that’s supposed to be delivered today
[2017-10-13T18:28:43] SUPPORT: @217963 Thanks for reaching out! Parcels can be delivered up until 21:00 on the delivery day. Please keep us posted on this! ^GL",delivery_issue,,unclear,,
conv_448641,1,7,billing_payment,keyword,@115830 @AmazonHelp I'll await your response on the matter,"[2017-11-30T20:43:51] CUSTOMER: @115830 @AmazonHelp I'll await your response on the matter
[2017-11-30T20:49:43] SUPPORT: @221294 This isn't the kind of experience we want you to have at all! We'd like to look into this. So we can best assist; who's the carrier listed under tracking information here: https://t.co/aaDyEz1VgE? ^WT
[2017-11-30T20:52:28] CUSTOMER: @AmazonHelp Yes..... It was an Amazon Shipping delivery (that's the carrier listed) live-chat don't understand the severity of the driver",billing_payment,,unclear,,
conv_80808,4,7,delivery_issue,keyword,@AmazonHelp @115821 if my package is expected to be delivered tomorrow why does it not show shipped yet status?,"[2017-11-29T21:40:27] CUSTOMER: @AmazonHelp @115821 if my package is expected to be delivered tomorrow why does it not show shipped yet status?
[2017-11-29T21:45:13] SUPPORT: @133927 Many packages are shipped the day they are delivered. We strive to deliver on the delivery date provided on the confirmation email. Please keep us updated on the packages arrival ^BA
[2017-11-29T21:58:22] CUSTOMER: @AmazonHelp If I dm the order number can you look into this? Lately every package shipped with prime s",delivery_issue,{'product': 'Prime'},unclear,,
conv_734125,6,8,delivery_issue,keyword,"@AmazonHelp what happen? I can't acces my acount, ask me for a code and never arrive to my mail, I tried 10 times ....","[2017-10-11T11:09:05] CUSTOMER: @AmazonHelp what happen? I can't acces my acount, ask me for a code and never arrive to my mail, I tried 10 times ....
[2017-10-11T11:11:47] CUSTOMER: @AmazonHelp i'm trying to login in Amazon UK and I tried with my account and girlfriend's and never arrives the code ...
[2017-10-11T11:21:26] SUPPORT: @295651 Please reach out to us so we can better assist. You can reach us here https://t.co/9jquJP3RcP ^VL
[2017-10-11T11:32:14] CUSTOMER: @AmazonHelp if I'm not rece",delivery_issue,,unclear,,
conv_1243354,15,8,refund_return,keyword,@AmazonHelp I need urgently need your mail to request a refund due to my amazon acoount was hacked,"[2017-10-25T23:18:58] CUSTOMER: @AmazonHelp I need urgently need your mail to request a refund due to my amazon acoount was hacked
[2017-10-25T23:25:04] SUPPORT: @411688 I'm sorry to hear of this, Hector! To confirm, which Amazon site are you using (https://t.co/nUUp5MLhYl, in, .es, etc..) ^BL
[2017-10-25T23:30:03] CUSTOMER: @AmazonHelp https://t.co/LF9O1boQAq
[2017-10-25T23:34:43] SUPPORT: @411688 Thanks for confirming, Hector! Let's take a look in real-time, via phone or chat, here: https://t.",refund_return,,unclear,,
conv_1625827,17,6,non_english,keyword,"@115850 @AmazonHelp, why is the convenient chat support not available in the Amazon Android app? :-/","[2016-12-24T18:48:16] CUSTOMER: @115850 @AmazonHelp, why is the convenient chat support not available in the Amazon Android app? :-/
[2016-12-24T19:30:57] SUPPORT: @125593 Hi, I'll be sure to share your comments as feedback with appropriate team internally for a review. ^SV
[2017-10-02T19:16:10] CUSTOMER: @AmazonHelp The chat support in app is now here. Nice! Dunno when it came, but good to know that it has been added!
Cc: @115850
[2017-10-02T19:24:27] SUPPORT: @125593 We're glad you liked our n",non_english,,unclear,,
conv_2292680,0,2,delivery_issue,keyword,@AmazonHelp just had an update saying they had tried to deliver the package at 9pm...... no one knocked on my door have a baby so dead quiet and they usually put it through my letter box 😡liars,"[2017-11-11T22:21:45] CUSTOMER: @AmazonHelp just had an update saying they had tried to deliver the package at 9pm...... no one knocked on my door have a baby so dead quiet and they usually put it through my letter box 😡liars
[2017-11-11T22:26:34] SUPPORT: @435007 I'm sorry to hear this. Have you had a chance to reach out to us by phone or chat using the following link to report this and receive real-time assistance? You can do so here: https://t.co/qy3J24VGxb ^GR",delivery_issue,,unclear,,
conv_1193997,10,5,billing_payment,keyword,This pkg was supposed to be GIFT WRAPPED and the condition of the box is HORRIBLE @AmazonHelp https://t.co/qXBIcKreKD,"[2017-10-25T00:47:27] CUSTOMER: This pkg was supposed to be GIFT WRAPPED and the condition of the box is HORRIBLE @AmazonHelp https://t.co/qXBIcKreKD
[2017-10-25T01:31:00] SUPPORT: @203955 Uh oh! It looks like this was shipped with Frustration-Free Packaging. More info here: https://t.co/jmV2BBdYqJ ^LS
[2017-10-25T01:38:11] CUSTOMER: @AmazonHelp Right...but I PAID for it to be gift wrapped so why was it shipped in frustration free packaging?
[2017-10-25T01:43:20] CUSTOMER: @AmazonHelp I just sen",billing_payment,,unclear,,
conv_128830,6,4,billing_payment,keyword,"@AmazonHelp @115850 ???

#SUPERVALUEDAYQUIZ 

#AMAZONPAYQUIZ

#AMAZONFESTIVERIDDLES

#SUPERVALUEDAYQUIZ

#REDTAPEAPPQUIZ

#AVEENOBABYQUIZ

#LGQ6APPQUIZ

#ONEPLUS5TAPPQUIZ

#AMAZONRECHARGEQUIZ

#CHILDR","[2017-11-24T04:10:11] CUSTOMER: @AmazonHelp @115850 ???

#SUPERVALUEDAYQUIZ 

#AMAZONPAYQUIZ

#AMAZONFESTIVERIDDLES

#SUPERVALUEDAYQUIZ

#REDTAPEAPPQUIZ

#AVEENOBABYQUIZ

#LGQ6APPQUIZ

#ONEPLUS5TAPPQUIZ

#AMAZONRECHARGEQUIZ

#CHILDRENSDAYRIDDLES

#KINDLEANNIVERSARYQUIZ

#BLACKFRIDAYAPPQUIZ

#AMAZONPAYAPPQUIZ
[2017-11-24T04:13:55] CUSTOMER: @AmazonHelp @115850 Played every quiz but still till date not a single winner name came out. Transparency is not there. You should publish name on your Twitte",billing_payment,{'product': 'Kindle'},unclear,,
conv_961442,0,2,delivery_issue,cluster_hint,"@AmazonHelp I got a new phone 3 days ago &amp; I tried to update my new number, but it said the number is already in use. Can this be fixed?","[2017-10-14T02:54:21] CUSTOMER: @AmazonHelp I got a new phone 3 days ago &amp; I tried to update my new number, but it said the number is already in use. Can this be fixed?
[2017-10-14T03:05:30] SUPPORT: @348154 Thanks for reaching out to us here. Please contact us here so we can look into this: https://t.co/EKXRLsnxJu ^GG",delivery_issue,,unclear,,
conv_313664,10,6,delivery_issue,keyword,Delivered defective order and now telling me to courier it. Companies like @118702 Replace it by coming home.@115850 @AmazonHelp see it https://t.co/qn6Dxrqjjo,"[2017-10-07T04:32:17] CUSTOMER: Delivered defective order and now telling me to courier it. Companies like @118702 Replace it by coming home.@115850 @AmazonHelp see it https://t.co/qn6Dxrqjjo
[2017-10-07T04:34:14] CUSTOMER: @118702 @115850 @AmazonHelp I'll cancel all my orders if not replaced by coming home😡😡😡 @115850 @115821 @AmazonHelp . And will never use @115850 . Depends on u now
[2017-10-07T05:35:53] SUPPORT: @190898 I understand your concern, few sellers might not provide pickup facility.",delivery_issue,,unclear,,
conv_954303,11,5,order_problem,keyword,@AmazonHelp you damaged &amp;returned my item and refuse to replace it. Its an addon item &amp; told me to have it replaced I have to buy more stuff,"[2017-10-14T01:33:00] CUSTOMER: @AmazonHelp you damaged &amp;returned my item and refuse to replace it. Its an addon item &amp; told me to have it replaced I have to buy more stuff
[2017-10-14T01:55:41] SUPPORT: @346432 I'm sorry for the frustration, we are unable to ship add-on items on their own. Did we issue a refund for your order instead? ^MB
[2017-10-14T01:56:56] CUSTOMER: @AmazonHelp My issue was that I didn’t want a refund I want my item replaced without having to spend $25 to reach the ",order_problem,,unclear,,
conv_1727210,3,2,technical_app,keyword,@AmazonHelp right y’all I️ need help. Can I not use prime reading if I’m not the primary member? I’m not sure why it’s not working for me,"[2017-11-07T05:11:24] CUSTOMER: @AmazonHelp right y’all I️ need help. Can I not use prime reading if I’m not the primary member? I’m not sure why it’s not working for me
[2017-11-07T05:50:00] SUPPORT: @447894 I'm sorry, Prime Reading cannot be shared. Benefits that can be shared via Household are listed here: https://t.co/kQycvlXG2E ^LL",technical_app,{'product': 'Prime'},unclear,,
conv_607289,7,2,non_english,keyword,"@AmazonHelp Buenas tardes, ¿podéis contestarme al mensaje privado que os he mandado? Gracias.","[2017-11-22T11:47:55] CUSTOMER: @AmazonHelp Buenas tardes, ¿podéis contestarme al mensaje privado que os he mandado? Gracias.
[2017-11-22T11:50:28] SUPPORT: @264321 Hola, con gusto te responderemos por este medio. ¡Saludos! ^AZ",non_english,,unclear,,
conv_921468,15,3,billing_payment,keyword,@AmazonHelp My brother received an email that I made a purchase on his card (which I didn't) who do I contact to get clarification? Was only 99c but we have no idea what it is,"[2017-10-21T12:47:50] CUSTOMER: @AmazonHelp My brother received an email that I made a purchase on his card (which I didn't) who do I contact to get clarification? Was only 99c but we have no idea what it is
[2017-10-21T12:54:34] SUPPORT: @190156 Please don't reply in case the email is not from Amazon. Instead, get in touch here: https://t.co/hApLpMlfHN and we'll help. ^RL
[2017-10-21T14:15:10] CUSTOMER: @AmazonHelp Thank you! All resolved!",billing_payment,,unclear,,
conv_1950208,18,2,delivery_issue,keyword,@115821 @AmazonHelp Any idea why an order that was supposed to arrive today still hasn't shipped? =/ https://t.co/7kxG5xKMCB,"[2017-10-18T16:36:07] CUSTOMER: @115821 @AmazonHelp Any idea why an order that was supposed to arrive today still hasn't shipped? =/ https://t.co/7kxG5xKMCB
[2017-10-18T16:39:44] SUPPORT: @579266 It's not uncommon for an item to ship out and be delivered the same day. Please keep us posted! ^TR",delivery_issue,,unclear,,
conv_1240710,12,10,delivery_issue,keyword,"@AmazonHelp It says it will be arriving today, but it also says it's delayed. Should I expect it to arrive today or not? https://t.co/HEkrQ8twpQ","[2017-10-16T19:23:56] CUSTOMER: @AmazonHelp It says it will be arriving today, but it also says it's delayed. Should I expect it to arrive today or not? https://t.co/HEkrQ8twpQ
[2017-10-16T19:29:34] SUPPORT: @411009 That's odd. What does the most recent tracking detail show as the status? Check from the order: https://t.co/Y5jpI9gRhE ^MJ
[2017-10-16T21:19:06] CUSTOMER: @AmazonHelp Sorry for taking so long to respond. Here my tracking details https://t.co/OmcGheGsQC
[2017-10-16T21:24:32] SUPPORT:",delivery_issue,,unclear,,
conv_2405179,6,8,prime_subscription,keyword,"@AmazonHelp Hi there, am I able to transfer my UK Prime account to IRL?","[2017-11-14T14:33:21] CUSTOMER: @AmazonHelp Hi there, am I able to transfer my UK Prime account to IRL?
[2017-11-14T14:59:01] SUPPORT: @467431 Products eligible for Amazon Prime delivery benefits will be designated on the product page and at checkout. You can find more info here: https://t.co/hlTeCZhyCe ^AF
[2017-11-14T15:11:37] CUSTOMER: @AmazonHelp That’s not what I’m asking.
Can I PERMANENTLY change my account from the UK to be used in Ireland (I’m emigrating), or do I need to quit and sign-u",prime_subscription,{'product': 'Prime'},unclear,,
conv_671710,2,7,escalation_needed,keyword,"@AmazonHelp hi team, I had ordered a watch through Amazon US with 2-day expedited delivery.. but the delivery was delayed by a day.. in that case, I could have gone for Standard delivery instead of a ","[2017-11-23T07:21:17] CUSTOMER: @AmazonHelp hi team, I had ordered a watch through Amazon US with 2-day expedited delivery.. but the delivery was delayed by a day.. in that case, I could have gone for Standard delivery instead of a wasting $9.99 for a 2-day delivery! ☹️
[2017-11-23T07:27:28] SUPPORT: @280267 I am sorry to hear this, Kevin. What was the day that the watch was scheduled to be delivered?^SM
[2017-11-23T09:01:54] CUSTOMER: @AmazonHelp it was ordered on 18th Nov and supposed to be de",escalation_needed,,unclear,,
conv_1666571,10,6,general_inquiry,cluster_hint,"Highly disappointed with @AmazonHelp @115821 More than INR 14,000 is to be refunded and no1 cares to revert to a single mail of mine!","[2017-11-06T10:58:08] CUSTOMER: Highly disappointed with @AmazonHelp @115821 More than INR 14,000 is to be refunded and no1 cares to revert to a single mail of mine!
[2017-11-06T11:17:02] SUPPORT: @507691 Sorry about that. Kindly connect with us here:https://t.co/vlvfJr4nN9 and we'll look into it. ^PB
[2017-11-06T11:19:59] CUSTOMER: @AmazonHelp I have done this a million times.  Been going back and forth for a month now. When i ask you guys to give me  Call automation says...
[2017-11-06T11:20:5",general_inquiry,,unclear,,
conv_2449711,3,3,escalation_needed,keyword,@115850 @AmazonHelp Hi Team I got a Amazon giftcard today but while adding its showing invalid code... plz help asap,"[2017-10-29T16:01:08] CUSTOMER: @115850 @AmazonHelp Hi Team I got a Amazon giftcard today but while adding its showing invalid code... plz help asap
[2017-10-29T16:16:48] SUPPORT: @702098 team here: https://t.co/vlvfJr4nN9 and we'll get this sorted immediately. 2/2 ^SK
[2017-10-29T16:16:48] SUPPORT: @702098 I'm sorry for the trouble. That shouldn't be happening. Request you to connect with our support 1/2 ^SK",escalation_needed,,unclear,,
conv_1027505,10,2,billing_payment,keyword,@AmazonHelp the amount of packaging for the clothes basked to the left is beyond belief! Total waste and filled half my recycling... https://t.co/ZaF3XJ0nzH,"[2017-10-14T17:19:35] CUSTOMER: @AmazonHelp the amount of packaging for the clothes basked to the left is beyond belief! Total waste and filled half my recycling... https://t.co/ZaF3XJ0nzH
[2017-10-14T17:25:01] SUPPORT: @363140 You can leave our shipping department your packaging feedback by using this link: https://t.co/pMJo8UCD8X ^GL",billing_payment,,unclear,,
conv_2266806,14,8,technical_app,keyword,@AmazonHelp any reason why when I’m on the uk site the prime option no longer delivers on weekends?,"[2017-11-10T22:06:14] CUSTOMER: @AmazonHelp any reason why when I’m on the uk site the prime option no longer delivers on weekends?
[2017-11-11T07:05:01] CUSTOMER: @AmazonHelp HI @AmazonHelp any info on this issue?
[2017-11-11T07:21:02] SUPPORT: @145701 It does depend on the item - can you also pls check your wkend delivery setting: https://t.co/N662IvNf5p .  Pls click on 'Edit' to ensure wkend delivery available ^TD
[2017-11-11T07:26:58] CUSTOMER: @AmazonHelp All checked. Also deleted and re-ad",technical_app,{'product': 'Prime'},unclear,,
conv_861863,0,10,delivery_issue,keyword,@AmazonHelp I havent had an update on my order for 3 days. can you assist. I have set the delivery for somewhere i will only be for 7 days.,"[2017-10-13T14:36:28] CUSTOMER: @AmazonHelp I havent had an update on my order for 3 days. can you assist. I have set the delivery for somewhere i will only be for 7 days.
[2017-10-13T14:40:36] SUPPORT: @324649 I'm sorry for the trouble! Just to clarify, which marketplace (co.uk, .de, .com) did you  place your order from? ^KP
[2017-10-13T14:41:15] CUSTOMER: @AmazonHelp .co.uk.
[2017-10-13T14:45:00] SUPPORT: @324649 We're here to help! The expected delivery date provided here: https://t.co/aaDyEz",delivery_issue,,unclear,,
conv_2538159,16,12,delivery_issue,keyword,@AmazonHelp why is the delivery I'm expecting today &amp; had email confirmation yesterday of dispatch for today now showing upto the 21st for delivery?,"[2017-11-16T09:17:08] CUSTOMER: @AmazonHelp why is the delivery I'm expecting today &amp; had email confirmation yesterday of dispatch for today now showing upto the 21st for delivery?
[2017-11-16T09:31:00] SUPPORT: @721908 I am sorry to hear this Marc, can I ask, what was the original estimated delivery date given to you on the confirmation email please? ^GA
[2017-11-16T09:33:19] CUSTOMER: @AmazonHelp At 20:46 last night in the email  confirmation was for today 16th
[2017-11-16T09:39:19] CUSTOM",delivery_issue,,unclear,,
conv_1680689,3,4,billing_payment,keyword,@115850 @AmazonHelp Hey my #DiwaliKiTayari is going in vain not able to add money to my amazon pay and order gifts to my loved ones. Help,"[2017-10-17T15:12:12] CUSTOMER: @115850 @AmazonHelp Hey my #DiwaliKiTayari is going in vain not able to add money to my amazon pay and order gifts to my loved ones. Help
[2017-10-17T16:15:03] SUPPORT: @511033 Sorry for the hassle. Please report this to our support team here: https://t.co/vlvfJr4nN9 and we'll check this. ^HN
[2017-10-17T16:41:03] CUSTOMER: @AmazonHelp Already did but my problem is not solved !
[2017-10-17T16:53:01] SUPPORT: @511033 We'd like to look into this, please share your d",billing_payment,,unclear,,
conv_2023078,8,10,non_english,keyword,|@115821 @AmazonHelp @115850 | Amazon Chat Bots n Social Bots are the Best Examples for Why we don't need AI in near future by any means !,"[2017-10-18T20:57:19] CUSTOMER: |@115821 @AmazonHelp @115850 | Amazon Chat Bots n Social Bots are the Best Examples for Why we don't need AI in near future by any means !
[2017-10-18T21:02:05] SUPPORT: @367525 Sorry for any hassle. Could you confirm if you've shared your details in the link provided earlier? ^SQ
[2017-10-18T21:06:29] CUSTOMER: @AmazonHelp Tok Tok...! Are you a Human or a Bot...?
[2017-10-18T21:23:01] SUPPORT: @367525 We are humans responding to you. ^NR
[2017-10-18T21:28:56] CUS",non_english,,unclear,,
conv_1616303,17,2,non_english,keyword,@65846 is this available on the @AmazonHelp app store? My 5 year old loves it on my laptop and is getting a fire 7 tablet at Xmas,"[2017-11-25T13:14:49] CUSTOMER: @65846 is this available on the @AmazonHelp app store? My 5 year old loves it on my laptop and is getting a fire 7 tablet at Xmas
[2017-11-25T13:21:25] SUPPORT: @282996 Hi, you can find available apps on the Fire 7 tablet here: https://t.co/v7lU7czK7z ^ES",non_english,,unclear,,
conv_552003,19,10,non_english,keyword,"@AmazonHelp Bonsoir, toujours un plaisir de payer le prime pour recevoir ses commandes 3-4 jours après. 
cc @131800  j'arrive :)","[2017-12-02T19:07:51] CUSTOMER: @AmazonHelp Bonsoir, toujours un plaisir de payer le prime pour recevoir ses commandes 3-4 jours après. 
cc @131800  j'arrive :)
[2017-12-02T19:16:00] SUPPORT: @248668 Bonsoir, pourriez-vous nous en dire davantage sur le problème que vous rencontrez? ^BR
[2017-12-02T21:13:55] CUSTOMER: @AmazonHelp Oui sans problèmes. Mes 3 dernières commandes sont arrivées avec du retard.. et la derniere completement abîmée.. un retard de temps en temps ok mais la ... 🤔🤔
[2017-12-",non_english,{'product': 'Prime'},unclear,,
conv_2679353,18,2,delivery_issue,keyword,Dear @AmazonHelp I had ordered something.&amp; u didn't deliver. Then I had a chat with ur https://t.co/i0mH6A2HvK ex. &amp; told him to deliver as soon as possible. But he canceled my order.he mayn't,"[2017-11-19T14:28:29] CUSTOMER: Dear @AmazonHelp I had ordered something.&amp; u didn't deliver. Then I had a chat with ur https://t.co/i0mH6A2HvK ex. &amp; told him to deliver as soon as possible. But he canceled my order.he mayn't understand the conversation.But hope...this won't happen again.
[2017-11-19T14:53:00] SUPPORT: @753907 Sorry to know about the order cancellation. Please place a new order and I'm positive the order would be delivered without any hassle. Also, I'll take this as a fee",delivery_issue,,unclear,,
conv_349400,16,4,billing_payment,keyword,why won't my books ship . @AmazonHelp,"[2017-10-08T08:24:21] CUSTOMER: why won't my books ship . @AmazonHelp
[2017-10-08T08:35:00] SUPPORT: @199163 When is the delivery estimate on your order? ^AS
[2017-10-08T08:36:29] CUSTOMER: @AmazonHelp it was supposed to arrive on 10\6 but the status never went past ""shipping soon"" &amp; today I received an email saying it's undeliverable?
[2017-10-08T08:55:29] SUPPORT: @199163 Sorry to hear that. Orders can become undeliverable for different reason mentioned here: https://t.co/lZSXgFL72W ^RS",billing_payment,,unclear,,
conv_2526221,18,2,technical_app,keyword,"Hey @AmazonHelp! Any idea why I just received two order history reports? I never requested them, and they came in one minute apart. Glitch on your end?","[2017-11-16T03:53:29] CUSTOMER: Hey @AmazonHelp! Any idea why I just received two order history reports? I never requested them, and they came in one minute apart. Glitch on your end?
[2017-11-16T04:05:30] SUPPORT: @675142 Order history reports are only sent at your request. If you haven't requested a report, I would suggest to change your password on your account. More information can be found here: https://t.co/ykoPAZwmf1  ^JP",technical_app,,unclear,,
conv_297949,2,7,billing_payment,keyword,Super disappointed with @AmazonHelp,"[2017-10-06T18:56:40] CUSTOMER: Super disappointed with @AmazonHelp
[2017-10-06T19:20:30] SUPPORT: @186335 So sorry we've let you down, Crystal! Without including account info, can you tell us what's going on? We're here to help! ^AD
[2017-10-08T10:33:45] CUSTOMER: @AmazonHelp Still no reply...?
[2017-10-08T11:12:32] SUPPORT: @186335 Sorry to hear that, contact us here:  https://t.co/jQfNsGQINu help ^AS
[2017-10-08T12:43:46] CUSTOMER: @AmazonHelp Thanks but that link just takes me to the normal ",billing_payment,,unclear,,
conv_1120384,0,12,delivery_issue,keyword,@AmazonHelp spoke to logistics again today.   Didn’t go well was told it was gonna be delivered I believe she was talking about another purc,"[2017-10-15T13:01:48] CUSTOMER: @AmazonHelp spoke to logistics again today.   Didn’t go well was told it was gonna be delivered I believe she was talking about another purc
[2017-10-15T13:11:00] SUPPORT: @356983 I'm sorry for the troubles. Were we able to provide an updated delivery date? Please keep us updated! ^AB
[2017-10-15T13:13:07] CUSTOMER: @AmazonHelp I was told today.  But I show nothing on tracking except for the diff order.   I have never had issues like this
[2017-10-15T13:24:00] SUP",delivery_issue,,unclear,,
conv_1279828,11,77,account_access,keyword,"Bad customer service. Did not receive my order yet, even after the customer service employee confirmed. @115850 @AmazonHelp","[2017-10-26T16:36:01] CUSTOMER: Bad customer service. Did not receive my order yet, even after the customer service employee confirmed. @115850 @AmazonHelp
[2017-10-26T16:45:26] SUPPORT: @366269 Apologies for the delay in delivery of your order, Sumedha. I'd like to take a closer look. 1/2 ^HD
[2017-10-26T16:46:00] SUPPORT: @366269 Please share your details here: https://t.co/GIJyeYqKE0 and I'll get in touch with you. 2/2 ^HD
[2017-10-26T16:53:56] CUSTOMER: @AmazonHelp I HAVE ALREADY DONE THAT.
",account_access,,unclear,,
conv_781642,5,6,prime_subscription,cluster_hint,@AmazonHelp Will I ever get my order 408-0742100-2445928??,"[2017-10-12T06:19:45] CUSTOMER: @AmazonHelp Will I ever get my order 408-0742100-2445928??
[2017-10-12T06:54:00] SUPPORT: @306605 Sorry for the delay in the delivery. I'd like to help. Kindly share your details here: https://t.co/JzRdscmdH9  ^AK (1/2)
[2017-10-12T06:54:28] SUPPORT: @306605 Please don't provide your order details, we consider it personal information. Our Twitter page is visible to the public. ^AK 2/2
[2017-10-16T06:39:27] CUSTOMER: @AmazonHelp Hey Team, I was told that u wud deli",prime_subscription,"{'order_id': '408-0742100-2445928', 'product': 'Prime'}",unclear,,
conv_1234078,10,3,billing_payment,keyword,@AmazonHelp has the WORST customer service period,"[2017-10-25T17:35:32] CUSTOMER: @AmazonHelp has the WORST customer service period
[2017-10-25T18:03:37] SUPPORT: @409450 I'm sorry you had a poor experience. Without giving any account/personal info, can you tell us about the problem? ^SJ
[2017-10-25T18:06:58] CUSTOMER: @AmazonHelp i am still having the issue as I am still holding. will report to @118156",billing_payment,,unclear,,
conv_2611641,9,2,billing_payment,keyword,"@AmazonHelp hi, I have cancelled my amazon prime account but the payment has still been collected post cancellation. Help please","[2017-11-17T11:43:00] CUSTOMER: @AmazonHelp hi, I have cancelled my amazon prime account but the payment has still been collected post cancellation. Help please
[2017-11-17T11:53:54] SUPPORT: @738479 Hi, is it showing that your Prime subscription is canceled on your account? You can check here: http:https://t.co/a4Yc9lKczA ^ES",billing_payment,{'product': 'Prime'},unclear,,
conv_947697,12,3,delivery_issue,keyword,@AmazonHelp Just wanna ask what takes over 7 hours to get my package to my house. Out for delivery at 7:53 am. 3:30 and its still not here.,"[2017-10-21T19:29:56] CUSTOMER: @AmazonHelp Just wanna ask what takes over 7 hours to get my package to my house. Out for delivery at 7:53 am. 3:30 and its still not here.
[2017-10-21T19:37:00] SUPPORT: @344742 This will depend on the carrier, some make deliveries up to 8:00 PM. Please let us know if it doesn't arrive as expected! ^JR
[2017-10-21T19:40:39] CUSTOMER: @AmazonHelp Well it just got here 10 minutes after I tweet. curse my timing. Oh well, its here and thats all that matters",delivery_issue,,unclear,,
conv_2474837,7,16,non_english,keyword,"@amazonhelp N° DE COMMANDE
403-2059726-1373119 impossible d'avoir la facture","[2017-11-15T13:22:16] CUSTOMER: @amazonhelp N° DE COMMANDE
403-2059726-1373119 impossible d'avoir la facture
[2017-11-15T13:24:44] SUPPORT: @707537 Bonjour, navrée d'apprendre cela. L'avez-vous signalé à notre service client s'il vous plaît? ^SA
[2017-11-15T13:25:12] CUSTOMER: @AmazonHelp idem que l'autre demande
[2017-11-15T13:30:34] CUSTOMER: @AmazonHelp acheter sur amazon Vendu par : BST Moto
[2017-11-15T13:37:00] SUPPORT: @707537 c'est de sa responsabilité de vous fournir une facture.^FT
[20",non_english,{'order_id': '403-2059726-1373119'},unclear,,
conv_2859792,7,4,non_english,keyword,"@116875 @AmazonHelp  Que puedo hacer para solucionar este error ya intente varias veces y sale lo mismo, revise el método de pago y todo está en orden, mi tarjeta está activa https://t.co/kLE8w36ptq","[2017-11-27T22:38:10] CUSTOMER: @116875 @AmazonHelp  Que puedo hacer para solucionar este error ya intente varias veces y sale lo mismo, revise el método de pago y todo está en orden, mi tarjeta está activa https://t.co/kLE8w36ptq
[2017-11-27T22:41:27] SUPPORT: @794700 Hola Bertie, ¿has revisado que tu tarjeta sea uno de los métodos de pago aceptados? https://t.co/EYO4Q3dro3 ^JD
[2017-11-27T22:46:58] CUSTOMER: @AmazonHelp Si, hace una semana hice otra compra con la misma tarjeta y todo salió bie",non_english,,unclear,,
conv_243227,1,11,non_english,cluster_hint,"@AmazonHelp it had my daughter's sleep sack, and it's effecting our whole family's sleep😔 (2/2)","[2017-10-05T14:22:25] CUSTOMER: @AmazonHelp it had my daughter's sleep sack, and it's effecting our whole family's sleep😔 (2/2)
[2017-10-05T14:27:00] SUPPORT: @173754 I am very sorry for the troubles, Marley! Have you tried these steps: https://t.co/Y4hwXoNXVw to locate the delivery? ^FR
[2017-10-05T14:33:37] CUSTOMER: @AmazonHelp This is what it says when I track the package. Does this mean it's at the post office? I need ASAP before we leave for a trip. https://t.co/fiBCQTvIos
[2017-10-05T14:4",non_english,,unclear,,
conv_622551,12,7,delivery_issue,keyword,"When you come home to an absolutely sodden, ruined parcel. I’m actually fuming @AmazonHelp 😡😡😡😡😡😡😡😡 https://t.co/VgTMe0m8Aq","[2017-11-21T19:57:56] CUSTOMER: When you come home to an absolutely sodden, ruined parcel. I’m actually fuming @AmazonHelp 😡😡😡😡😡😡😡😡 https://t.co/VgTMe0m8Aq
[2017-11-21T20:02:00] SUPPORT: @267760 I'm terribly sorry for the condition of your parcel, Kelly! We can look into the available refund/replace options and leave carrier feedback for you here: https://t.co/JzP7hlA23B. ^WJ
[2017-11-21T20:06:33] CUSTOMER: @AmazonHelp How can I return it-I have nothing to return it in? The box is so wet it is c",delivery_issue,{'product': 'Prime'},unclear,,
conv_332371,18,5,delivery_issue,keyword,"@AmazonHelp @122232 ...today &amp; the 10th. The way we find out, by checking package tracker. No information has been forthcoming....","[2017-10-07T19:07:44] CUSTOMER: @AmazonHelp @122232 ...today &amp; the 10th. The way we find out, by checking package tracker. No information has been forthcoming....
[2017-10-07T19:10:03] SUPPORT: @192913 Sorry for the delay! Reach us here: https://t.co/JzP7hlA23B for options of your order doesn't arrive by the 10th. ^EZ
[2017-10-07T19:12:27] CUSTOMER: @AmazonHelp That apology is next to useless, shouldn't you be asking me for order details &amp; finding out why you, your supplier &amp; courier",delivery_issue,,unclear,,
conv_2973871,18,2,delivery_issue,keyword,"@AmazonHelp @115821 #primefail : when your order is guaranteed to arrive on the Wed. before the holiday, but arrives days late, after you’ve already left town. Added bonus: your other order is now del","[2017-11-30T01:57:31] CUSTOMER: @AmazonHelp @115821 #primefail : when your order is guaranteed to arrive on the Wed. before the holiday, but arrives days late, after you’ve already left town. Added bonus: your other order is now delayed another week. Ordered 11/19, delivery 12/6. I’ll take my $99 back, thanks.
[2017-11-30T02:03:00] SUPPORT: @820176 I'm sorry for the ongoing trouble with your deliveries! Have you had a chance to contact us directly about this: https://t.co/hApLpMlfHN? If so, what",delivery_issue,{'product': 'Prime'},unclear,,
conv_1072536,17,6,non_english,keyword,@AmazonHelp Hey guys.. Cloud Sync never finishes syncing. Issue has persisted for months on and off. Desktop app needs an upgrade. https://t.co/leiUfFz5TW,"[2017-10-23T16:13:02] CUSTOMER: @AmazonHelp Hey guys.. Cloud Sync never finishes syncing. Issue has persisted for months on and off. Desktop app needs an upgrade. https://t.co/leiUfFz5TW
[2017-10-23T16:27:50] SUPPORT: @367874 Oh no! I'm sorry for the troubles. Let's look into some live troubleshooting here: https://t.co/hApLpMlfHN ^TG
[2017-10-23T16:29:24] CUSTOMER: @AmazonHelp With all respect, guys. I've done this with you a few times. I get directed to call, then get the same steps each time.",non_english,,unclear,,
conv_1310281,3,8,billing_payment,keyword,"What the Hell @115821, close my account and then ask me to fax you proof. Here in Africa FAX has been sent to the history pages @AmazonHelp","[2017-10-16T10:44:35] CUSTOMER: What the Hell @115821, close my account and then ask me to fax you proof. Here in Africa FAX has been sent to the history pages @AmazonHelp
[2017-10-16T10:51:00] SUPPORT: @426194 Hi there- Have you looked into online fax options? ^NV
[2017-10-16T10:51:47] CUSTOMER: @AmazonHelp What is an email for?
[2017-10-16T10:53:37] CUSTOMER: @AmazonHelp How about being clever with your remarks give me an email address I can use so you can assist a client!
[2017-10-16T10:55:42",billing_payment,,unclear,,
conv_15268,2,3,escalation_needed,keyword,.@115850 @AmazonHelp thanks for no replies whatsoever on my complaint.an you please tell me what more should I do? @119351 @1015,"[2017-11-01T02:53:53] CUSTOMER: .@115850 @AmazonHelp thanks for no replies whatsoever on my complaint.an you please tell me what more should I do? @119351 @1015
[2017-11-01T03:09:00] SUPPORT: @119350 Apologies for the trouble with the delivery of the order. I'd like to take a closer look at this. ^AK (1/2)
[2017-11-01T03:11:00] SUPPORT: @119350 Please fill in your details using the link: https://t.co/JzRdscmdH9 and I'll get in touch with you soon. ^AK (2/2)",escalation_needed,,unclear,,
conv_1517781,0,4,delivery_issue,cluster_hint,@AmazonHelp Whats the update on my Xbox One X Project Scorpio preorder. Am I not getting it. @115786 .,"[2017-11-03T19:05:00] CUSTOMER: @AmazonHelp Whats the update on my Xbox One X Project Scorpio preorder. Am I not getting it. @115786 .
[2017-11-03T19:18:00] SUPPORT: @472131 Hi. What date does your order show for delivery? You can check here: https://t.co/Y5jpI9gRhE Let us know! ^DA
[2017-11-03T20:33:10] CUSTOMER: @AmazonHelp  https://t.co/BrGR23Rrza
[2017-11-04T21:22:31] CUSTOMER: @AmazonHelp @AmazonHelp Cant believe that my friends order the same item at the same time as me &amp; they already ",delivery_issue,,unclear,,
conv_273850,1,2,billing_payment,keyword,@AmazonHelp I hv ordered one item by using amazon pay balance. But i hvn't received my 15% cashback. Plz solve my prblm,"[2017-10-06T04:27:04] CUSTOMER: @AmazonHelp I hv ordered one item by using amazon pay balance. But i hvn't received my 15% cashback. Plz solve my prblm
[2017-10-06T05:12:15] SUPPORT: @158512 Kindly request you to connect us via this link here https://t.co/1kO8zFpPxW and we'll reach out to you soon. ^VM",billing_payment,,unclear,,
conv_1544553,10,13,billing_payment,keyword,"@AmazonHelp 
Very disappointing","[2017-11-04T05:18:58] CUSTOMER: @AmazonHelp 
Very disappointing
[2017-11-04T05:25:22] SUPPORT: @478415 Hello! Please make sure to check your DMs response for your original request for assistance. ^RM
[2017-11-04T05:28:54] CUSTOMER: @AmazonHelp I have ordered Samsung galaxy tab E for £139.
I did not receive my good and it says it's been delivered. and is not been delivered.
[2017-11-04T05:52:52] CUSTOMER: @AmazonHelp Not doing anything to investigate. Not responding to my complaint. disgusting.
[",billing_payment,,unclear,,
conv_2290516,10,2,delivery_issue,keyword,"@AmazonHelp No worse feeling than when a package says 'arriving today by 8pm' and it hasn't shipped yet.
Also spoke to a representative yesterday who guaranteed it'd be here today, but they also asked","[2017-11-12T08:06:46] CUSTOMER: @AmazonHelp No worse feeling than when a package says 'arriving today by 8pm' and it hasn't shipped yet.
Also spoke to a representative yesterday who guaranteed it'd be here today, but they also asked for my age after I told them my name, which was kind of offensive.
[2017-11-12T08:09:24] SUPPORT: @665346 Hi Samantha- Has the tracking updated for you? Have you received any updates regarding this order? Apologizes for any offensive caused when you spoke with us. ^N",delivery_issue,,unclear,,
conv_2289166,2,19,delivery_issue,keyword,"@115821 @AmazonHelp same-day guaranteed delivery turned into delivery expected over next 3 days.... not how any order should be treated, let alone a $600 order. Thanks for making me wait around all da","[2017-11-12T04:38:59] CUSTOMER: @115821 @AmazonHelp same-day guaranteed delivery turned into delivery expected over next 3 days.... not how any order should be treated, let alone a $600 order. Thanks for making me wait around all day for an order that would never be delivered or explaining why it's delayed
[2017-11-12T04:41:09] CUSTOMER: @115821 @AmazonHelp btw, chat support tried to give me a 5$ credit and told me to call the courier myself to figure out where my delivery is..... pretty sure th",delivery_issue,,unclear,,
conv_2322602,15,3,billing_payment,keyword,Finally got my screen protector for my S8+ from @115821 but unfortunately it was completely destroyed and ripped to pieces. @AmazonHelp https://t.co/8sAoabWo4T,"[2017-10-19T23:57:38] CUSTOMER: Finally got my screen protector for my S8+ from @115821 but unfortunately it was completely destroyed and ripped to pieces. @AmazonHelp https://t.co/8sAoabWo4T
[2017-10-20T00:09:29] SUPPORT: @673004 Sorry your package arrived like this! Was it shipped by Amazon or a third-party seller seen here: https://t.co/hApLpMlfHN? ^JM
[2017-10-20T00:10:58] CUSTOMER: @AmazonHelp 3rd party seller. I got it resolved thank you.",billing_payment,,unclear,,
conv_1365488,17,7,technical_app,keyword,@AmazonHelp Can someone help me with an issue with a brand new Fire TV I received today?,"[2017-10-27T21:30:06] CUSTOMER: @AmazonHelp Can someone help me with an issue with a brand new Fire TV I received today?
[2017-10-27T21:37:11] SUPPORT: @437913 We sure can! Without providing any personal account information, let us know what's going on. We'd be more than happy to help!^SA
[2017-10-27T21:50:56] CUSTOMER: @AmazonHelp Apps don't load. Main screen My apps is blank. I hold home button, go to the apps page and it's blank with a spinning wheel.
[2017-10-27T22:00:49] SUPPORT: @437913 I ",technical_app,{'product': 'Fire TV'},unclear,,
conv_842114,8,8,non_english,keyword,"@AmazonHelp I'm using apple IOS 11 in that Amazon app is nt rotating (🔄) orientation , i have checked with apple no issue frm they side 🙏","[2017-10-20T13:12:29] CUSTOMER: @AmazonHelp I'm using apple IOS 11 in that Amazon app is nt rotating (🔄) orientation , i have checked with apple no issue frm they side 🙏
[2017-10-20T13:28:31] SUPPORT: @126369 Have you tried restarting the device? ^HA
[2017-10-20T13:32:07] CUSTOMER: @AmazonHelp Yes did every thing no use. Till yesterday was working fine. Pls do nedd full &amp; update me the status 🙏
[2017-10-20T13:58:26] SUPPORT: @126369 Dinesh, please delete the cookies and try uninstalling and ",non_english,,unclear,,
conv_1314594,11,4,escalation_needed,cluster_hint,@AmazonHelp I am slightly frustrated with the availed service.please contact me I have an issue.,"[2017-10-27T07:08:44] CUSTOMER: @AmazonHelp I am slightly frustrated with the availed service.please contact me I have an issue.
[2017-10-27T07:09:39] CUSTOMER: @AmazonHelp @AmazonHelp I am slightly frustrated with the availed service.please contact me I have an https://t.co/ErnXF2lDKT number 9020209088
[2017-10-27T07:25:24] SUPPORT: @427120 We'd like to help, however this being a public platform we are unable to arrange a callback for you over Twitter. 1/2 ^AB
[2017-10-27T07:25:49] SUPPORT: @42",escalation_needed,,unclear,,
conv_1433949,8,4,billing_payment,keyword,"@AmazonHelp left this card, did not ask for anything to be left in blue bin! Nothing in there!! Please assist https://t.co/pstku7GDIk","[2017-10-16T17:53:30] CUSTOMER: @AmazonHelp left this card, did not ask for anything to be left in blue bin! Nothing in there!! Please assist https://t.co/pstku7GDIk
[2017-10-16T18:35:00] SUPPORT: @452945 I'm sorry to see this, Beth! We'd like to get this escalated. When you have time, ring us here: https://t.co/JzP7hlA23B ^HC
[2017-10-16T20:16:49] CUSTOMER: @AmazonHelp Thank you for your quick response, will call tomorrow
[2017-10-16T20:19:30] SUPPORT: @452945 You're more than welcome, Beth! Le",billing_payment,,unclear,,
conv_785072,11,2,billing_payment,keyword,@AmazonHelp need a call back regarding Customer service issue. @115850,"[2017-10-12T08:07:45] CUSTOMER: @AmazonHelp need a call back regarding Customer service issue. @115850
[2017-10-12T08:41:30] SUPPORT: @307346 Please get in touch with us here: https://t.co/vlvfJr4nN9 and we'll be glad to help you. ^AU",billing_payment,,unclear,,
conv_1424702,5,2,billing_payment,keyword,@AmazonHelp this is what I prime for really??? Only just updated - terrible!!!!! https://t.co/9ULRuOvEvq,"[2017-10-28T19:58:23] CUSTOMER: @AmazonHelp this is what I prime for really??? Only just updated - terrible!!!!! https://t.co/9ULRuOvEvq
[2017-10-28T20:17:14] SUPPORT: @448466 I'm sorry it hasn't been delivered! Unforeseen circumstances may cause delays. Please let us know if it doesn't arrive. ^SJ",billing_payment,{'product': 'Prime'},unclear,,
conv_1760511,11,5,delivery_issue,keyword,@AmazonHelp it’s now 8.02 pm ... still waiting for my next day delivery from yesterday 😡where is it Amazon?,"[2017-11-07T20:03:53] CUSTOMER: @AmazonHelp it’s now 8.02 pm ... still waiting for my next day delivery from yesterday 😡where is it Amazon?
[2017-11-07T20:07:32] SUPPORT: @529867 Sorry about the wait, it isn't our intention! Please, reach us in real time to explore options here: https://t.co/JzP7hlA23B ^JE
[2017-11-07T20:08:53] CUSTOMER: @AmazonHelp Now been told it will be tomorrow or thursday .. appalling customer service
[2017-11-07T20:15:46] CUSTOMER: @AmazonHelp And now it turns up .... do ",delivery_issue,,unclear,,
conv_2598956,18,12,delivery_issue,keyword,.@AmazonHelp @115821 Mr. BOt. use some logic n guess what its been a month since the order.U had speculated it be delivered by Nov 10 n now it nov 21.Is it coming towards me or going away @384052 @118,"[2017-11-17T07:39:01] CUSTOMER: .@AmazonHelp @115821 Mr. BOt. use some logic n guess what its been a month since the order.U had speculated it be delivered by Nov 10 n now it nov 21.Is it coming towards me or going away @384052 @118702 or is it walking to be delivered @100545 wud have delivered earlier https://t.co/4TBCYFBwI2
[2017-11-17T07:51:02] SUPPORT: @119350 I'm sorry for the stretch with the estimates, this usually happens when there is a lag in procuring stock. Call us here: https://t.co",delivery_issue,,unclear,,
conv_234514,5,6,billing_payment,keyword,"Looking for mizuno wave rider 19 running shoe , it’s unavailable on  @115850. I am prime..don’t want to visit other sites. @AmazonHelp","[2017-10-05T12:37:39] CUSTOMER: Looking for mizuno wave rider 19 running shoe , it’s unavailable on  @115850. I am prime..don’t want to visit other sites. @AmazonHelp
[2017-10-05T13:10:48] SUPPORT: @171832 You may find the product here: https://t.co/2HSZVYRU8i. ^RB
[2017-10-06T17:38:33] CUSTOMER: @AmazonHelp Not available for size 9, will it be there? Planning to buy one with good price
[2017-10-06T17:54:00] SUPPORT: @171832 Please stay tuned to our website as it might be available. ^HN
[2017-10",billing_payment,{'product': 'Prime'},unclear,,
conv_1045506,19,4,non_english,keyword,On en parle de la gueule de mon colis... heureusement que c'est pas fragile @AmazonHelp @132988 https://t.co/wY12OktXMP,"[2017-10-23T10:18:25] CUSTOMER: On en parle de la gueule de mon colis... heureusement que c'est pas fragile @AmazonHelp @132988 https://t.co/wY12OktXMP
[2017-10-23T10:28:31] SUPPORT: @367166 Bonjour, je suis vraiment désolée d'apprendre cela et j'espère que votre article est intact. ^SB
[2017-10-23T10:51:30] CUSTOMER: @AmazonHelp Oui car rien ne craignait
[2017-10-23T10:55:00] SUPPORT: @367166 Je vous invite à le signaler à notre SAV et à évaluer votre emballage via le lien suivant : https://t.c",non_english,,unclear,,
conv_2052166,17,3,non_english,keyword,@AmazonHelp quando vão disponibilizar no Brasil o app Alexa echo?? Comprei fora do Brasil e muito estranha não poder usar se é brasileiro!!,"[2017-10-18T23:52:57] CUSTOMER: @AmazonHelp quando vão disponibilizar no Brasil o app Alexa echo?? Comprei fora do Brasil e muito estranha não poder usar se é brasileiro!!
[2017-10-18T23:57:01] SUPPORT: @606896 Olá. No momento não temos essas informações, mas qualquer novidade será anunciada diretamente no site e redes sociais. ^CR
[2017-10-18T23:58:32] CUSTOMER: @AmazonHelp Ajudou muito😂😂😂",non_english,{'product': 'Echo'},unclear,,
conv_558461,2,4,billing_payment,keyword,@AmazonHelp what happened to Lucifer? Seems stuck on episode 8 of current season? Thanks,"[2017-12-02T21:31:04] CUSTOMER: @AmazonHelp what happened to Lucifer? Seems stuck on episode 8 of current season? Thanks
[2017-12-02T21:37:24] SUPPORT: @248907 Thanks for reaching out to us! Are you receiving an error message? ^SW
[2017-12-02T21:42:10] CUSTOMER: @AmazonHelp Nope 😒 just nothing visible after E8?
[2017-12-02T21:49:00] SUPPORT: @248907 Our team is currently looking into this issue. Any updates will be posted on the video detail page. We appreciate your patience. ^GG",billing_payment,,unclear,,
conv_1201247,9,12,non_english,keyword,"Tu commande chez @115821 @AmazonHelp avec #AmazonPrime et tu es même pas livré en 24 H alors que tu paye pour ça ""transporteur La Poste""","[2017-10-25T13:00:50] CUSTOMER: Tu commande chez @115821 @AmazonHelp avec #AmazonPrime et tu es même pas livré en 24 H alors que tu paye pour ça ""transporteur La Poste""
[2017-10-25T13:03:57] SUPPORT: @253575 Bonjour, je suis désolé pour le retard. Que dit le suivi de votre colis ? ^AR
[2017-10-25T13:04:42] CUSTOMER: @AmazonHelp c'est toujours marquer en transit alors que ça devrait être en cours de livraison du coup j'en déduit que je l'aurais demain !
[2017-10-25T13:09:48] SUPPORT: @253575 Quel",non_english,{'product': 'Prime'},unclear,,
conv_1598701,14,9,escalation_needed,keyword,@115850 @AmazonHelp @115821 how amazon delivery did fraud that updated status as delivered to customer without issue d product. Ref. Scn. https://t.co/K52GDcAQyy,"[2017-11-05T03:32:22] CUSTOMER: @115850 @AmazonHelp @115821 how amazon delivery did fraud that updated status as delivered to customer without issue d product. Ref. Scn. https://t.co/K52GDcAQyy
[2017-11-05T03:43:00] SUPPORT: @491009 we consider them to be personal information. Our Twitter page is visible to public. 3/3 ^SB
[2017-11-05T03:43:00] SUPPORT: @491009 I'm sorry about the unpleasant experience regarding the delivery. Have you escalated this to our 1/3 ^SB
[2017-11-05T03:43:00] SUPPORT: ",escalation_needed,,unclear,,
conv_2280795,8,6,delivery_issue,cluster_hint,"@AmazonHelp an unexpected gift arrived at my door today featuring an item I browsed last night but definitely did not buy - is this something you do often? Thank you, but a little creepy? Can you expl","[2017-11-11T20:23:46] CUSTOMER: @AmazonHelp an unexpected gift arrived at my door today featuring an item I browsed last night but definitely did not buy - is this something you do often? Thank you, but a little creepy? Can you explain?
[2017-11-11T20:34:32] SUPPORT: @663010 I'm sorry for the troubles, Stacey! Just to clarify, can you see the order listed here? https://t.co/aaDyEz1VgE. Also, let's check the 1-click settings: https://t.co/Vb9zA2xvGo. ^AL
[2017-11-11T20:35:56] CUSTOMER: @AmazonHel",delivery_issue,{'product': 'Prime'},unclear,,
conv_1742673,10,5,delivery_issue,keyword,"@AmazonHelp Hi Amazon, my package is late was originally expected by 30th of October, still no sign of it. Where can I speak with someone?","[2017-11-07T14:15:39] CUSTOMER: @AmazonHelp Hi Amazon, my package is late was originally expected by 30th of October, still no sign of it. Where can I speak with someone?
[2017-11-07T14:20:32] SUPPORT: @525680 Sorry to hear this - what is the latest order status :  https://t.co/Y5jpI9gRhE  ^TD
[2017-11-07T14:25:14] CUSTOMER: @AmazonHelp Was .de so didn't appear there but ""Expected by 6 Nov 
Packages are rarely this late, &amp; we’re sorry yours still hasn’t arrived. u can wait..
[2017-11-07T14:2",delivery_issue,,unclear,,
conv_2384563,14,6,delivery_issue,keyword,The one time you *really* need @amazonhelp to deliver on prime next day they fail. And can’t do anything to expedite their own courier 😞,"[2017-10-20T08:44:57] CUSTOMER: The one time you *really* need @amazonhelp to deliver on prime next day they fail. And can’t do anything to expedite their own courier 😞
[2017-10-20T08:53:32] SUPPORT: @282320 Very sorry about the delay. Have you been provided a delivery time frame for the item to reach you ? ^CR
[2017-10-20T09:00:06] CUSTOMER: @AmazonHelp Only that it would be sometime today. The item was needed for an important client this morning so was ordered weds on prime next day
[2017-10-2",delivery_issue,{'product': 'Prime'},unclear,,
conv_786577,15,2,resolution_confirmation,keyword,Thank you @AmazonHelp for amazing support! 🙏🏻,"[2017-10-12T09:30:06] CUSTOMER: Thank you @AmazonHelp for amazing support! 🙏🏻
[2017-10-12T09:36:24] SUPPORT: @307350 :) SHUCKS! You've made us blush :) ^AS",resolution_confirmation,,unclear,,
conv_2419261,16,2,delivery_issue,keyword,@AmazonHelp I’ve just had an email saying you’ve attempted delivery today &amp; will try again tomorrow. But no one has attempted today?,"[2017-10-29T12:04:00] CUSTOMER: @AmazonHelp I’ve just had an email saying you’ve attempted delivery today &amp; will try again tomorrow. But no one has attempted today?
[2017-10-29T12:16:36] SUPPORT: @695043 I'm very sorry for the poor experience! Please reach out to us here: https://t.co/JzP7hlA23B so we can look into this. ^ZW",delivery_issue,,unclear,,
conv_2316810,11,2,delivery_issue,keyword,@AmazonHelp Tried to get my delivery but it never happened. Loved the initial experience with your customer service so much I closed my account. It is worth it to pay you to not contact me and never d,"[2017-11-13T06:45:15] CUSTOMER: @AmazonHelp Tried to get my delivery but it never happened. Loved the initial experience with your customer service so much I closed my account. It is worth it to pay you to not contact me and never do business with amazon again. #amazon #fail #bestbuy #forever
[2017-11-13T06:53:00] SUPPORT: @671734 Very sorry to hear this. Can you share with us what has occurred ? We certainly would like to help if possible. ^CR",delivery_issue,,unclear,,
conv_726367,4,10,delivery_issue,keyword,Really confused why I pay $100 a year for @115821 prime when so many of my packages arrive DAYS late (@AmazonHelp),"[2017-10-11T05:30:43] CUSTOMER: Really confused why I pay $100 a year for @115821 prime when so many of my packages arrive DAYS late (@AmazonHelp)
[2017-10-11T05:33:02] SUPPORT: @293994 Sorry to hear Cailin- Are you currently awaiting an order now? ^NV
[2017-10-11T13:20:48] CUSTOMER: @AmazonHelp Yes I am.
[2017-10-11T13:30:01] SUPPORT: @293994 Have we missed the promised delivery date from the confirmation e-mail? ^TR
[2017-10-11T14:37:49] CUSTOMER: @AmazonHelp Yes, it was promised by yesterday
",delivery_issue,{'product': 'Prime'},unclear,,
conv_600256,1,5,billing_payment,keyword,@AmazonHelp @115850 @117634 Pay balance load not updated even after 15 minutes. Upset.,"[2017-12-03T20:56:01] CUSTOMER: @AmazonHelp @115850 @117634 Pay balance load not updated even after 15 minutes. Upset.
[2017-12-03T21:01:00] SUPPORT: @262356 Sorry for the trouble in adding pay balance, call us here: https://t.co/vlvfJr4nN9 &amp; we'll check if there are any issues. ^MJ
[2017-12-03T21:06:33] CUSTOMER: @AmazonHelp No response for calls. Very much unsatisfied. Didn't expect it from Amazon
[2017-12-03T21:11:31] CUSTOMER: @AmazonHelp Is it still a 'trusted and convenient way to pay?",billing_payment,,unclear,,
conv_1424697,5,2,billing_payment,keyword,"@AmazonHelp please refrain from using @2150 in the future, they lie about their services. I do not pay for Prime for this to happen https://t.co/QGKIY0ke76","[2017-10-28T20:16:04] CUSTOMER: @AmazonHelp please refrain from using @2150 in the future, they lie about their services. I do not pay for Prime for this to happen https://t.co/QGKIY0ke76
[2017-10-28T20:23:29] SUPPORT: @450988 I'm sorry about the troubles with this, Sean! We want to ensure that you have your item, so call us: https://t.co/hApLpMlfHN ^FR",billing_payment,{'product': 'Prime'},unclear,,
conv_2083434,8,7,technical_app,keyword,"@116935 @AmazonHelp Can either of you help with this? Just says ""Something went wrong. There are no items to display"" All other apps work, i.e. Amazon Video etc.","[2017-11-08T09:11:25] CUSTOMER: @116935 @AmazonHelp Can either of you help with this? Just says ""Something went wrong. There are no items to display"" All other apps work, i.e. Amazon Video etc.
[2017-11-08T09:32:26] SUPPORT: @616174 Hey Chris, have you tried clearing cookies and cache on the app? ^RS
[2017-11-08T09:33:02] CUSTOMER: @AmazonHelp Yeah, I did a factory reset yesterday as well. :(
[2017-11-08T09:38:37] CUSTOMER: @AmazonHelp Weird, it's literally just started working again, haven't do",technical_app,,unclear,,
conv_856047,6,32,billing_payment,keyword,"@AmazonHelp 
This keeps poping up when i go to my orders page. Help? https://t.co/vtHSYxD7KY","[2017-10-19T07:16:37] CUSTOMER: @AmazonHelp 
This keeps poping up when i go to my orders page. Help? https://t.co/vtHSYxD7KY
[2017-10-19T07:22:38] SUPPORT: @323282 Sorry to see this. Have you tried restarting the app? Or restarting the phone itself? Keep us posted. ^PK
[2017-10-19T07:26:25] CUSTOMER: @AmazonHelp Yeah ive tried both. This issue is even happening on my secondary device.
[2017-10-19T07:28:27] SUPPORT: @323282 Have you checked your connection? If it is happening on both devices? ^NV",billing_payment,,unclear,,
conv_454549,19,7,non_english,keyword,"@AmazonHelp J'ai essayé de commander Xenoblades 2 mais zouip, rupture de stock juste avant de conclure! Faut attendre cb de tps avant d'espérer un envoi? (Le jeu sort aujourd'hui) parce que j'ai passé","[2017-11-30T23:13:44] CUSTOMER: @AmazonHelp J'ai essayé de commander Xenoblades 2 mais zouip, rupture de stock juste avant de conclure! Faut attendre cb de tps avant d'espérer un envoi? (Le jeu sort aujourd'hui) parce que j'ai passé une commande énorme et...j'aimerais que ca arrive en même temps si possible =/
[2017-11-30T23:18:29] SUPPORT: @140863 Bonsoir, puis-je avoir le lien vers le produit en question je vous prie? ^BR
[2017-11-30T23:19:40] CUSTOMER: @AmazonHelp Le voici: https://t.co/WkRRl",non_english,,unclear,,
conv_842306,4,5,delivery_issue,keyword,20 days to deliver a package to PUerto RICO @AmazonHelp why??????,"[2017-10-20T13:47:13] CUSTOMER: 20 days to deliver a package to PUerto RICO @AmazonHelp why??????
[2017-10-20T13:49:36] SUPPORT: @320341 Hi - just to clarify, is this the delivery date promised - or is an order late ? ^TD
[2017-10-20T18:50:27] CUSTOMER: @AmazonHelp Ordered on the 8th. First delivery date was 1 week , then 23 Oct, now 28th Oct...
[2017-10-21T17:12:14] CUSTOMER: @AmazonHelp Amazon help. Thank you! The package is being delivered today!❤️
[2017-10-21T17:23:26] SUPPORT: @320341 Aweso",delivery_issue,,unclear,,
conv_2350894,1,7,escalation_needed,keyword,"@AmazonHelp @115821 75% of my recent orders have arrived late and your chat team has no answers.  Amazon used to make my life easier, now ordering from Amazon is #WorseThanComcast","[2017-11-13T17:48:41] CUSTOMER: @AmazonHelp @115821 75% of my recent orders have arrived late and your chat team has no answers.  Amazon used to make my life easier, now ordering from Amazon is #WorseThanComcast
[2017-11-13T17:52:35] SUPPORT: @679472 I'm very sorry for this experience with your orders. Have they missed the delivery date as stated at Checkout? You can check here:  https://t.co/Y5jpI9gRhE. And has this happened with one carrier or multiple carriers? ^DO
[2017-11-13T17:58:58] CUSTO",escalation_needed,,unclear,,
conv_2977673,6,2,account_access,keyword,"@AmazonHelp Hi, I am unable to log in to my Seller account due to inactivity but i'm also being prevented from reregistering. Can you help with this please?","[2017-11-17T08:15:51] CUSTOMER: @AmazonHelp Hi, I am unable to log in to my Seller account due to inactivity but i'm also being prevented from reregistering. Can you help with this please?
[2017-11-17T08:34:00] SUPPORT: @821230 Hi, try using this link provided here to reach our seller team: https://t.co/LMP7So0n2S ^CR",account_access,,unclear,,
conv_2813475,14,4,delivery_issue,keyword,@AmazonHelp Okay - got a Sunday Amazon Delivery Service today. They had a picture of the door they delivered to - IT IS NOT MY DOOR! CustServ sent an email in such broken English I can't figure it out,"[2017-11-27T01:45:19] CUSTOMER: @AmazonHelp Okay - got a Sunday Amazon Delivery Service today. They had a picture of the door they delivered to - IT IS NOT MY DOOR! CustServ sent an email in such broken English I can't figure it out. I'm going to bail on Amazon Prime soon. It isn't worth it.
[2017-11-27T01:51:00] SUPPORT: @200262 I'm so sorry to hear we didn't deliver your order properly! We'd like to help the best we can. Just to confirm, who's the carrier listed for your order here: https://t.",delivery_issue,{'product': 'Prime'},unclear,,
conv_393550,18,3,billing_payment,keyword,@AmazonHelp  I have placed my order as on 24 Sep but till date I have not recd my product and your executive does not support me. What I do. https://t.co/vYxWjehwxr,"[2017-10-09T16:58:52] CUSTOMER: @AmazonHelp  I have placed my order as on 24 Sep but till date I have not recd my product and your executive does not support me. What I do. https://t.co/vYxWjehwxr
[2017-10-09T17:24:00] SUPPORT: @209213 Please don’t provide your order details, we consider them to be personal info. Our Twitter page is visible to public. ^JC
[2017-10-09T17:24:00] SUPPORT: @209213 Sorry for the missed delivery. Please fill in your details here: https://t.co/GIJyeYqKE0 and I'll get i",billing_payment,,unclear,,
conv_2928450,11,3,billing_payment,keyword,Maybe @115821 thinks this is funny but I think it's a terrible customer service @AmazonHelp https://t.co/DvQG8sH9en,"[2017-11-29T04:59:41] CUSTOMER: Maybe @115821 thinks this is funny but I think it's a terrible customer service @AmazonHelp https://t.co/DvQG8sH9en
[2017-11-29T05:16:25] SUPPORT: @612364 I'm so sorry you haven't received your order as expected. If your package isn't delivered by Thrusday, please let us know. ^CC
[2017-11-29T05:20:46] CUSTOMER: @AmazonHelp Why I have to wait until Thursday if your commitment was to deliver them today? That isn't the kind of customer service I expected from @11582",billing_payment,,unclear,,
conv_2858263,15,3,refund_return,keyword,@AmazonHelp I'm owed a £200 refund for an order that never arrived. Spoken to 3 different customer services people now who have told me different things. Is anyone able to help me get this sorted plea,"[2017-11-27T21:34:40] CUSTOMER: @AmazonHelp I'm owed a £200 refund for an order that never arrived. Spoken to 3 different customer services people now who have told me different things. Is anyone able to help me get this sorted please?
[2017-11-27T21:47:00] SUPPORT: @794333 Oh my, Catherine! I hate to hear this! Could you tell us more about what's happening? We'd like to help! ^MT
[2017-11-27T22:06:54] CUSTOMER: @AmazonHelp Thank you! Have sent more info in a direct message",refund_return,,unclear,,
conv_590005,19,17,non_english,keyword,"@AmazonHelp bonjour, j'ai un problème

Hi, i've got a problem","[2017-12-03T16:28:43] CUSTOMER: @AmazonHelp bonjour, j'ai un problème

Hi, i've got a problem
[2017-12-03T16:31:00] SUPPORT: @259504 Bonjour, comment pouvons-nous vous aider ? ^ME
[2017-12-03T16:32:27] CUSTOMER: @AmazonHelp Euh, en fait j'ai 5€ et des poussières sur le site (en cartes KDO) et je souhaite commander une carte Psn de 5€. Quand je clique sur Commander, ca me met une interface pour mettre une carte bancaire alors que je veux payer en cartes KDO Aidez-moi
[2017-12-03T16:35:40] CUSTOME",non_english,{'product': 'Prime'},unclear,,
conv_2319323,5,6,delivery_issue,keyword,.@AmazonHelp Good morning! I'm a prime customer and ordered some prime items yesterday. Delivery date shows Friday. Need them by Tues. HELP!,"[2017-11-13T11:58:59] CUSTOMER: .@AmazonHelp Good morning! I'm a prime customer and ordered some prime items yesterday. Delivery date shows Friday. Need them by Tues. HELP!
[2017-11-13T12:17:32] SUPPORT: @672264 Hi Briana, what dates were you given in your confirmation email when you placed the order? ^PJ
[2017-11-13T12:22:48] CUSTOMER: @AmazonHelp Hey, PJ! Email says Friday, Nov 17. I'm confused bc the items ordered yesterday are all prime eligible. https://t.co/ffPy7DSDZw
[2017-11-13T12:46:00]",delivery_issue,{'product': 'Prime'},unclear,,
conv_457754,16,6,billing_payment,keyword,@AmazonHelp @137599 my copy of destiny 2 was cancelled because we used the same card to pay on each account and every person I’ve talked to in CS has told me to just buy it again at more than double t,"[2017-12-01T00:29:45] CUSTOMER: @AmazonHelp @137599 my copy of destiny 2 was cancelled because we used the same card to pay on each account and every person I’ve talked to in CS has told me to just buy it again at more than double the price it was when I purchased it
[2017-12-01T00:39:32] SUPPORT: @223706 I'm sorry to hear about this! Was there a quantity limit for the item while it was on sale? ^JS
[2017-12-01T00:45:20] CUSTOMER: @AmazonHelp There was a limit of one per customer, but we’re two ",billing_payment,,unclear,,
conv_2144448,9,17,prime_subscription,cluster_hint,@AmazonHelp Would love to get that call back I was promised almost 2 hours ago...,"[2017-11-08T23:47:08] CUSTOMER: @AmazonHelp Would love to get that call back I was promised almost 2 hours ago...
[2017-11-08T23:55:32] SUPPORT: @630481 I'm so sorry for the wait. Without revealing any personal and account information, will you give us more details? ^LH
[2017-11-08T23:57:45] CUSTOMER: @AmazonHelp Yes, your delivery drivers inability to deliver and your customer service team not being able to go off script makes me want to kill myself
[2017-11-09T00:15:04] SUPPORT: @630481 I unde",prime_subscription,{'product': 'Prime'},unclear,,
conv_245191,18,3,delivery_issue,keyword,"@AmazonHelp Order no.- 402-6901368-2426723 , expected delivery date was 5th Oct but at last day also, I didn't receive my order.","[2017-10-05T14:38:33] CUSTOMER: @AmazonHelp Order no.- 402-6901368-2426723 , expected delivery date was 5th Oct but at last day also, I didn't receive my order.
[2017-10-05T15:02:31] SUPPORT: @174209 Also, please don't provide your order details, we consider it personal information. Our Twitter page is public. [2/2]^SK
[2017-10-05T15:02:31] SUPPORT: @174209 Apologies for the delay. Request you to share the details is using this link: https://t.co/cQVomR1pWz, and we'll get back.[1/2]^SK",delivery_issue,{'order_id': '402-6901368-2426723'},unclear,,
conv_22213,19,17,non_english,keyword,Je ne vois vraiment pas l'intérêt d'avoir prime... (article en stock et expédié par Amazon) @AmazonHelp https://t.co/4pnOr895TR,"[2017-10-30T15:20:39] CUSTOMER: Je ne vois vraiment pas l'intérêt d'avoir prime... (article en stock et expédié par Amazon) @AmazonHelp https://t.co/4pnOr895TR
[2017-10-30T15:26:34] SUPPORT: @120849 Bonjour, la livraison ""Prioritaire"" est la plus rapide possible quand ""en 1j our ouvré"" n'est pas disponible pour un article
[2017-10-30T15:54:45] CUSTOMER: @AmazonHelp Pourtant c'était écrit Prime en dessous de l'article quand il était dans mon panier...
[2017-10-30T16:15:23] SUPPORT: @120849 Je vou",non_english,{'product': 'Prime'},unclear,,
conv_1082937,17,6,billing_payment,keyword,@AmazonHelp hi trying to cancel a preorder for a book but its not letting me. click cancellation reason then confirm but it reloads the page,"[2017-10-23T17:27:44] CUSTOMER: @AmazonHelp hi trying to cancel a preorder for a book but its not letting me. click cancellation reason then confirm but it reloads the page
[2017-10-23T17:39:12] SUPPORT: @142724 Oh no! Which browser are you using? Have you tried to clear the cache and cookies? ^DD
[2017-10-23T17:39:47] CUSTOMER: @AmazonHelp I've tried on your app and also on safari but on a iPhone
[2017-10-23T17:48:36] SUPPORT: @142724 Oh no! Have you tried logging out of the app and then loggin",billing_payment,,unclear,,
conv_1340664,10,2,general_inquiry,cluster_hint,@AmazonHelp svp répondez à mon dm :(,"[2017-10-27T15:27:31] CUSTOMER: @AmazonHelp svp répondez à mon dm :(
[2017-10-27T15:37:00] SUPPORT: @432694 D'accord!",general_inquiry,,unclear,,
conv_822201,3,2,billing_payment,keyword,@AmazonHelp hoping u can help prime photos... can u tell me why there's a discrepancy in the numbers? I don't want to lose any photos/videos https://t.co/DY9UuIvW9j,"[2017-10-12T23:02:46] CUSTOMER: @AmazonHelp hoping u can help prime photos... can u tell me why there's a discrepancy in the numbers? I don't want to lose any photos/videos https://t.co/DY9UuIvW9j
[2017-10-12T23:06:00] SUPPORT: @315840 I'm sorry for any concern! Please contact us by phone or chat to discuss the discrepancy: https://t.co/Q7Ftz6nj80. ^ST",billing_payment,{'product': 'Prime'},unclear,,
conv_728582,18,3,delivery_issue,keyword,"@115850 @AmazonHelp
Ordered Elica chimney. Delayed sms came. Delivery man insists availability in 5 mins otherwise Tells to order another.","[2017-10-11T07:32:15] CUSTOMER: @115850 @AmazonHelp
Ordered Elica chimney. Delayed sms came. Delivery man insists availability in 5 mins otherwise Tells to order another.
[2017-10-11T08:00:15] SUPPORT: @294532 That's odd! We'd like to look into it. Kindly report this to our support team 1/2^AP
[2017-10-11T08:00:16] SUPPORT: @294532 here: https://t.co/2t6DQoUmNZ, we'll get back to you soon. 2/2^AP",delivery_issue,,unclear,,
conv_555334,12,2,billing_payment,keyword,Seems like I'm just catching mistakes from every company. @115821  @AmazonHelp is there a reason my payments to you guys have been steadily increasing when I'm supposed to be on the $10.99 monthly pla,"[2017-12-02T20:42:39] CUSTOMER: Seems like I'm just catching mistakes from every company. @115821  @AmazonHelp is there a reason my payments to you guys have been steadily increasing when I'm supposed to be on the $10.99 monthly plan? Never received any notice of an increase... https://t.co/wMbFQvS8JZ
[2017-12-02T20:47:33] SUPPORT: @249656 Please contact us directly so we can look into this with you: https://t.co/hApLpMlfHN ^SB",billing_payment,,unclear,,
conv_1232133,1,2,technical_app,keyword,Amazon Alexa “Ask the Rabbi” skill hasn’t worked in weeks. What’s the deal? @115821 @amazonhelp,"[2017-10-16T01:11:21] CUSTOMER: Amazon Alexa “Ask the Rabbi” skill hasn’t worked in weeks. What’s the deal? @115821 @amazonhelp
[2017-10-16T01:24:00] SUPPORT: @408977 Oh no! Let's do some live troubleshooting by phone or chat here: https://t.co/hApLpMlfHN and see if we can fix it. ^TG",technical_app,{'product': 'Alexa'},unclear,,
conv_2425966,14,5,delivery_issue,cluster_hint,@AmazonHelp what's going on? 5 next day orders and not 1 shows up. 2 'guaranteed' before 1pm today.,"[2017-11-14T19:13:56] CUSTOMER: @AmazonHelp what's going on? 5 next day orders and not 1 shows up. 2 'guaranteed' before 1pm today.
[2017-11-14T19:21:01] SUPPORT: @696634 I'm so sorry your orders haven't arrived, Stu! What does the tracking on the orders say? Are they out for delivery? Please check here: https://t.co/aaDyEz1VgE ^WJ
[2017-11-14T19:22:07] CUSTOMER: @AmazonHelp 2 say delivered today by 1pm 3 say delivered today. Just found out they aren't arriving until tomorrow
[2017-11-14T19:23:4",delivery_issue,,unclear,,
conv_2502252,14,26,delivery_issue,keyword,"@AmazonHelp wtf is “partially delivered”? This never happened when I was in Texas, but I’m next to Seattle now &amp; it’s bad service???","[2017-10-30T04:03:53] CUSTOMER: @AmazonHelp wtf is “partially delivered”? This never happened when I was in Texas, but I’m next to Seattle now &amp; it’s bad service???
[2017-10-30T04:15:00] SUPPORT: @713721 We'd like to help, if possible. Please let us know more about what's going on. No account details please. ^BH
[2017-10-30T04:17:47] CUSTOMER: @AmazonHelp “Partially delivered” packages, nothing is coming to my apartment, it’s all going to the office, late delivery w/ no notice.
[2017-10-30T0",delivery_issue,{'product': 'Prime'},unclear,,
conv_2381789,18,21,billing_payment,keyword,@AmazonHelp https://t.co/l4YSs7jxsJ,"[2017-11-14T06:01:03] CUSTOMER: @AmazonHelp https://t.co/l4YSs7jxsJ
[2017-11-14T06:07:00] SUPPORT: @686674 Hi there! Without revealing account and personal information, will you provide us with more details? How can we help you? ^LH
[2017-11-14T06:09:46] CUSTOMER: @AmazonHelp @amazonhelp https://t.co/yIgAnoJBIp
[2017-11-14T06:14:40] CUSTOMER: @AmazonHelp @AmazonHelp  After asking to escalate the chat, I was transferred to a customer service ""supervisor"" who happened to be at the Kindle desk with",billing_payment,{'product': 'Kindle'},unclear,,
conv_729246,5,9,billing_payment,keyword,"@AmazonHelp Thing is, you haven’t emailed me it. Get this sorted ASAP","[2017-10-11T08:41:19] CUSTOMER: @AmazonHelp Thing is, you haven’t emailed me it. Get this sorted ASAP
[2017-10-11T08:48:30] SUPPORT: @127254 Hi Craig-To confirm is this to access your account? Have you reset your password with us? Can you elaborate further please?^NV
[2017-10-11T08:49:08] CUSTOMER: @AmazonHelp I haven’t reset a thing. I’m using my saved password. I’m trying to buy an item that will sell out in mins and I’m getting an idiotic
[2017-10-11T08:49:32] CUSTOMER: @AmazonHelp Message sa",billing_payment,{'product': 'Prime'},unclear,,
conv_2640949,14,5,delivery_issue,keyword,@AmazonHelp and again today my AMAZON PRIME (which I pay for every month) items haven’t arrived again! Why guarantee delivery if you can’t deliver?! I’m absolutely fuming! Last week you cost me a fair,"[2017-11-17T21:49:42] CUSTOMER: @AmazonHelp and again today my AMAZON PRIME (which I pay for every month) items haven’t arrived again! Why guarantee delivery if you can’t deliver?! I’m absolutely fuming! Last week you cost me a fair, this week my partner’s business! This isn’t acceptable!
[2017-11-17T21:55:35] SUPPORT: @145904 I'm terribly sorry you haven't received your order yet! To confirm, who is the courier and what does the latest tracking update show here: https://t.co/nghPoQ63xQ? ^MB
[20",delivery_issue,{'product': 'Prime'},unclear,,
conv_2518123,4,4,delivery_issue,keyword,@AmazonHelp my gift delivered to the wrong address even if previously communicated the right one via mail and chat...,"[2017-11-16T00:00:05] CUSTOMER: @AmazonHelp my gift delivered to the wrong address even if previously communicated the right one via mail and chat...
[2017-11-16T00:14:01] SUPPORT: @717296 I'm so sorry your gift was delivered to the wrong address. To verify, was your order purchased on https://t.co/hSs9w9f1pF, https://t.co/5ol5X6rY2M, amazon.it, or one of our other sites? And can you inform us of who the carrier was? ^EB
[2017-11-16T00:15:32] CUSTOMER: @AmazonHelp Amazon.it / SDA. thank you for ",delivery_issue,,unclear,,
conv_2226499,7,4,non_english,keyword,"Por favor @AmazonHelp empezad a poner la factura en papel en todos los envíos a Canarias. Normalmente lo hacéis, pero pedí unos cascos y no lo hicisteis y Correos devolvió el paquete.

En península no","[2017-11-10T10:11:01] CUSTOMER: Por favor @AmazonHelp empezad a poner la factura en papel en todos los envíos a Canarias. Normalmente lo hacéis, pero pedí unos cascos y no lo hicisteis y Correos devolvió el paquete.

En península no hace falta, en Canarias es obligatorio por ley.
[2017-11-10T10:11:26] CUSTOMER: @AmazonHelp Ya lo ""resolví"" con un agente: me hicieron devolución del dinero inmediata y pedí otros cascos. No necesito ayuda ya, pero tomad nota, por favor. El 100% de los paquetes tiene",non_english,,unclear,,
conv_996726,7,2,non_english,keyword,@AmazonHelp Hola compré una bocina bluetooth y no me gusta como se escucha. Se puede devolver aunque ya haya abierto la caja?,"[2017-10-22T16:27:52] CUSTOMER: @AmazonHelp Hola compré una bocina bluetooth y no me gusta como se escucha. Se puede devolver aunque ya haya abierto la caja?
[2017-10-22T16:33:00] SUPPORT: @356021 Hola Daniel, te recomendamos que verifiques la siguiente información: https://t.co/g1Os9ZHPis ^HC",non_english,,unclear,,
conv_430040,3,77,billing_payment,keyword,@AmazonHelp you should change your Amazon domain in India to amazon.uk,"[2017-10-10T14:21:45] CUSTOMER: @AmazonHelp you should change your Amazon domain in India to amazon.uk
[2017-10-10T14:34:00] SUPPORT: @216871 I'm sorry I'm unable to understand your concern. Could you please elaborate so that I can assist you accordingly? ^AU
[2017-10-10T15:19:08] CUSTOMER: @AmazonHelp i did as you said by skipping signin and filled the form
[2017-10-10T15:21:35] CUSTOMER: @AmazonHelp let it be, i am not going to use your services anymore as i had told your customer services peo",billing_payment,{'product': 'Kindle'},unclear,,
conv_751253,7,9,non_english,keyword,@AmazonHelp: Hace casi 1 mes compré 1 artículo y a pesar de que en el sitio aparece como disponible aún no me la han enviado. A qué se debe?,"[2017-11-04T20:40:36] CUSTOMER: @AmazonHelp: Hace casi 1 mes compré 1 artículo y a pesar de que en el sitio aparece como disponible aún no me la han enviado. A qué se debe?
[2017-11-04T20:44:34] SUPPORT: @299560 Hola Carlangas. ¿El producto estaba en stock cuando lo compraste?
^JJ
[2017-11-05T01:25:12] CUSTOMER: @AmazonHelp Así es! Por cierto, anexo una imagen del artículo en cuestión: https://t.co/jr6IMmcHi1
[2017-11-05T02:36:33] SUPPORT: @299560 Carlangas, ¿cuál es la fecha de entrega estimada",non_english,{'product': 'Echo'},unclear,,
conv_395394,13,448,billing_payment,keyword,Very unhappy with @115830 @AmazonHelp item I ordered sold by Amazon dropped 15~ % 1/2 days after ordering and won't honour price drop,"[2016-08-17T15:33:17] CUSTOMER: Very unhappy with @115830 @AmazonHelp item I ordered sold by Amazon dropped 15~ % 1/2 days after ordering and won't honour price drop
[2016-08-18T01:57:28] CUSTOMER: @115830 @AmazonHelp Can you help please? Haven't received response
[2016-08-19T19:14:02] CUSTOMER: @115830 @AmazonHelp Can I get some sort of response please, third time asking?
[2016-08-20T20:10:03] CUSTOMER: @115830 @AmazonHelp 4th day requesting any kind of response
[2016-08-21T16:16:38] CUSTOMER: ",billing_payment,,unclear,,
conv_2765001,9,3,delivery_issue,keyword,Imagine using Amazon prime next day delivery only to be told it might not come until Thursday! So much for urgency! @AmazonHelp,"[2017-11-21T09:04:52] CUSTOMER: Imagine using Amazon prime next day delivery only to be told it might not come until Thursday! So much for urgency! @AmazonHelp
[2017-11-21T09:22:00] SUPPORT: @773352 Hi Eliza, I'm sorry there has been a delay. Delays are rare but can happen from time to time. If there are any problems with your delivery on Thursday please let us know. ^KK
[2017-11-21T09:25:51] CUSTOMER: @AmazonHelp @773352 I’ve had delays with all my orders over last week or so. Used to be reliab",delivery_issue,{'product': 'Prime'},unclear,,
conv_1384345,18,8,order_problem,cluster_hint,"@115850 @AmazonHelp  it's been 7 days since the 1st date of pickup,no 1 come n call 4 pickup. That's frustrating n unprofessional.","[2017-10-28T08:17:04] CUSTOMER: @115850 @AmazonHelp  it's been 7 days since the 1st date of pickup,no 1 come n call 4 pickup. That's frustrating n unprofessional.
[2017-10-28T08:34:00] SUPPORT: @442154 I'm sorry for the delay in picking up your order. Have you reported this to our support here: https://t.co/vlvfJr4nN9? ^AH
[2017-10-28T08:40:15] CUSTOMER: @AmazonHelp Yaa.... Twice n CC even allocated me 2nd date on 27 ,  but as usual no one come for pickup n even no calls from ur logistics partne",order_problem,{'order_id': '402-6873700-4019561'},unclear,,
conv_1411581,17,9,technical_app,cluster_hint,@AmazonHelp @117086 vc é uma fanfarrona! Fui dar uma moral pra vcs assinando o #PrimeVideo e me surpreendi com legendas em inglês 😭 what?!,"[2017-11-02T00:33:39] CUSTOMER: @AmazonHelp @117086 vc é uma fanfarrona! Fui dar uma moral pra vcs assinando o #PrimeVideo e me surpreendi com legendas em inglês 😭 what?!
[2017-11-02T00:41:36] SUPPORT: @448077 Olá. Você pode configurar o Prime Video para português na página Conta e configurações no site https://t.co/FYM9PIZOR8.^JJ(1/2)
[2017-11-02T00:43:00] SUPPORT: @448077 Também você pode fazer a configuração na página Configurações dos aplicativos Prime Video para Android e iOS. ^JJ  (2/2)
[2",technical_app,{'product': 'Prime'},unclear,,
conv_322040,2,11,technical_app,keyword,@AmazonHelp my trusty well travelled kindle looks like this - is it the end?? Help! 😬 https://t.co/b9KniNF0cN,"[2017-10-07T13:11:23] CUSTOMER: @AmazonHelp my trusty well travelled kindle looks like this - is it the end?? Help! 😬 https://t.co/b9KniNF0cN
[2017-10-07T13:30:02] SUPPORT: @192725 Hey, please try resetting by holding the power button for 40 seconds. Keep us posted! ^AT
[2017-10-07T13:48:38] CUSTOMER: @AmazonHelp Howdy, nope just this now 😕 https://t.co/lqUyGjdPvs
[2017-10-07T14:07:31] SUPPORT: @192725 Oh no! We'd like to troubleshoot this with you in real-time. Please contact us here: https://t",technical_app,{'product': 'Kindle'},unclear,,
conv_793324,19,10,non_english,keyword,"@AmazonHelp commander 2 articles, tous les deux dans le même paquet , plus de 25 euros et on me fait payer frais de port. je ne suis pas ok","[2017-10-12T13:31:46] CUSTOMER: @AmazonHelp commander 2 articles, tous les deux dans le même paquet , plus de 25 euros et on me fait payer frais de port. je ne suis pas ok
[2017-10-12T13:43:05] SUPPORT: @309164 Bonjour, est-ce que les deux articles sont expédiés par Amazon ou un vendeur tiers? ^ASZ
[2017-10-12T13:44:57] CUSTOMER: @AmazonHelp bonjour, je vous l'ai écrit : c'est Amazon qui a envoyé les deux en même temps dans le même colis ( cf numéro de suivi postal) .
[2017-10-12T13:50:51] SUPPO",non_english,,unclear,,
conv_111750,17,5,non_english,keyword,"@AmazonHelp , @188  - does the facebook app for Fire OS support facebook live ?","[2017-11-23T20:31:15] CUSTOMER: @AmazonHelp , @188  - does the facebook app for Fire OS support facebook live ?
[2017-11-23T20:38:00] SUPPORT: @140823 Great question! Can you please tell us what kind of device type and model you're using? ^AC
[2017-11-23T20:38:51] CUSTOMER: @AmazonHelp I am planning to get the fire HD 8"" tablet - https://t.co/R5h0kdEZrh
[2017-11-23T20:56:00] SUPPORT: @140823 Yes, Facebook Live will work on this device.  ^AF
[2017-11-23T21:00:18] CUSTOMER: @AmazonHelp Awesome....",non_english,,unclear,,
conv_320385,5,4,billing_payment,keyword,@AmazonHelp when u order something on prime on Thursday and still hasn’t arrived :/ if this is prime deffo won’t be signing up,"[2017-10-07T11:57:18] CUSTOMER: @AmazonHelp when u order something on prime on Thursday and still hasn’t arrived :/ if this is prime deffo won’t be signing up
[2017-10-07T12:04:27] SUPPORT: @192340 Hey, sorry to hear that. What is the delivery date in the order confirmation email? ^AT
[2017-10-07T12:48:36] CUSTOMER: @AmazonHelp Yesterday (Friday 6th)
[2017-10-07T13:09:56] SUPPORT: @192340 And is their tracking available here: https://t.co/aaDyEz1VgE ^PK",billing_payment,{'product': 'Prime'},unclear,,
conv_286268,16,5,delivery_issue,keyword,@AmazonHelp I've had an email to say my parcel has been delivered today through my letterbox but it hasn't ?! Where is it??,"[2017-10-06T14:35:06] CUSTOMER: @AmazonHelp I've had an email to say my parcel has been delivered today through my letterbox but it hasn't ?! Where is it??
[2017-10-06T14:39:38] SUPPORT: @184200 Thanks for letting us know, Fraz! Let's see if we can find your parcel by following these steps: https://t.co/gGDBcX4hFR ^FD
[2017-10-06T14:42:37] CUSTOMER: @AmazonHelp I've already done all of that. It hasn't been left anywhere else .The carrier is Amazon shipping I've sent an email to customer services",delivery_issue,,unclear,,
conv_361375,4,4,delivery_issue,keyword,@AmazonHelp So @118706  failed to deliver an item and marked it as delivered. What should I do?,"[2017-10-08T17:09:16] CUSTOMER: @AmazonHelp So @118706  failed to deliver an item and marked it as delivered. What should I do?
[2017-10-08T17:35:00] SUPPORT: @201575 I'm sorry you don't have your package. We have some steps to check here: https://t.co/1k1z8hNqGr. I hope this helps. ^MG
[2017-10-08T17:37:29] CUSTOMER: @AmazonHelp I'll give it a few more days. They delivered only 2 of 3 items and marked everything as delivered. Probably forgot and said screw it. Thx
[2017-10-08T18:01:26] SUPPORT:",delivery_issue,,unclear,,
conv_1363532,14,22,delivery_issue,keyword,@119356 @AmazonHelp @115850 Do you want to be best CustomerCare company in world by making falls deliver claim ?,"[2017-10-16T14:30:22] CUSTOMER: @119356 @AmazonHelp @115850 Do you want to be best CustomerCare company in world by making falls deliver claim ?
[2017-10-16T14:52:37] SUPPORT: @437492 My apologies for the trouble with the delivery. May we know if the delivery date has passed already ? ^KS
[2017-10-16T14:58:04] CUSTOMER: @AmazonHelp No , it was suppose to be tomorrow only but they informed it will be delivered today and kept me waiting with SMSs
[2017-10-16T15:12:00] SUPPORT: @437492 Sorry for th",delivery_issue,,unclear,,
conv_2132867,0,9,delivery_issue,keyword,"@115821 @amazonhelp I have no issues with deliveries from UPS, FedEx, etc. but your same-day delivery hired guns are completely inadequate. If you're delivering to an apartment, you need to ensure del","[2017-11-08T20:14:30] CUSTOMER: @115821 @amazonhelp I have no issues with deliveries from UPS, FedEx, etc. but your same-day delivery hired guns are completely inadequate. If you're delivering to an apartment, you need to ensure delivery before 5pm so they can enter through leasing offices, etc. Ridiculous.
[2017-11-08T20:16:52] SUPPORT: @530544 Are you currently having an issue with an order you placed? If so, what is the current status: https://t.co/Y5jpI9gRhE? ^WM
[2017-11-08T20:18:15] CUSTOM",delivery_issue,,unclear,,
conv_493443,1,4,gift_card,keyword,@AmazonHelp is that cashback on paying thuru amazon balance still going on?,"[2017-12-01T16:54:44] CUSTOMER: @AmazonHelp is that cashback on paying thuru amazon balance still going on?
[2017-12-01T17:28:30] SUPPORT: @232634 I understand that you're concerned about the cashback. Upon checking I see that the promotion is no longer available. However, you can look out for other offers on our home page here: https://t.co/OZq4AM6Oyo. ^BV
[2017-12-01T17:30:32] CUSTOMER: @AmazonHelp will the honor 7x phone be sold exclusively thru amazon?
[2017-12-01T17:39:25] SUPPORT: @232634 ",gift_card,,unclear,,
conv_1350017,15,8,billing_payment,keyword,"@115830 @AmazonHelp Hey, now me, my wife and my friend have all had the same thing done. We ordered, you took the money, then said the card was declined, we have to add more money to the card and then","[2017-11-25T21:16:42] CUSTOMER: @115830 @AmazonHelp Hey, now me, my wife and my friend have all had the same thing done. We ordered, you took the money, then said the card was declined, we have to add more money to the card and then it works. Why are you authorising it and then not taking it??
[2017-11-25T21:27:00] SUPPORT: @434819 I'm sorry for the frustration. We'll authorise the gift card for $1.00 when the order is placed. To ensure the order can be charged when it's shipped, make sure your ",billing_payment,,unclear,,
conv_64072,3,8,prime_subscription,keyword,"@AmazonHelp @115821 your customer service agents try but can’t solve real problems. I have regular issues with Amazon and no one ever does anything different. As a long time prime member, I don’t feel","[2017-11-30T07:49:32] CUSTOMER: @AmazonHelp @115821 your customer service agents try but can’t solve real problems. I have regular issues with Amazon and no one ever does anything different. As a long time prime member, I don’t feel valued at all nor do I get “prime” service. Want someone higher up to hear me.
[2017-11-30T07:54:29] SUPPORT: @130707 Sorry to hear that. Without giving out personal info please let us know what happened? ^RS
[2017-11-30T07:56:59] CUSTOMER: @AmazonHelp It’s a looooon",prime_subscription,{'product': 'Prime'},unclear,,
conv_2850760,11,3,delivery_issue,keyword,@AmazonHelp I just received my advent calendar for the year and it's completely dented in the middle 😕 what do I do as it's too late to get a new one for Christmas? https://t.co/dsyNTeOH3x,"[2017-11-27T19:14:27] CUSTOMER: @AmazonHelp I just received my advent calendar for the year and it's completely dented in the middle 😕 what do I do as it's too late to get a new one for Christmas? https://t.co/dsyNTeOH3x
[2017-11-27T19:27:57] SUPPORT: @792670 I'm so sorry about this, Becky! Please contact us here, so we can explore options together:  https://t.co/JzP7hlA23B ^SA
[2017-11-27T19:31:26] CUSTOMER: @AmazonHelp I contacted customer service and they have processed a refund for me. Lovel",delivery_issue,,unclear,,
conv_2625337,7,6,non_english,keyword,@AmazonHelp Son casi las 12 de la noche mi Oasis tendría que llegar mañana con Prime y todavía no se ha enviado. Y lo quería para el festivo,"[2017-10-30T22:47:29] CUSTOMER: @AmazonHelp Son casi las 12 de la noche mi Oasis tendría que llegar mañana con Prime y todavía no se ha enviado. Y lo quería para el festivo
[2017-10-30T23:20:37] SUPPORT: @741574 Hola Pao, si por algún motivo no recibes tu pedido mañana, por favor contactanos, para brindarte una solución. ^HC
[2017-10-31T08:36:20] CUSTOMER: @AmazonHelp Qué solución me vais a dar? Ayer llamé y me dijeron que me quedase tranquila que hoy llegaría y hoy me dicen que no hay stock!!
[",non_english,{'product': 'Echo'},unclear,,
conv_1184680,12,4,refund_return,keyword,"@AmazonHelp think I was sold a #fake - recently bought item on left, to replace previously bought item on right. Both from @115830 https://t.co/WUktlDTEit","[2017-11-07T07:17:22] CUSTOMER: @AmazonHelp think I was sold a #fake - recently bought item on left, to replace previously bought item on right. Both from @115830 https://t.co/WUktlDTEit
[2017-11-07T07:24:31] SUPPORT: @398592 Hello- Have you spoken to us directly regarding the item you purchased? If so what was advised? ^NV
[2017-11-07T12:25:28] CUSTOMER: @AmazonHelp I couldn’t find a way to so I just raised a refund request even though what I really want is a replacement item but not a fake
[20",refund_return,,unclear,,
conv_665163,12,8,refund_return,keyword,@AmazonHelp I ordered a set of 6 frames and one came broken. Can I just send back one or do I need to send back all 6?,"[2017-10-13T17:34:33] CUSTOMER: @AmazonHelp I ordered a set of 6 frames and one came broken. Can I just send back one or do I need to send back all 6?
[2017-10-13T17:43:00] SUPPORT: @278529 Oh no! I'm sorry about this! Who was the seller, Amazon or third-party? If unsure, check here: https://t.co/Y5jpI9gRhE ^FR
[2017-10-13T17:44:37] CUSTOMER: @AmazonHelp Looks like it was third party
[2017-10-13T17:48:32] CUSTOMER: @AmazonHelp It lists as Fulfilled by Amazon though?
[2017-10-13T17:55:32] SUPPORT",refund_return,,unclear,,
conv_526634,6,15,account_access,keyword,@AmazonHelp Why do you people think I hacked my own account.  2 times in two days I have been locked out after buying Google Play cards.  Walmart never gave me this kind of trouble.  #unhappy,"[2017-12-02T06:58:23] CUSTOMER: @AmazonHelp Why do you people think I hacked my own account.  2 times in two days I have been locked out after buying Google Play cards.  Walmart never gave me this kind of trouble.  #unhappy
[2017-12-02T07:05:00] SUPPORT: @241876 Sorry to hear this, did you receive any email notification regarding the account being locked?^BZ
[2017-12-02T07:13:15] CUSTOMER: @AmazonHelp Of course each time.  The last one was at 2:13 pm (about 11 hours ago).  They told me I could r",account_access,,unclear,,
conv_2276773,11,16,escalation_needed,keyword,@115850 @AmazonHelp will my issue get ever resolved or your team has to take forever for this. Your way of working is just dropping a mail and doing nothing i have sent all the required doucment that ,"[2017-11-11T17:28:01] CUSTOMER: @115850 @AmazonHelp will my issue get ever resolved or your team has to take forever for this. Your way of working is just dropping a mail and doing nothing i have sent all the required doucment that you team has asked for then to resolving this issue is taking so long https://t.co/mJUNSziLxr
[2017-11-11T17:54:47] SUPPORT: @635870 I'm sorry for the stretch. We're working on this and we'll reach out to you soon with an update. ^SG
[2017-11-14T03:20:09] CUSTOMER: @A",escalation_needed,,unclear,,
conv_2102461,1,17,billing_payment,keyword,@AmazonHelp Your customer service is terrible! You are holding my money and haven’t sent my item and won’t do anything to help me!,"[2017-10-19T03:46:57] CUSTOMER: @AmazonHelp Your customer service is terrible! You are holding my money and haven’t sent my item and won’t do anything to help me!
[2017-10-19T04:03:10] SUPPORT: @620867 I'm very sorry for the poor experience. Without sharing account details, will you tell us more about what's going on? ^CL
[2017-10-19T04:04:14] CUSTOMER: @AmazonHelp Placed order Sunday, paid overnight shipping, order still hasn’t shipped, says it will be delivered tomorrow. 🙄
[2017-10-19T04:04:56",billing_payment,{'product': 'Prime'},unclear,,
conv_429043,7,8,non_english,cluster_hint,@AmazonHelp me pueden informar sobre un envio?,"[2017-10-10T14:03:28] CUSTOMER: @AmazonHelp me pueden informar sobre un envio?
[2017-10-10T14:07:36] SUPPORT: @217034 Hola Àlex, sin compartir información personal o de tu cuenta, ¿cuál es la fecha estimada de entrega de tu pedido? ^LG
[2017-10-10T14:08:55] CUSTOMER: @AmazonHelp hoy. La empresa de reparto me dice que aun no tienen el artículo
[2017-10-10T14:16:37] SUPPORT: @217034 Entiendo. ¿El pedido es vendido y enviado por Amazon o por un vendedor externo? ^LG
[2017-10-10T14:18:49] CUSTOMER: ",non_english,,unclear,,
conv_1577250,2,4,billing_payment,keyword,5/8 cans dented. In this case 2/3 is bad. Thanks @115821 @AmazonHelp https://t.co/fVEyrOh9zN,"[2017-11-04T18:30:09] CUSTOMER: 5/8 cans dented. In this case 2/3 is bad. Thanks @115821 @AmazonHelp https://t.co/fVEyrOh9zN
[2017-11-04T18:35:52] SUPPORT: @485838 Oh no! I'm sorry. Have you spoken with us about this? We would like to look into this further: https://t.co/hApLpMlfHN ^AL
[2017-11-04T18:40:32] CUSTOMER: @AmazonHelp Twitter is the only way I know how to reach anyone at Amazon
[2017-11-04T18:45:27] SUPPORT: @485838 No worries! You can reach us via phone or chat using the link provide",billing_payment,,unclear,,
conv_993179,10,7,billing_payment,keyword,@AmazonHelp WHATS YOU CUSTOMER SERVICE NUMBER WTF,"[2017-10-22T15:47:22] CUSTOMER: @AmazonHelp WHATS YOU CUSTOMER SERVICE NUMBER WTF
[2017-10-22T15:51:42] SUPPORT: @341636 Terribly sorry for the poor experience! You can reach out to us in real time here: https://t.co/hApLpMlfHN ^JZ
[2017-10-22T15:52:07] CUSTOMER: @AmazonHelp GIVE MY MONEY BACK
[2017-10-22T15:59:00] SUPPORT: @341636 Without providing personal or account info, as we don't have access via Twitter, can you tell us more about what's going on? ^TG
[2017-10-22T15:59:45] CUSTOMER: @Amaz",billing_payment,,unclear,,
conv_2452817,9,24,non_english,keyword,"Trying to Buy Amazon Prime from last 2weeks, but facing black screen error in Amazon prime app.
@115821 
@AmazonHelp 
@115850 https://t.co/3oNQrzfVP5","[2017-10-29T18:01:36] CUSTOMER: Trying to Buy Amazon Prime from last 2weeks, but facing black screen error in Amazon prime app.
@115821 
@AmazonHelp 
@115850 https://t.co/3oNQrzfVP5
[2017-10-29T18:29:00] SUPPORT: @702767 or your desktop or laptop. It should work. 2/2 ^SK
[2017-10-29T18:29:00] SUPPORT: @702767 I apologize for the inconvenience. Please try purchasing the membership, using a web version of the website 1/2 ^SK
[2017-10-29T18:31:27] CUSTOMER: @AmazonHelp There is an offer going on th",non_english,{'product': 'Prime'},unclear,,
conv_259399,15,7,billing_payment,keyword,Last time I order with @AmazonHelp,"[2017-10-02T00:20:56] CUSTOMER: Last time I order with @AmazonHelp
[2017-10-02T01:08:30] SUPPORT: @177683 I'm sorry for any trouble! Can you tell us a bit more about what's going on? ^ST
[2017-10-02T12:20:13] CUSTOMER: @AmazonHelp I ordered an item 3/4 weeks ago. I've emailed the company and I haven't received a response but have taken the payment
[2017-10-02T12:45:29] SUPPORT: @177683 Hi, sorry to hear that, when is the delivery estimate on the order? ^AS
[2017-10-05T20:32:36] CUSTOMER: @Amazon",billing_payment,,unclear,,
conv_917954,0,12,prime_subscription,keyword,@AmazonHelp you asked me to update you on the progress of my account access issue - it was unsuccessful... and I need to cancel my Prime Subscription ASAP please!,"[2017-11-25T16:37:40] CUSTOMER: @AmazonHelp you asked me to update you on the progress of my account access issue - it was unsuccessful... and I need to cancel my Prime Subscription ASAP please!
[2017-11-25T16:39:46] SUPPORT: @327457 Oh no! Sorry to hear this! Have you gotten a response to the email you had sent? ^AD
[2017-11-25T16:40:18] CUSTOMER: @AmazonHelp I did, yes.
[2017-11-25T16:44:31] SUPPORT: @327457 Did the reply include additional instruction to access the account? ^GS
[2017-11-25T16",prime_subscription,{'product': 'Prime'},unclear,,
conv_759764,17,2,non_english,keyword,@AmazonHelp @116316 Wann wird es möglich sein auch über die Amazon Music PC App die Bundesliga zu hören? Bisher am PC nur über Website.,"[2017-10-11T19:37:06] CUSTOMER: @AmazonHelp @116316 Wann wird es möglich sein auch über die Amazon Music PC App die Bundesliga zu hören? Bisher am PC nur über Website.
[2017-10-11T19:56:00] SUPPORT: @274563 Dazu liegen uns keine Infos vor. Dein Wunsch danach gebe ich aber gerne weiter. ^AV",non_english,,unclear,,
conv_2290353,5,3,delivery_issue,keyword,@AmazonHelp Aapne mera order delay karke sirf vaada nahin toda mera dil bhi toda hai.,"[2017-11-12T06:58:05] CUSTOMER: @AmazonHelp Aapne mera order delay karke sirf vaada nahin toda mera dil bhi toda hai.
[2017-11-12T06:59:00] CUSTOMER: @AmazonHelp Jo kasmein hamne prime member bante samay aur order book karte samay khaayin thin wo bhool gaye?
[2017-11-12T07:29:28] SUPPORT: @665316 Sorry to know your order is delayed, kindly reach out to our support team here: https://t.co/TdDksLo6Mf. We'll definitely look into it. ^PS",delivery_issue,{'product': 'Prime'},unclear,,
conv_721738,12,8,refund_return,keyword,@AmazonHelp Twice my replacement item has been undeliverable and returned to Amazon instead of going to the post office.,"[2017-10-11T01:50:27] CUSTOMER: @AmazonHelp Twice my replacement item has been undeliverable and returned to Amazon instead of going to the post office.
[2017-10-11T01:51:15] CUSTOMER: @AmazonHelp I've spent over an hour chasing a replacement for a faulty AmazonBasics item. I've requested a supervisor to no avail. What do I do now?
[2017-10-11T02:13:00] SUPPORT: @171829 I'm sorry you haven't received your replacement. When you reached out to us, what options did we provide?  ^GM
[2017-10-11T02:2",refund_return,,unclear,,
conv_1713151,7,7,non_english,keyword,"@AmazonHelp @AmazonHelp Hola, tengo una cuenta en Amazon y no puedo recuperar mi contraseña, este es mi correo: __email__","[2017-11-07T02:08:27] CUSTOMER: @AmazonHelp @AmazonHelp Hola, tengo una cuenta en Amazon y no puedo recuperar mi contraseña, este es mi correo: __email__
[2017-11-07T02:41:56] SUPPORT: @518876 Hola, Heather. Por motivo de seguridad, te recomiendo eliminar tu tuit, pues contiene información personal. (1/2)
[2017-11-07T02:42:27] SUPPORT: @518876 Por favor, contacta a nuestro Servicio al Cliente, a través de este enlace: https://t.co/YXpJe57seL (2/2) ^CR
[2017-11-08T01:31:32] CUSTOMER: @AmazonHelp ",non_english,,unclear,,
conv_1374944,7,8,non_english,keyword,"Querido @AmazonHelp hace más de un mes realicé una compra a un tercero en EEUU, me comunico con ellos para saber dónde está mi compra 1/3","[2017-10-28T01:18:02] CUSTOMER: Querido @AmazonHelp hace más de un mes realicé una compra a un tercero en EEUU, me comunico con ellos para saber dónde está mi compra 1/3
[2017-10-28T01:18:24] CUSTOMER: @AmazonHelp Y no tengo repuesta de nadie. Ellos me lo enviaron en USPS pero no sé quién me lo entregará en México 2/3
[2017-10-28T01:18:45] CUSTOMER: @AmazonHelp ¿Qué puedo hacer en ese caso? Muchas gracias por tu ayuda 3/3
[2017-10-28T01:22:37] SUPPORT: @360295 ¿En cuál pagina realizaste el pedid",non_english,,unclear,,
conv_229797,1,6,billing_payment,keyword,@115851 @115850 @AmazonHelp https://t.co/KNAfNhkVFF,"[2017-09-24T17:40:22] CUSTOMER: @115851 @115850 @AmazonHelp https://t.co/KNAfNhkVFF
[2017-09-24T18:05:50] CUSTOMER: @115851 @115850 @AmazonHelp @115851 @115850 hope you care about your India business.. your customer care surely didn't care..
[2017-10-05T08:21:59] CUSTOMER: @115851 @115850 @AmazonHelp Dear Amazon, you wanted 48 hours to fix this after I gave all the details. 10 days on, not a word from your team! Super!!
[2017-10-05T08:49:00] SUPPORT: @170763 I'm sorry its taking longer than expe",billing_payment,,unclear,,
conv_2899657,7,5,non_english,keyword,Gracias @116928 @AmazonHelp por retrasarme la entrega de otro paquete.....,"[2017-11-28T17:36:04] CUSTOMER: Gracias @116928 @AmazonHelp por retrasarme la entrega de otro paquete.....
[2017-11-28T17:38:47] SUPPORT: @229449 Hola, Ricardo. Lamentamos mucho el inconveniente. ¿Nos podrías indicar cuál es la fecha de entrega del pedido? ^AA
[2017-11-28T17:44:05] CUSTOMER: @AmazonHelp La fecha es hoy, pero recibo un correo que dice que hoy no será, que como pronto, será en 1 o 2 días, y el pedido lo hice hace casi 1 semana
[2017-11-28T17:47:30] SUPPORT: @229449 Ricardo, en cas",non_english,,unclear,,
conv_2761723,19,7,non_english,keyword,"Hey @120533 je fais comment pour l'acheter vu qu'il est disponible quand prime
#amazon @AmazonHelp https://t.co/OaXpXKPmNK","[2017-11-21T06:40:44] CUSTOMER: Hey @120533 je fais comment pour l'acheter vu qu'il est disponible quand prime
#amazon @AmazonHelp https://t.co/OaXpXKPmNK
[2017-11-21T06:47:28] SUPPORT: @772659 Bonjour, pour commander un article réservé exclusivement aux membres du programme Amazon Prime, vous devez être membre du programme. Vous pouvez vérifier si l'article est disponible auprès d'un vendeur tiers sur notre Marketplace.
^ARC
[2017-11-21T06:55:23] CUSTOMER: @AmazonHelp J'aurai bien que cette art",non_english,{'product': 'Prime'},unclear,,
conv_281137,19,7,non_english,keyword,"Bonjour, déçu en recevant un colis en cet état. Résultat 1 livre sur 3 est abimé et taché (???) @AmazonHelp https://t.co/Rf3AOSjAht","[2017-10-06T10:46:17] CUSTOMER: Bonjour, déçu en recevant un colis en cet état. Résultat 1 livre sur 3 est abimé et taché (???) @AmazonHelp https://t.co/Rf3AOSjAht
[2017-10-06T11:10:34] SUPPORT: @182989 Bonjour, je suis sincèrement navrée d'apprendre cela. S'agit-il de quel transporteur s'il vous plaît? ^SA
[2017-10-06T11:11:16] CUSTOMER: @AmazonHelp Colissimo
[2017-10-06T11:19:30] SUPPORT: @182989 Nous ne manquerons pas de remonter cela, sinon avez-vous contacté notre SAV concernant le livre ab",non_english,,unclear,,
conv_282725,6,6,delivery_issue,keyword,"@AmazonHelp I ordered something for same day delivery, cancelled an hour later when will I get my refund?","[2017-10-06T12:23:22] CUSTOMER: @AmazonHelp I ordered something for same day delivery, cancelled an hour later when will I get my refund?
[2017-10-06T12:42:34] SUPPORT: @183359 Hello, was the item out for delivery or had it been dispatched ? ^CR
[2017-10-06T12:55:50] CUSTOMER: @AmazonHelp It said preparing for dispatch when I cancelled it
[2017-10-06T13:19:57] SUPPORT: @183359 Sounds like we're looking at an authorisation, not a charge. That should fall off according to your bank's policies ^TR
",delivery_issue,,unclear,,
conv_180720,16,27,billing_payment,keyword,The apathy exhibited by @115850 's customer service is not just deplorable but warrants retribution. @AmazonHelp @127187 @115821,"[2017-10-04T12:16:08] CUSTOMER: The apathy exhibited by @115850 's customer service is not just deplorable but warrants retribution. @AmazonHelp @127187 @115821
[2017-10-04T12:27:33] SUPPORT: @158476 Looks like you had an unpleasant experience with us. Could you please elaborate your query? We'd like to help. ^VM
[2017-10-05T05:43:35] CUSTOMER: @AmazonHelp I have exchanged extensive mails with customer support and the resolution provided is ridiculous to say the least. Kindly check @115850
[2017",billing_payment,,unclear,,
conv_392199,4,2,delivery_issue,keyword,@AmazonHelp one of my prime deliveries says it's being held by carrier how do I get it delivered?,"[2017-10-09T16:30:14] CUSTOMER: @AmazonHelp one of my prime deliveries says it's being held by carrier how do I get it delivered?
[2017-10-09T16:35:00] SUPPORT: @177369 I'm sorry to hear it's being held! We can't see the order on Twitter so please reach us here: https://t.co/JzP7hlA23B ^DD",delivery_issue,{'product': 'Prime'},unclear,,
conv_507160,3,4,delivery_issue,keyword,"$25.00 Gift-Card on my @115821 account and I can't even purchase anything because whatever I try and order, I have to pay at least $10.00 for delivery to the United Kingdom, and @AmazonHelp don't help","[2017-12-01T17:02:04] CUSTOMER: $25.00 Gift-Card on my @115821 account and I can't even purchase anything because whatever I try and order, I have to pay at least $10.00 for delivery to the United Kingdom, and @AmazonHelp don't help out exactly either...
[2017-12-01T21:26:56] CUSTOMER: @115821 @AmazonHelp Haven't even got the decency to reply back to my tweet(s) either.
[2017-12-01T21:35:00] SUPPORT: @124254 I'm sorry for the delayed response, Michael. How can we help? ^SE
[2017-12-01T21:37:00] ",delivery_issue,,unclear,,
conv_2289945,18,2,refund_return,keyword,@AmazonHelp Order 702-5963241-7605005 never received. Can't manage my order via Amazon.ca - just encountering bugs and dead links. Please cancel and refund.,"[2017-11-12T06:10:29] CUSTOMER: @AmazonHelp Order 702-5963241-7605005 never received. Can't manage my order via Amazon.ca - just encountering bugs and dead links. Please cancel and refund.
[2017-11-12T06:18:28] SUPPORT: @665239 I'm sorry for the trouble! Please reach out to us here so we can help with your refund: https://t.co/hApLpMlfHN ^MO",refund_return,{'order_id': '702-5963241-7605005'},unclear,,
conv_1730157,6,4,billing_payment,keyword,@AmazonHelp I have an amazon order on my bank but I don’t have anything on my amazon account matching that amount,"[2017-11-07T11:15:57] CUSTOMER: @AmazonHelp I have an amazon order on my bank but I don’t have anything on my amazon account matching that amount
[2017-11-07T11:43:34] SUPPORT: @217963 Is there any information beside the charge on the bank account other than Amazon?^CD
[2017-11-07T11:44:52] CUSTOMER: @AmazonHelp Something about EU-UK and Luxembourg. I think I’ve been charged for my items individually rather than in one go🙄😂
[2017-11-07T12:02:30] SUPPORT: @217963 Hey Lewis. We charge you just bef",billing_payment,,unclear,,
conv_275893,19,2,non_english,keyword,"@AmazonHelp Bonjour, pourquoi ma commande reste bloqué sur Bientôt disponible pour l'expédition ? la livraison est tjrs prévu aujourd'hui","[2017-10-06T06:56:28] CUSTOMER: @AmazonHelp Bonjour, pourquoi ma commande reste bloqué sur Bientôt disponible pour l'expédition ? la livraison est tjrs prévu aujourd'hui
[2017-10-06T07:00:37] SUPPORT: @181911 Bonjour, désolé pour cela. Afin que notre SAV puisse vérifier cela, veuillez le contacter ce lien :  https://t.co/hgIrz98cdI
^ARC",non_english,,unclear,,
conv_1163359,15,4,technical_app,keyword,@AmazonHelp Bought an item in July (with warranty) that’s broken!!! What do I do? Thank you.,"[2017-10-24T17:01:39] CUSTOMER: @AmazonHelp Bought an item in July (with warranty) that’s broken!!! What do I do? Thank you.
[2017-10-24T17:07:28] SUPPORT: @188852 I'm sorry for the trouble with your item, Olivia! Was the warranty purchased through our website as well (like Squaretrade)? ^CS
[2017-10-24T17:11:03] CUSTOMER: @AmazonHelp No I believe the product has its own warranty.. I’m unsure? It’s a hard drive for a play station 4
[2017-10-24T18:27:01] SUPPORT: @188852 We'd like to look at some",technical_app,,unclear,,
conv_2710423,3,3,delivery_issue,keyword,"@AmazonHelp Hi! I've received help already, and have been told (about 10 hrs ago) that I'm being credited £20 (seriously amazingly helpful, thank you!) but it isn't visible in my gift balance yet so I","[2017-11-26T22:38:04] CUSTOMER: @AmazonHelp Hi! I've received help already, and have been told (about 10 hrs ago) that I'm being credited £20 (seriously amazingly helpful, thank you!) but it isn't visible in my gift balance yet so I was wondering if there's usually a delay? 🙂
[2017-11-26T22:48:50] SUPPORT: @330905 Hello Jennifer! It sounds like we probably offered a promotional certificate, which won't be included in your gift card balance, but will appear upon checkout under discounts. Did we m",delivery_issue,{'product': 'Prime'},unclear,,
conv_2453599,17,4,non_english,keyword,@AmazonHelp how do I connect my echo dot to my firestick when the firetv option doesn’t come up in the app (yes the app is upto date),"[2017-10-29T18:21:28] CUSTOMER: @AmazonHelp how do I connect my echo dot to my firestick when the firetv option doesn’t come up in the app (yes the app is upto date)
[2017-10-29T18:59:00] SUPPORT: @702927 Thanks for reaching out! Let's try these steps to get your Echo Dot paired to your Fire TV remote: https://t.co/N4BzLrE7nu ^FD
[2017-10-29T19:38:16] CUSTOMER: @AmazonHelp I want to pair my Dot with the firestick how can I do that via the app ?
[2017-10-29T19:57:27] SUPPORT: @702927 I'm sorry, t",non_english,{'product': 'Echo'},unclear,,
conv_851642,16,30,billing_payment,keyword,@115850 @115821 @AmazonHelp .check out my fb post. @118702 https://t.co/NyEcWFVTJE,"[2017-10-17T03:01:28] CUSTOMER: @115850 @115821 @AmazonHelp .check out my fb post. @118702 https://t.co/NyEcWFVTJE
[2017-10-17T04:06:00] SUPPORT: @322303 Sorry to know you're having trouble with your cash back, we certainly did not expect this to happen. 1/2 ^PS
[2017-10-17T04:07:00] SUPPORT: @322303 I'd like to take a closer look into this, please share your details here: https://t.co/GIJyeYqKE0. I'll contact you soon. 2/2 ^PS
[2017-10-17T16:06:18] CUSTOMER: @115850 @115821 @AmazonHelp @118702 ",billing_payment,,unclear,,
conv_285045,0,14,escalation_needed,keyword,@115850 @AmazonHelp  ORDR# 406-8734146-2073128 not delivrd on time. contacted 4 persons yet no response or confirmation. terrible service.,"[2017-10-06T13:43:20] CUSTOMER: @115850 @AmazonHelp  ORDR# 406-8734146-2073128 not delivrd on time. contacted 4 persons yet no response or confirmation. terrible service.
[2017-10-06T14:10:37] SUPPORT: @183917 Apologies! We'll certainly assist you. Please fill this form: https://t.co/beaaDm0muc and I’ll contact you shortly. 1/2 ^NK
[2017-10-06T14:25:36] SUPPORT: @183917 Please don't provide your order details, as we consider it to be personal information. Our Twitter page is public.​ 2/2 ^NK
[20",escalation_needed,{'order_id': '406-8734146-2073128'},unclear,,
conv_709039,17,5,non_english,keyword,@AmazonHelp hi... How do you link the firestick to Alexa in the UK? I can't find the menu option in your help on my iPhone app.,"[2017-10-10T20:19:06] CUSTOMER: @AmazonHelp hi... How do you link the firestick to Alexa in the UK? I can't find the menu option in your help on my iPhone app.
[2017-10-10T20:31:28] SUPPORT: @289527 We'd like to help, please reach us here, so we can take a closer look: https://t.co/JzP7hlA23B ^AG
[2017-10-10T20:33:42] CUSTOMER: @AmazonHelp Ta
[2017-10-10T20:56:43] CUSTOMER: @AmazonHelp I just got an automated email back telling me to go to the same help page that I'm saying hasn't helped me.
[20",non_english,{'product': 'Alexa'},unclear,,
conv_521619,5,4,delivery_issue,keyword,"I am a @115821 prime member, however my 2-days shipment should be called 7-days... It was suppose to arrived yesterday, but it didn't even arrive to the @115817 facility @AmazonHelp @UPSHelp I realy n","[2017-12-02T03:47:34] CUSTOMER: I am a @115821 prime member, however my 2-days shipment should be called 7-days... It was suppose to arrived yesterday, but it didn't even arrive to the @115817 facility @AmazonHelp @UPSHelp I realy need it by monday!!!
[2017-12-02T03:58:00] SUPPORT: @240431 We definitely understand the frustration! Delayed orders typically arrive 1-2 days after the missed delivery date. Please let us know if it hasn't arrived by the new delivery date. ^HM
[2017-12-02T04:00:29] CU",delivery_issue,{'product': 'Prime'},unclear,,
conv_1143438,12,7,billing_payment,keyword,Good to know @115821 lets its vendors to haggle with customers about returns for items nowhere near as described @AmazonHelp wtf,"[2017-10-24T12:58:08] CUSTOMER: Good to know @115821 lets its vendors to haggle with customers about returns for items nowhere near as described @AmazonHelp wtf
[2017-10-24T13:06:01] SUPPORT: @389122 This is not what we like to hear. Without giving any secure account info, can you tell us more about what's going on? ^AX
[2017-10-25T12:56:25] CUSTOMER: @AmazonHelp Got a canvas/burlap-like pillowcase with blown out poorly pigmented graphic. Seller said “send a picture” how about send my refund
[20",billing_payment,,unclear,,
conv_2952184,9,2,prime_subscription,keyword,@115821 @AmazonHelp how come an item I ordered through amazon prime on Monday and is coming on Thursday and not Wednesday ?,"[2017-11-29T17:53:12] CUSTOMER: @115821 @AmazonHelp how come an item I ordered through amazon prime on Monday and is coming on Thursday and not Wednesday ?
[2017-11-29T18:11:00] SUPPORT: @815174 We aim to meet the delivery date given in checkout. Our shipping speed starts when the item ships. You can learn more here: https://t.co/zjwihfHxMD ^KN",prime_subscription,{'product': 'Prime'},unclear,,
conv_2686573,4,4,delivery_issue,keyword,@AmazonHelp I was supposed to receive a package yesterday and it never arrived. Now it’s showing it was delivered at 11:30 pm last night but it was not. How do I find out where my package is?,"[2017-11-19T13:24:12] CUSTOMER: @AmazonHelp I was supposed to receive a package yesterday and it never arrived. Now it’s showing it was delivered at 11:30 pm last night but it was not. How do I find out where my package is?
[2017-11-19T13:39:34] SUPPORT: @314972 I'm sorry for the trouble with delivery, Stefanie. Have you tried the tips listed here to find your package: https://t.co/4CMJFjqdlx? Please let us know! We're here to help. ^TG
[2017-11-19T13:43:43] CUSTOMER: @AmazonHelp I have done all",delivery_issue,,unclear,,
conv_2645610,8,3,billing_payment,keyword,"@AmazonHelp I need immediate assistance for a $107.89 charge that I did not authorize. You took $$$ from my social security &amp; preventing me from getting medications, or food","[2017-11-17T19:33:02] CUSTOMER: @AmazonHelp I need immediate assistance for a $107.89 charge that I did not authorize. You took $$$ from my social security &amp; preventing me from getting medications, or food
[2017-11-17T19:55:00] SUPPORT: @474746 Hey, Jacy! I'm sorry about the unexpected charge! We would love to have someone take a look into this for you. Do you mind using the following link to get in touch with us?  https://t.co/hApLpMlfHN. ^DY
[2017-11-17T20:52:22] CUSTOMER: @AmazonHelp @Ama",billing_payment,,unclear,,
conv_1744961,19,10,non_english,keyword,@AmazonHelp J'attend la précommande du 23/09 pour l'article Acer NH.G6VEF.004 C'est très long. Une date de livraison ?,"[2017-11-07T14:53:40] CUSTOMER: @AmazonHelp J'attend la précommande du 23/09 pour l'article Acer NH.G6VEF.004 C'est très long. Une date de livraison ?
[2017-11-07T14:56:55] SUPPORT: @526195 Bonjour, je suis désolé pour le retard. Que dit le suivi de votre colis ? ^AR
[2017-11-07T14:57:52] CUSTOMER: @AmazonHelp L'objet est en pré commande. Aucun date de livraison même en prime.
[2017-11-07T15:00:33] SUPPORT: @526195 La date de sortie est prévue pour quand ?^AR
[2017-11-07T15:01:07] CUSTOMER: @Ama",non_english,{'product': 'Prime'},unclear,,
conv_897611,15,2,resolution_confirmation,cluster_hint,@AmazonHelp please check your DMs. Thank you.,"[2017-10-21T02:57:15] CUSTOMER: @AmazonHelp please check your DMs. Thank you.
[2017-10-21T03:37:34] SUPPORT: @333167 Thanks for the info. We've responded to your DM. ^GG",resolution_confirmation,,unclear,,
conv_1764526,14,5,delivery_issue,keyword,very disappointed in @AmazonHelp Waiting 6 days for a one day delivery item the only thing they say is do u want a refund or to order again,"[2017-11-07T21:15:50] CUSTOMER: very disappointed in @AmazonHelp Waiting 6 days for a one day delivery item the only thing they say is do u want a refund or to order again
[2017-11-07T21:26:09] SUPPORT: @357928 I'm sorry we've let you down! Can you tell us what the delivery date was on your confirmation e-mail: https://t.co/aaDyEz1VgE? ^HS
[2017-11-07T21:30:36] CUSTOMER: @AmazonHelp The e-mail stated one day delivery, Arriving 2nd of November. Not sure what calender you guys at amazon use but to",delivery_issue,{'product': 'Prime'},unclear,,
conv_778186,15,3,billing_payment,keyword,@115821 @116618 @AmazonHelp,"[2017-10-12T04:20:37] CUSTOMER: @115821 @116618 @AmazonHelp
[2017-10-12T04:27:00] SUPPORT: @305803 I'm sorry for the log-in issues! Please visit us here to contact our Account Specialists: https://t.co/jzvkhdlrK5 ^WT
[2017-10-12T04:30:16] CUSTOMER: @AmazonHelp Thank you!!!",billing_payment,,unclear,,
conv_178634,4,11,delivery_issue,keyword,"@AmazonHelp Can you tell me why my tracking says with courier to deliver today,then says it might take another 6 days?","[2017-10-04T20:31:30] CUSTOMER: @AmazonHelp Can you tell me why my tracking says with courier to deliver today,then says it might take another 6 days?
[2017-10-04T20:37:39] SUPPORT: @158107 That's peculiar.. Was the original estimated delivery a window of time or an individual day? ^MJ
[2017-10-04T20:46:04] CUSTOMER: @AmazonHelp It said on the tracking to be delivered today ! when it didnt come,i checked tracking it said upto to 10th,this happened with my last order!
[2017-10-04T20:50:37] SUPPOR",delivery_issue,,unclear,,
conv_2304430,11,11,delivery_issue,keyword,"Another day waiting for a delivery via @116324 and another day wasted, two days in a row they have failed to deliver a package, obviously a tasking job for them. Should have gone to the shop #Fail #He","[2017-11-12T20:12:49] CUSTOMER: Another day waiting for a delivery via @116324 and another day wasted, two days in a row they have failed to deliver a package, obviously a tasking job for them. Should have gone to the shop #Fail #Hermes @AmazonHelp
[2017-11-12T20:25:00] SUPPORT: @668629 I'm sorry you haven't received your order. Have you called the carrier for further insight on the delivery? ^CO
[2017-11-12T20:26:35] CUSTOMER: @AmazonHelp Yes, they give no information at all and any complaints ",delivery_issue,,unclear,,
conv_1422001,0,3,billing_payment,keyword,@AmazonHelp why after the update can not you not see the release date of wish list items?? Can only see if it's in stock and when I added it,"[2017-11-02T08:56:38] CUSTOMER: @AmazonHelp why after the update can not you not see the release date of wish list items?? Can only see if it's in stock and when I added it
[2017-11-02T09:01:30] SUPPORT: @450499 What item are you referring to Chris? ^KM
[2017-11-02T09:03:54] CUSTOMER: @AmazonHelp Before the update it would show that Homecoming was due on the 20th of November now it just says when I added it and that I can pre order it https://t.co/eZKcIABemB",billing_payment,,unclear,,
conv_1307637,12,3,delivery_issue,keyword,@AmazonHelp I can not understand why my package arrived at my location just to be shipped out to a further location and now it's late https://t.co/pHzgn3eSgc,"[2017-10-27T03:24:19] CUSTOMER: @AmazonHelp I can not understand why my package arrived at my location just to be shipped out to a further location and now it's late https://t.co/pHzgn3eSgc
[2017-10-27T03:41:01] SUPPORT: @425572 I'm sorry for the delay! Please reach us here: https://t.co/hApLpMlfHN if your order doesn't arrive tomorrow. ^EZ
[2017-10-27T04:06:07] CUSTOMER: @AmazonHelp I live in Chicago yet it was shipped back out to Wisconsin and now I have to wait for it to be shipped back to Ch",delivery_issue,,unclear,,
conv_533243,10,14,delivery_issue,keyword,"@AmazonHelp your delivery driver that was bringing my package didn't even bother to knock on my door and then claimed delivery was unsuccessful, I spoke to someone on customer services who wasn't help","[2017-12-02T11:31:59] CUSTOMER: @AmazonHelp your delivery driver that was bringing my package didn't even bother to knock on my door and then claimed delivery was unsuccessful, I spoke to someone on customer services who wasn't helpful, this has really annoyed me and I will be reviewing my account with Amazon.
[2017-12-02T11:36:00] SUPPORT: @242734 Hi Joe I am sorry to hear that! Have you received your delivery yet? ^HS
[2017-12-02T11:36:33] CUSTOMER: @AmazonHelp No I haven't and it is already 2",delivery_issue,,unclear,,
conv_2793009,4,15,delivery_issue,keyword,@AmazonHelp help! My order said it would be delivered by Wed. Now saying Friday. No use to me on Friday. Can it be changed or Can I cancel!?,"[2017-11-21T21:15:56] CUSTOMER: @AmazonHelp help! My order said it would be delivered by Wed. Now saying Friday. No use to me on Friday. Can it be changed or Can I cancel!?
[2017-11-21T21:19:00] SUPPORT: @541195 Oh no, sorry for the delay! We're here to help if we can! In order to best assist you, will you confirm the carrier listed with order here: https://t.co/Y5jpI9gRhE ^CS
[2017-11-21T21:21:27] CUSTOMER: @AmazonHelp Shipped by UPS. Shows will be delivered tomorrow. When I click tracking it s",delivery_issue,{'product': 'Prime'},unclear,,
conv_485291,4,6,delivery_issue,keyword,"@AmazonHelp I’ve ordered a book (206-7453021-7726749) to be delivered to High Wycombe, why is the tracking showing it going to Banbury?!","[2017-12-01T15:00:50] CUSTOMER: @AmazonHelp I’ve ordered a book (206-7453021-7726749) to be delivered to High Wycombe, why is the tracking showing it going to Banbury?!
[2017-12-01T15:05:00] SUPPORT: @230460 Uh oh, that's odd! I'm sorry about that. Do you mind telling us the original estimated delivery date provided in your confirmation email? ^DY
[2017-12-01T15:17:18] CUSTOMER: @AmazonHelp Yeah, was ordered Tuesday via prime for next day delivery on Wednesday (yesterday)
[2017-12-01T15:21:00] S",delivery_issue,"{'order_id': '206-7453021-7726749', 'product': 'Prime'}",unclear,,
conv_1200964,1,2,billing_payment,keyword,@115821 @AmazonHelp Guy name Baidurya Phukan Ripp Amazon &amp; People money. Catch &amp; take action. I give more proof. He's from Guwahati. https://t.co/3fD6Rmu6Ek,"[2017-10-25T05:48:06] CUSTOMER: @115821 @AmazonHelp Guy name Baidurya Phukan Ripp Amazon &amp; People money. Catch &amp; take action. I give more proof. He's from Guwahati. https://t.co/3fD6Rmu6Ek
[2017-10-25T06:04:01] SUPPORT: @402194 Thank you for reporting it. We will consider this as feedback and ensure to pass it on internally. ^RW",billing_payment,,unclear,,
conv_313294,0,14,billing_payment,keyword,@AmazonHelp Please be informed that Returns experience is worst than ever I have faced. Still I have no update when will be pick up. https://t.co/y1bN4GIKoj,"[2017-10-07T04:48:59] CUSTOMER: @AmazonHelp Please be informed that Returns experience is worst than ever I have faced. Still I have no update when will be pick up. https://t.co/y1bN4GIKoj
[2017-10-07T04:51:16] CUSTOMER: @AmazonHelp Yesterday I have call to three time Customer care and they said don't worry pick up will be done EOD before 8PM. But it was not happen.
[2017-10-07T05:07:00] SUPPORT: @190810 We're sorry to know about this. We’d like to assist, please fill this form: https://t.co/bea",billing_payment,,unclear,,
conv_246446,0,11,billing_payment,keyword,"@AmazonHelp I haven't received Cashback​ of order no. 402-8403153-9253141 &amp; 404-5665874405963, you 
 guys should be banned for this","[2017-10-05T15:16:24] CUSTOMER: @AmazonHelp I haven't received Cashback​ of order no. 402-8403153-9253141 &amp; 404-5665874405963, you 
 guys should be banned for this
[2017-10-05T15:35:28] SUPPORT: @174534 don’t provide your order details as we consider them to be personal information. Our page is visible to public. ^PB (2/2)
[2017-10-05T15:35:28] SUPPORT: @174534 Apologies for the same. Kindly contact us here:https://t.co/vlvfJr4nN9 and we'll check this out for you. Also, please..^PB (1/2)
[20",billing_payment,{'order_id': '402-8403153-9253141'},unclear,,
conv_909469,8,17,delivery_issue,cluster_hint,@AmazonHelp extremely poor service. Scheduled commitment not fulfilled. Completely disappointed. Order #408-7581444-9365156.,"[2017-10-21T05:29:16] CUSTOMER: @AmazonHelp extremely poor service. Scheduled commitment not fulfilled. Completely disappointed. Order #408-7581444-9365156.
[2017-10-21T05:54:00] SUPPORT: @336030 Please don't provide your order details, we consider it to be personal information. Our page is visible to the public. (2/2)^GU
[2017-10-21T05:54:00] SUPPORT: @336030 Sorry for the inconvenience. Please contact our support team here: https://t.co/vlvfJr4nN9 we will get it resolved. (1/2)^GU
[2017-10-21T",delivery_issue,{'order_id': '408-7581444-9365156'},unclear,,
conv_627124,12,17,billing_payment,keyword,"@AmazonHelp  guys pathetic services ,  disaster service  i need this product any how today only. https://t.co/2nadG1dXyP","[2017-10-20T05:07:02] CUSTOMER: @AmazonHelp  guys pathetic services ,  disaster service  i need this product any how today only. https://t.co/2nadG1dXyP
[2017-10-20T05:23:27] SUPPORT: @268513 Sorry for the unexpected delay. I'd like to help, kindly drop in your details here:https://t.co/beaaDlIL5C 1/2 ^EM
[2017-10-20T05:25:00] SUPPORT: @268513 &amp; I'll reach out to you with an update at the earliest. 2/2 ^EM
[2017-10-23T06:05:53] CUSTOMER: @AmazonHelp arrange call back me on 9540838806 ASAP i ",billing_payment,,unclear,,
conv_89203,1,19,billing_payment,keyword,"@AmazonHelp  - dear Amazon help - HELP! I'm dealing with Amazon for more than over a week now trying to cancel my order that has been partially paid with a giftcard and partially with a creditcard, bu","[2017-11-30T14:34:07] CUSTOMER: @AmazonHelp  - dear Amazon help - HELP! I'm dealing with Amazon for more than over a week now trying to cancel my order that has been partially paid with a giftcard and partially with a creditcard, but Amazon does not accept the creditcard payment 1/2
[2017-11-30T14:35:31] CUSTOMER: @AmazonHelp @AmazonHelp Meanwhile my account is blocked and it stays blocked until I have send some creditcard statement which I refuse to do so and I want to cancel the order and get ",billing_payment,,unclear,,
conv_99972,11,4,billing_payment,keyword,"I am done trusting @115850 Customer Service Executives. 
1st they give wrong information along with false promises, other come and cover up by saying sorry. @AmazonHelp","[2017-11-30T16:35:37] CUSTOMER: I am done trusting @115850 Customer Service Executives. 
1st they give wrong information along with false promises, other come and cover up by saying sorry. @AmazonHelp
[2017-11-30T17:07:00] SUPPORT: @137893 Apologies for the trouble. Could you please let us know what went wrong? We'd like to look into it for you. ^RB
[2017-11-30T17:09:48] CUSTOMER: @AmazonHelp Your executive gave me wrong information and gave false promise about delivery and after a day another e",billing_payment,,unclear,,
conv_1422353,19,6,non_english,keyword,"@AmazonHelp Bjr, ma maman a commandé quelque chose pour moi sur votre site. Le colis est arrivé chez elle VIDE !! Que peut-elle faire? Merci","[2017-11-02T09:21:00] CUSTOMER: @AmazonHelp Bjr, ma maman a commandé quelque chose pour moi sur votre site. Le colis est arrivé chez elle VIDE !! Que peut-elle faire? Merci
[2017-11-02T09:26:32] SUPPORT: @450556 Navrée d'apprendre cela. Avez-vous signalé cet incident à notre SAV s'il vous plaît ? ^FA
[2017-11-02T09:27:14] CUSTOMER: @AmazonHelp Pas encore, elle vient de m'en tenir informée. Comment pouvons-nous contacter votre SAV? Merci
[2017-11-02T09:31:00] SUPPORT: @450556 Voici le lien pour c",non_english,,unclear,,
conv_2206168,19,5,non_english,keyword,@AmazonHelp êtes vous disponible svp?,"[2017-11-09T22:07:09] CUSTOMER: @AmazonHelp êtes vous disponible svp?
[2017-11-09T22:08:55] SUPPORT: @628841 Bonsoir, en quoi puis-je vous aider?^FT
[2017-11-09T22:10:41] CUSTOMER: @AmazonHelp Bonsoir, j’en suis à 12appels à votre service client depuis lundi à cause de 3 commandes ayant posées problème sur le délai de livraison 4jours au lieu de 24h. Un superviseur de Dublin m’a raccroché au nez. Je rappel ensuite on le promet un rappel dans la soirée mais rien.
[2017-11-09T22:15:38] SUPPORT: @6",non_english,,unclear,,
conv_1534957,14,5,delivery_issue,keyword,"@AmazonHelp Bday gift didn't arrive! I have prime to get next day delivery, should arrive next day! 30 extra days prime isn't an apology!","[2017-11-03T23:55:17] CUSTOMER: @AmazonHelp Bday gift didn't arrive! I have prime to get next day delivery, should arrive next day! 30 extra days prime isn't an apology!
[2017-11-04T00:03:29] SUPPORT: @475993 I'm sorry for the wait! When you called us, what other options or insight did we provide? ^DW
[2017-11-04T00:09:44] CUSTOMER: @AmazonHelp Nope...the only other option was to cancel the order. If it doesn't arrive before I leave tomorrow, I then have to pay to return it,not cool
[2017-11-04T",delivery_issue,{'product': 'Prime'},unclear,,
conv_2130981,2,3,resolution_confirmation,keyword,Thanks @115830 PRIME for ruining my mum's Birthday by failing to deliver our present to her 👎🏼💩 @AmazonHelp #AmazonPrime #letdown,"[2017-11-08T19:45:54] CUSTOMER: Thanks @115830 PRIME for ruining my mum's Birthday by failing to deliver our present to her 👎🏼💩 @AmazonHelp #AmazonPrime #letdown
[2017-11-08T19:49:00] SUPPORT: @256988 This isn't what we intended! Have we missed the delivery today? Keep in mind we deliver up until 21:00. Please let us know! ^KJ
[2017-11-08T20:04:38] CUSTOMER: @AmazonHelp Yes I've had an email saying it could take an additional 1-2 days to arrive, despite me arranging PRIME delivery guaranteed for",resolution_confirmation,{'product': 'Prime'},unclear,,
conv_2280024,16,7,account_access,keyword,"@AmazonHelp Hey, my acount has been locked for security reasons. Says I need to check my email but I have been sent nothing!","[2017-11-11T20:08:15] CUSTOMER: @AmazonHelp Hey, my acount has been locked for security reasons. Says I need to check my email but I have been sent nothing!
[2017-11-11T20:12:37] SUPPORT: @662840 I'm sorry for the trouble this has caused you; when did you receive this notification to review your e-mail? Typically, instructions are given within the first 12 hours. Be sure to also review your spam/junk folders as well. ^WM
[2017-11-11T22:00:34] CUSTOMER: @AmazonHelp This afternoon, but this is the",account_access,,unclear,,
conv_2676392,2,5,account_access,keyword,@AmazonHelp There is something wrong with my account. The e-mail has changed and I can't login (or use traditional CS) Please advise.,"[2017-10-31T13:54:20] CUSTOMER: @AmazonHelp There is something wrong with my account. The e-mail has changed and I can't login (or use traditional CS) Please advise.
[2017-10-31T13:58:33] SUPPORT: @753296 I'm sorry you're having problems with your account. This link doesn't require a log in:  https://t.co/jzvkhdlrK5 ^EM
[2017-10-31T14:08:36] CUSTOMER: @AmazonHelp On the customer support line working on it right now, Thanks! 😀
[2017-10-31T19:08:07] CUSTOMER: @AmazonHelp CS was able to verify and ",account_access,{'product': 'Alexa'},unclear,,
conv_646687,4,2,delivery_issue,keyword,"@AmazonHelp hello, my package that was supposed to be delivered Saturday looks like it never made it out of the warehouse, when I request a refund on the website I get an email saying a refund cannot ","[2017-11-22T18:52:05] CUSTOMER: @AmazonHelp hello, my package that was supposed to be delivered Saturday looks like it never made it out of the warehouse, when I request a refund on the website I get an email saying a refund cannot be processed.
[2017-11-22T18:55:00] SUPPORT: @273587 We'd like to help look into this order for you. Please reach out to us by phone at this link here: https://t.co/hApLpMlfHN ^VS",delivery_issue,,unclear,,
conv_470087,5,8,general_inquiry,keyword,@AmazonHelp please help despite emails and many calls to customer services you still have the location of my home wrong.  You keep delivering my stuff to the wrong address and no one seems to care.,"[2017-12-01T07:29:29] CUSTOMER: @AmazonHelp please help despite emails and many calls to customer services you still have the location of my home wrong.  You keep delivering my stuff to the wrong address and no one seems to care.
[2017-12-01T07:31:00] SUPPORT: @226920 I am sorry to hear this Craig. When you spoke to customer services, what resolution was offered to you please?^GA
[2017-12-01T07:52:41] CUSTOMER: @AmazonHelp They keep telling me that they are taking up the matter with Amazon Shipp",general_inquiry,{'product': 'Prime'},unclear,,
conv_2891935,5,6,billing_payment,keyword,"Why is @15710 season 1-6 on prime when i look online, but when I log into prime on my tv its not! help @AmazonHelp","[2017-11-28T14:55:22] CUSTOMER: Why is @15710 season 1-6 on prime when i look online, but when I log into prime on my tv its not! help @AmazonHelp
[2017-11-28T14:59:38] SUPPORT: @801637 Hi James, I'm not seeing that this series is included with Amazon Prime: https://t.co/NxI23CeGRm ^AB
[2017-11-28T15:04:30] CUSTOMER: @AmazonHelp Seasons 1 - 6 included in your prime membership? https://t.co/00oEkoFZI8
[2017-11-28T15:20:58] SUPPORT: @801637 Sorry, we linked you to our UK website. I recommend check",billing_payment,{'product': 'Prime'},unclear,,
conv_579041,16,12,delivery_issue,keyword,So damn annoyed!! Yet another parcel has gone missing from @115821 2 in one week!! Really think they need to change couriers as I know I'm not the only one this has happened to!! Hoping @AmazonHelp ca,"[2017-12-03T10:42:14] CUSTOMER: So damn annoyed!! Yet another parcel has gone missing from @115821 2 in one week!! Really think they need to change couriers as I know I'm not the only one this has happened to!! Hoping @AmazonHelp can sort it as I'm not a happy bunny! 😠
[2017-12-03T10:45:00] SUPPORT: @256340 Hi Tracey, sorry to hear this. Who was the carrier of your order? Has there been any updates to the tracking? You can find out from Your Orders here: https://t.co/BQmcNXViiI. ^PJ
[2017-12-03T",delivery_issue,,unclear,,
conv_960460,0,4,non_english,keyword,@115850 @AmazonHelp who are the winners of #amazonsaletrail contest held on app please post update you people sad that announcement on 20,"[2017-08-21T00:19:14] CUSTOMER: @115850 @AmazonHelp who are the winners of #amazonsaletrail contest held on app please post update you people sad that announcement on 20
[2017-08-21T00:24:28] SUPPORT: @297359 Hi, please stay tuned to our social platforms and website for contest results. ^SV
[2017-08-26T14:17:51] CUSTOMER: @AmazonHelp Any update about #amazonsaletrail contest @115850
[2017-10-11T13:54:09] CUSTOMER: @AmazonHelp @115850 No update about winner 😂😂",non_english,,unclear,,
conv_426343,2,22,delivery_issue,keyword,@216403 @115821 @115850 @1560 @146956 @2517 @137849 #AmazonGiveaway #amazondetroit #Amazon @AmazonHelp  This is Very Pathetic! How can they claim for right Delivery. Anyone suggest the sol????,"[2017-10-01T12:51:07] CUSTOMER: @216403 @115821 @115850 @1560 @146956 @2517 @137849 #AmazonGiveaway #amazondetroit #Amazon @AmazonHelp  This is Very Pathetic! How can they claim for right Delivery. Anyone suggest the sol????
[2017-10-01T13:07:53] SUPPORT: @216404 Please request your friend to fill the form provided here: https://t.co/bUj77pQI2P so that we can assist you accordingly. ^AP
[2017-10-01T13:41:45] CUSTOMER: @AmazonHelp @216403 @115850 @115821 @137849 Hope you got all the details, Form",delivery_issue,,unclear,,
conv_2284204,14,4,delivery_issue,keyword,@AmazonHelp Your Prime shipping guarantees are a disgrace and an outright lie. Yet ANOTHER next day package with a guaranteed delivery date will be missed because you used USPS Parcel Select -- a budg,"[2017-11-11T14:33:33] CUSTOMER: @AmazonHelp Your Prime shipping guarantees are a disgrace and an outright lie. Yet ANOTHER next day package with a guaranteed delivery date will be missed because you used USPS Parcel Select -- a budget shipping option!! Disgraceful, Amazon. Shame on you.
[2017-11-11T14:51:35] SUPPORT: @663794 Oh no! We'd like to help in any way we can. Has the package missed the estimated delivery date shown here: https://t.co/Y5jpI9gRhE ^NM
[2017-11-11T15:14:38] CUSTOMER: @Amazo",delivery_issue,{'product': 'Prime'},unclear,,
