conversation_id,text,intent,label_source,resolved_candidate,resolution_score
conv_2714666,"@AmazonHelp My order was picked up, then the refund was put on halt as youll said, you have empty box, and now after 20 days, I am been told, I did not send correct product. This is clear fraud, and I need someone to look into this.",escalation_needed,rule_multi,True,2
conv_2955983,"@AmazonHelp I’m a prime member, I placed order 
204-3824623-4557900 last Thursday and it still hasn’t turned up. Should have been next day. Can you let me know what’s going on, please.",prime_subscription,rule_single,True,5
conv_2384353,How do I make a complaint @AmazonHelp ? Please provide an email address.,escalation_needed,rule_single,True,0
conv_1336221,yo @115821 @120533 @AmazonHelp etc j'ai pris un compte prime sans faire exprès comment je l'annule et je me fais rembourser,non_english,rule_multi,True,0
conv_2676414,@AmazonHelp can i have a phone number to complain i’m being harassed by your customer service team someone singing down the phone so weird,escalation_needed,rule_single,True,0
conv_2603068,@AmazonHelp Die Aktionsbedingungen für @117093 Gutschein 25FRESH sind nirgends zu finden. Das war jetzt eine gute Zeitverschwendung den Warenkorb zusammen zu stellen. https://t.co/PSqsuWqx2G,non_english,rule_single,True,0
conv_2710824,"@AmazonHelp my Echo Look doesn't seem to have the same functionality as the other Echo devices (Show, Dot, Tap, Echo 1st Gen) I own. For example, I can't get it to play song of the day, or to ""stop"" playing a song.  Is there a list of known differences for the feature set?",technical_device,rule_single,True,0
conv_515248,@115821 @AmazonHelp really knows how to treat its customers. They basically take your money even if you don’t receive your items,billing_payment,rule_single,True,2
conv_1212659,@AmazonHelp my parcel hasn't been delivered and no response se from amazon as to why!,escalation_needed,rule_multi,True,2
conv_776096,@AmazonHelp you guys sent me the wrong item now I gotta jump through hoops to return it to you. Not right.,refund_return,rule_conflict,True,1
conv_2347746,"Yoh @115830, I just got charged TWICE for a recent order... wtf. This is unacceptable. @AmazonHelp https://t.co/lYtzCIjuBl",billing_payment,rule_single,True,3
conv_903630,"@AmazonHelp as a heads up, I’ve made a complaint about your lack of help. Terrible service!",escalation_needed,rule_single,True,2
conv_276105,@AmazonHelp why would amazon gift card (balance zero) suddenly appear on my payments methods page? I’ve never had a gift card!,billing_payment,rule_single,True,1
conv_1751971,"@AmazonHelp Hi,im going to return something but having issues. 1) Hermes havent come@to collect. 2) I dont have the original Amazon box",refund_return,rule_single,True,0
conv_1298981,@115821 @AmazonHelp let's hope the replacement is here by tomorrow like I was attempting to request. No need for a prime membership for no orders.,refund_return,rule_multi,True,2
conv_1809330,"@AmazonHelp I reset the password to my account but it just says the password is incorrect please help
email- __email__",account_access,rule_single,True,1
conv_553318,@AmazonHelp how does an American send an Amazon gift card to a Canadian?,billing_payment,rule_single,True,0
conv_531591,This is way you deliver service to your customers @115821 @AmazonHelp @115850 you people don't value the customer just working for profits.  Some of your idiotic customer service associates make #makefakepromises https://t.co/nFeYpO1gsH,delivery_issue,rule_single,True,1
conv_1715276,"@AmazonHelp 
poorest response. awaiting pick up of return item since 23 Oct. Called thrice, false assurances. NO action till date. Shame https://t.co/svuy2Wdlv1",refund_return,rule_single,True,1
conv_283160,@AmazonHelp Dont buy anything from amazon be aware ur money choice is urs https://t.co/x26LjDE4bA,billing_payment,rule_single,True,1
conv_1266481,"@115850 @115821 @AmazonHelp order id 405-8926602-0613134  have recd damaged product.inspite of raising complaints,no action has been taken",order_problem,rule_single,True,1
conv_823147,@AmazonHelp I got sent the wrong thing and they lady I talked to on the phone made zero sense on how to get this corrected...,order_problem,rule_single,True,1
conv_824038,"I am not super impressed with @AmazonHelp I have UK kindle, and German Prime - I can't use my Prime on my UK kindle unless I buy 2x Prime",technical_device,rule_conflict,True,0
conv_343024,@122232 @AmazonHelp is there anybody there ? Yesterday’s parcel hasn’t arrived and neither has today’s 💩,delivery_issue,rule_single,True,1
conv_420405,"@115821 @amazonhelp My Amazon username is Dave Lampert, my account password is amazonsucks, my cell phone is (cont) https://t.co/vzy6MvXKCZ",account_access,rule_single,True,3
conv_2670714,@119625 @AmazonHelp @116935  thought #PrimeMusic will be launched this November as you told but No news about Amazon Prime music in India.? Any update?,prime_subscription,rule_single,True,0
conv_744147,@115850 @AmazonHelp 'Prime' and  kindle membership customer and 6 days to deliver a product. Not impressed guys https://t.co/5kMwUV7gTD,technical_device,rule_conflict,True,1
conv_1385276,"Hi @AmazonHelp my girlfriend just had her email changed without requesting it, how can we fix this issue given she can no longer log in?",account_access,rule_single,True,2
conv_2707603,"@AmazonHelp I placed an order at Amazon US but, almost 24 hours after that, I haven't been charged yet. Is something wrong with my payment method?",order_problem,rule_multi,True,2
conv_825532,"@AmazonHelp hey, I was locked out of my account and I can't seem to reach anyone who could help me with the issue.",account_access,rule_single,True,1
conv_570820,"@AmazonHelp I know I’m using a free trial of Amazon Prime, but this really doesn’t bode well for me renewing it after the trial ends. https://t.co/7Cdh5w4yZL",prime_subscription,rule_single,True,1
conv_2292689,please can I be sent your complaints procedures? @AmazonHelp  I refuse to speak to CS anymore and they refused to escalate my issues. #awfulservice,escalation_needed,rule_single,True,1
conv_415730,"@AmazonHelp If @123967 can't deliver packages, then don't use them.  They will only deliver if they can place package in a mailbox https://t.co/Q1oTwvx1mW",delivery_issue,rule_single,True,1
conv_2647206,@AmazonHelp Otra vez más fallando en la entrega con la compra en preventa... segunda vez en poco más de un mes... y esta vez sin explicación aparente... esperemos que el lunes llegue... aunque ya tarde...,non_english,rule_single,True,0
conv_124042,@AmazonHelp  Una pregunta. Cuento con una tarjeta Liverpool VISA. La aceptan ?,non_english,rule_single,True,1
conv_2283082,"@AmazonHelp I renewed my kindle monthly subscription &amp; it didn't get through 1st time 2nd time did, payment deducted twice, pay refund of199",prime_subscription,rule_conflict,True,0
conv_2291151,"@AmazonHelp Bonsoir, est-il possible d'avoir un suivi sur un colis, si ce suivi n'est pas présent dans nos commandes ? :)",non_english,rule_single,True,0
conv_2104295,@AmazonHelp where is my order ???.????.?.?...?.???????????????,order_problem,golden,True,4
conv_58750,@AmazonHelp who do I️ contact about my missing package,delivery_issue,rule_single,True,3
conv_343895,@AmazonHelp Hallo ich habe mir am 31 Juli Call of Duty WW2 bei Ihnen vorbestellt und da es nicht ankam am 3 und 4.11 habe ich es abbestellt,non_english,rule_single,True,1
conv_2885683,@AmazonHelp Worst support by team. @8105 I want to file a complaint against this company. Kindly help me,escalation_needed,rule_single,True,0
conv_1300124,"Thanks for closing my seller account, with absolutely no notification that it was going to happen, due to lack of inactivity. Jerks. Looks like eBay is the better choice. @115821 @AmazonHelp @4822 #Amazon @115937 #ebay",resolution_confirmation,rule_single,True,1
conv_323304,"@115850 @AmazonHelp order ending with 68349 , what is the refund status ? kindly help as executive committed over phone 2 resolve soon",refund_return,rule_single,True,4
conv_2667956,@AmazonHelp Hi I tried to login to Music but it showed me I need to transfer accounts to DE and then threw an error after I agreed https://t.co/zkpvpc20ts,account_access,rule_single,True,3
conv_1342620,"langsam wird es ärgerlich @AmazonHelp , dass ich in #Berlin #Tegel die #Prime Bestellungen nicht wie avisiert bekomme",non_english,rule_multi,True,0
conv_2004847,"@AmazonHelp j'ai besoin de votre aide à propos de ma commande, 407-3800686-5536347, elle est où?!",non_english,rule_single,True,0
conv_1680951,@115850 @AmazonHelp Added 1000rs in my Amazon wallet and even after half n hour still it is not added in my pay balance. Wht 2 do?,billing_payment,rule_single,True,0
conv_2293374,@AmazonHelp do your cust serv reps actually read complaint emails. I’m disgusted over how my complaint has been dealt with,escalation_needed,rule_single,True,1
conv_1721002,@AmazonHelp this is the third time this week you have sent me the wrong item. Getting fed up with it.,order_problem,rule_single,True,6
conv_264994,So @AmazonHelp: is there a way to know if a complaint re a botched delivery by you (&amp; fedex) was actually forwarded to someone who matters?,escalation_needed,rule_multi,True,0
conv_1353508,"@AmazonHelp hi, i recieved an email about amazon prime which i dont have &amp; was just wondering if u could tell me if it was real. Thanks https://t.co/9aVvu5omd2",prime_subscription,rule_single,True,2
conv_2297761,@AmazonHelp  already filed a charge back and resolution is that they are saying transaction number provided by you is not correct so claim is rejected and charge back claim closed now what the hell is this I want my money now @115851,billing_payment,rule_single,True,2
conv_339157,@116090 @AmazonHelp thank you for having the worst customer service. I have been waiting for my money since Sept 19th.,billing_payment,rule_single,True,1
conv_1396662,"@AmazonHelp Prime has been suspended. Updated payment method, still not working! Help.",prime_subscription,rule_conflict,True,1
conv_256695,"@AmazonHelp I got notification that ASIN: B00006LELP was removed because it is a ""card skimming device."" It's not. You should look it up.",billing_payment,rule_multi,True,2
conv_710604,"@AmazonHelp well, what a waste of time it was dealing with Amazon account specialist. 
Fraudulent activity on my acc. A copy n paste reply.",escalation_needed,rule_multi,True,1
conv_580642,"@AmazonHelp been waiting since 20th November for my order via prime, after 2 failed deliveries the book finally arrived and is ripped... https://t.co/Ey3uwHnSwP",prime_subscription,rule_single,True,3
conv_281936,"@115821 @115850 @AmazonHelp terrible service, mix-up and no response on a big-ticket item. I'm afraid for my INR 37k which is stuck with u",escalation_needed,rule_single,True,2
conv_1146965,@AmazonHelp bonjour je n’ai plus accès à mon compte !!!,non_english,rule_single,True,0
conv_1480801,"Unsicher wer mehr nervt @AmazonHelp oder @124285. Seid Wochen werden meine Bestellungen nicht mehr zugestellt sondern ""falsch vorsortiert""",non_english,rule_single,True,0
conv_1387723,"@AmazonHelp Hi guys, I got a replacement Kindle from you recently but the battery life is awful. Only lasts about 3-4 days, even w/o use?",refund_return,rule_multi,True,3
conv_1319912,@AmazonHelp : comme l'assistance en ligne comprends pas ce que je lui dis... #help https://t.co/J4p0us81O7,non_english,rule_single,True,0
conv_1566958,@AmazonHelp @115830 can you please tell me why money has been taken from my account when I haven’t ordered anything?? 😤🤔,billing_payment,rule_single,True,1
conv_536547,@AmazonHelp Hello. Was wondering where I can contact Amazon to make a complaint about Amazon logistics delivery. Thank you.,escalation_needed,rule_multi,True,2
conv_779275,Hallo @AmazonHelp wieso dauert in letzter Zeit Prime Versand trotzdem länger wie 2-3 Tage? Ich warte jetzt seit 4 Tagen auf ein Paket?!,prime_subscription,rule_single,True,0
conv_680395,"@AmazonHelp MWS Developer here. When I login it says ""Seller Account Closed"" due to inactivity. How to reopen?",account_access,rule_single,True,1
conv_1559311,"@ATVIAssist @AmazonHelp my pre order bonus code isn’t working it just says “Sorry, an unexpected error occurred” (WWII)",order_problem,rule_single,True,0
conv_1015653,@AmazonHelp Hi my account has been locked I have faxed my info as requested but account still locked and have no way of contacting amazon,account_access,rule_single,True,3
conv_1156683,"@AmazonHelp Bonjour quand je rentre un nouveau de passe pour me connecté ""vous avez changer votre MDP avec succès "",et après quand je me 1/2",non_english,rule_single,True,0
conv_183075,"@AmazonHelp
Talked regarding delivery delay issue worst experience. Unprofessional cs agent",delivery_issue,rule_single,True,0
conv_1580412,"@AmazonHelp Hey! Can't sign in or reset password. I don't get the code emails, and internet/email are all working. I'm in California.",account_access,rule_single,True,1
conv_300539,"@AmazonHelp Hi, I just recevied an order but the box is damaged, anything you can do ? Thanks !",order_problem,rule_single,True,2
conv_1572817,"@AmazonHelp Hello Team, Return order request has not been done yet. Please help. Urgent..",escalation_needed,rule_multi,True,0
conv_530016,@AmazonHelp good morning. Is it possible to get an hourly time for my delivery today? At the moment tracking says ‘before 8pm’!,delivery_issue,rule_single,True,3
conv_905926,"@AmazonHelp hey, I ordered a https://t.co/jDmsfDzrvO gift card and it is pending for verifications for over 24 hours. what's going on?",billing_payment,rule_single,True,1
conv_641860,@AmazonHelp amazon has very worst customer support.. also we wont get connected asap.. they making us wait for very long time/disconnecting.. i have made a payment and now the product is cancelled..BS response from agents,billing_payment,rule_single,True,1
conv_142776,@AmazonHelp also different price on the app,non_english,rule_single,True,0
conv_2386664,"@AmazonHelp I have a complaint/question about an order I received yesterday, can I send you a short video?",escalation_needed,rule_single,True,0
conv_422755,.@115850 @AmazonHelp I've made payment through credit card for my order but have not received any message regarding the payment from bank,delivery_issue,rule_multi,True,3
conv_1217439,What the hell is wrong with amazon when i m telling them that my bank denies filing charge dispute with the reference number @AmazonHelp,billing_payment,rule_single,True,3
conv_426993,"@AmazonHelp Bonjour. Pourriez-vous me rembourser les 50 € que vous m'avez prélevé sans me demander, alors que j'ai demandé d'arrêter Prime ?",non_english,rule_multi,True,0
conv_182881,@AmazonHelp I’ve gotten 38 security emails today. I reported on web chat and changed my password but I’m still receiving them. Please help https://t.co/V1bPGP7sv9,account_access,rule_single,True,1
conv_1932448,"@AmazonHelp If I sell a Kindle to a friend that I turned off spc offers, will they stay off if I disconnect from my acct and remove books?",technical_device,rule_single,True,0
conv_1458907,@AmazonHelp with the new echo look i try to compare photos but constantly get this warning https://t.co/JfphE7cl7G,technical_device,rule_single,True,0
conv_2969478,Thanks @AmazonHelp   did it https://t.co/wcS8b4wNkM,resolution_confirmation,rule_single,True,1
conv_1484643,"@AmazonHelp I am enable to connect to my account and each time I try to reset my password, I'm not receiving any emails from you. Please help! I worry someone changed my password. Thx",account_access,rule_single,True,1
conv_1875644,@AmazonHelp pourrions nous parler en privé ? au sujet d'une commande ?,non_english,rule_single,True,1
conv_2290664,"@1404 @AmazonHelp @115850 AMAZON SELLS FAKE PRODUCTS, SO I APPEAL TO ONE &amp;  ALL TO AVOID BUYING ANYTHING FROM AMAZON. PAY FEW MORE RUPEES TO SOME OTHER SELLERS THAN BUYING FAKE PRODUCTS FROM AMAZON.",billing_payment,rule_single,True,0
conv_1735216,"@AmazonHelp you blocked me out of my amazon account and then charged me for a year of prime, even though I had no way to cancel my trial.",prime_subscription,rule_single,True,8
conv_2320504,@AmazonHelp I bought my new MacBook on the last week. I am Prime. You guys just said it will be here on the last week. Then “Sry It comes on the next week”. Okey. Today you said it comes now. Then just saw it doesnt come. Wtf is with u amazon?!,prime_subscription,rule_single,True,2
conv_554646,@115821 Don’t know why I bother to pay prime really... not the first time this has happened! @AmazonHelp,prime_subscription,rule_single,True,3
conv_794443,"@AmazonHelp Hi there, I've already reset my password and tried to sign in but it still says itis incorrect. Email is __email__",account_access,rule_single,True,3
conv_314395,"@AmazonHelp Why does Amazon ship beautiful, new books with no protection whatsoever inside a cardboard box? Amazon used to add packing material around the book to cushion the blows. Now books arrive with crushed corners and damaged dust jackets. I won't be ordering any more now.",delivery_issue,rule_conflict,True,1
conv_1937597,@AmazonHelp what is the point of prime membership if the items are always delayed???? Your logistics department is terrible.,prime_subscription,rule_single,True,0
conv_2610721,"@AmazonHelp , hi guys pls help. Pic 1&amp;2 New HDD #wrong socket :  3&amp;4 Pic #old broken drive but correct socket, plz replace ! https://t.co/EQkrrAD2Wu",refund_return,rule_single,True,2
conv_839395,"@AmazonHelp you showed me a “use lower lockers” option once &amp; I didn’t click it, how do I get back to it? Struggled to reach last delivery https://t.co/MrCkoUGAZK",delivery_issue,rule_single,True,1
conv_449921,@AmazonHelp activated a free trial of amazon prime about an hour ago and it still says your membership should be active in a few minutes...,prime_subscription,rule_single,True,0
conv_764782,@AmazonHelp got my sister a gift and it's the wrong item I order now what,order_problem,rule_single,True,1
conv_2770754,@AmazonHelp Order id 402-4048465-0987548 did not received and buyer has been refunded. Also mail has been send to safe t claim team asking for POD. But no response from there end. Need assistance asap.,escalation_needed,rule_multi,True,2
conv_80594,@AmazonHelp buen día tengo activo la autenticación de 2pasos activas. Pero las llamadas con el código para yo poder ingresar a mi cuenta llegan en inglés. Hay alguna forma de que están llamadas pueda yo recibirlas en español?,non_english,rule_single,True,0
conv_535063,@AmazonHelp hi I bought 3 power supply’s about 32 days ago 2 got returned after 2 weeks after they went bang and now the 3rd has blown too. What can I do about it as I’m out of return by 2 days!,refund_return,rule_single,True,3
conv_996728,What happened with the @1016 free book of the month with @115821 Echo @AmazonHelp is it over?,technical_device,rule_single,True,2
conv_293298,@AmazonHelp #amazonlogistics commande effectuée le 03/10 censée être livrée aujourd'hui dans la BAL mais elle est vide,non_english,rule_single,True,0
conv_1736800,@115850 @AmazonHelp M a prime member. Not able to buy Echo Dot device. Where is the early access?,technical_device,rule_conflict,True,2
conv_1548392,@AmazonHelp Como funciona o pagamento por débito online? Desde quarta-feira tento efetuá-lo e não consigo :(,non_english,rule_single,True,1
conv_2461300,@AmazonHelp you are sending an item I ordered to the wrong address,order_problem,rule_single,True,2
conv_418777,"Hey @115821 @AmazonHelp I paid for one day shipping today, in the morning, and I just got notified that it'll be delivered by Wednesday.",delivery_issue,rule_single,True,1
conv_325863,"@AmazonHelp This still hasn't come 2 days after it was supposed to arrive, which was already a push back from last saturday. What's going on https://t.co/Y4zNQW1G6B",delivery_issue,rule_single,True,0
conv_2824770,"@AmazonHelp Complaint raised around 45 days back that not getting subtitles while watching movies with Prime Video on TV
Still not solved",escalation_needed,rule_multi,True,1
conv_371094,@AmazonHelp Bonjour ! J'ai un problème avec ma commande la carte bancaire passe pas https://t.co/BHLswYEIHt,non_english,rule_single,True,0
conv_2881974,@AmazonHelp I want to know why my account is still blocked if I already provide all the required information and it has been 24 hours and no one gives me answers please ask them to contact me to solve this problem I expect answers as soon as possible ... .... Thank you! https://t.co/gcpVUqBCO3,account_access,rule_single,True,3
conv_1742681,@AmazonHelp when will my account will be unlocked...🙄🙄🙄😥😥😥......I need my account to be unlocked please help,account_access,rule_single,True,1
conv_224968,@115850 @AmazonHelp why does Amazon allow fake @11679 to let them use our pay balance. De took  money recharge failed 10 times,billing_payment,rule_single,True,1
conv_120271,"@AmazonHelp due for delivery by 8pm, but not out for delivery yet? Really? I find one of these statements on the same screen hard to believe.  @115830 https://t.co/3R7W1opc3o",delivery_issue,golden,True,1
conv_1739894,@AmazonHelp trying to set up my echo and it wont connect to wifi... have tried all the troubleshoot suggestions but with no success :( #help,technical_device,rule_single,True,0
conv_1221828,"@AmazonHelp I know there is Kindle Audio Upgrade. But is it possible the other way round, too, if I already have the Audio book?",technical_device,rule_single,True,0
conv_455447,@AmazonHelp I made a purchase yesterday and just received an email that I need to contact my bank because the payment couldn't process. It appears that the decimal point was dropped and the system was trying to charge me $26k instead of $260 with change.,billing_payment,rule_single,True,3
conv_2523397,"Thank You @134682 for carefully delivering my Mirror, MARKED FRAGILE, from @AmazonHelp today. https://t.co/9YW4eRQoIY",resolution_confirmation,rule_single,True,2
conv_2984624,@AmazonHelp yeah I seem to feel that “prime now” is officially bullshit and that your drivers are lying. What an incredibly poor experience.,prime_subscription,rule_single,True,1
conv_2754640,"@AmazonHelp Hi there, I'm being charged for both a one off payment and a monthly payment for Amazon Prime - help!",prime_subscription,rule_single,True,1
conv_344109,@AmazonHelp What’s the point of paying for Prime when you can’t get the merch to me when promised? Happening more &amp; more lately. Ridiculous.,prime_subscription,rule_single,True,6
conv_2170832,"@AmazonHelp Hola buenas, podeis mirar mi privado cuando podais porfa? graciass &lt;3",non_english,rule_single,True,1
conv_1626319,@AmazonHelp my account is stuck on being on student mode and I don't know how to change it! I want to have prime in monthly instalments,prime_subscription,rule_single,True,0
conv_785805,"@AmazonHelp my account __email__ is locked for unknown reasons, &amp; i didnt get any emails for unlocking it. please help",account_access,rule_single,True,4
conv_283052,"@AmazonHelp Order #406-5192140-6921118 arriving late need to escalate this on urgent basis SOS.
#Highpriority #Prime https://t.co/K4w4fmhZUW",escalation_needed,rule_multi,True,2
conv_2531371,@AmazonHelp I emailed but haven’t heard anything. I’ve been charged twice for a kids kindle fire! Please advise,billing_payment,rule_multi,True,3
conv_795736,"Amazon is the worst e-commerce in india , they delivered me a empty box for my one plus5 mobile phone #chorcompany @AmazonHelp",delivery_issue,rule_single,True,0
conv_2698879,"@AmazonHelp est-ce qu'il y a un moyen d'être sûre que ça soit ""un original"" ??",non_english,rule_single,True,0
conv_2509248,Bro.. I've received the wrong case from @115821 3 times in a row.  @AmazonHelp y'all got some explaining to do,order_problem,rule_single,True,2
conv_1541022,...how is it possible that my #FireTV remote died the same day my device can't find the app? @AmazonHelp omg,non_english,rule_multi,True,0
conv_422303,Can I please know the status of my shipment.  Your courier guys are becoming more and more rude and weird. @AmazonHelp @115850,delivery_issue,rule_single,True,0
conv_1519008,@AmazonHelp  No one seems to be able to give me a straight answer. I’m not looking for a return policy on a preordered game...,refund_return,rule_single,True,1
conv_758950,@AmazonHelp unlock my account please! I can't purchase my order virtual Yandex money MasterCard. I sent fax and email with billing address,billing_payment,rule_single,True,1
conv_609401,@AmazonHelp getting text massage product is delivered without getting delivery......how possible....?,delivery_issue,rule_single,True,0
conv_917035,"@AmazonHelp 
I am prime customer but i haven't receive my order yet ..
I am waiting waiting and waiting https://t.co/Dj199xHW73",prime_subscription,rule_single,True,1
conv_2745897,"Thank goodness for 2 factor. Just got 3 emails from @115821 saying “to verify your identity, use the following code.” Password change time @AmazonHelp",resolution_confirmation,rule_multi,True,2
conv_2786240,"@AmazonHelp Bonjour, je suis sensé être livré en amazon locker, mais je n'ai pas reçu le code, une aide possible ?",non_english,rule_single,True,0
conv_2744185,@AmazonHelp dear team below i mentioned my order could u please  sent me till 23-11-2017. its request to amazon team(india) thanks. https://t.co/iWT9Ye81ly,escalation_needed,rule_single,True,0
conv_1263069,"Wow. Pakete sorgsam behandeln ist wohl zu schwierig :‘&gt;
@124285 @AmazonHelp https://t.co/wBVYRAj9WX",non_english,rule_single,True,0
conv_2945526,"@AmazonHelp  why is it such a nightmare finding someone to help with amazon? Have followed all instructions to delete items off kindle and ""permanently delete button is greyed out"". #humanplease .thanks",technical_device,rule_single,True,0
conv_396013,Please get back to me ASAP @115850 Unable to reach your customer service. No response to email either @AmazonHelp,escalation_needed,rule_single,True,1
conv_1667210,@115850 @AmazonHelp Hi team need your help for my an order. Can you guys help,escalation_needed,rule_single,True,5
conv_609393,"@AmazonHelp hi, following a missing order I’ve had a refund processed but it is short by £26, what do I do?",delivery_issue,rule_multi,True,3
conv_1443253,"@AmazonHelp @115821 @115850 your department is not replying , i have raised concern regarding the refund its been 10-12 days #worstservice",refund_return,rule_single,True,5
conv_28437,@AmazonHelp versendet ihr heute Call of Duty WW2 oder erst morgen ! Weil das Spiel Freitag raus kommt 🙈😂 hoffe es kommt pünktlich an bei mir,non_english,rule_single,True,0
conv_1277441,@AmazonHelp @115850 Order #406-8190080-6186743 please escalate priority for this order as this is required by tomorrow on urgent basis.,escalation_needed,rule_single,True,7
conv_282725,"@AmazonHelp I ordered something for same day delivery, cancelled an hour later when will I get my refund?",delivery_issue,golden,True,0
conv_1229652,@AmazonHelp hi! i have a bank charge for audible. however cancelled subscription last month&amp;dont have an membership on either amazon account,prime_subscription,rule_single,True,0
conv_183716,"@AmazonHelp I'm facing issue linking my kindle edition to print version. In spite of many emails, it's not getting resolved. What can I do?",technical_device,rule_single,True,1
conv_2103000,"as if @115821 just charged me £30 to my a/c for no reason, then i called @AmazonHelp and waited for 20 mins just for them to say their systems are down - idiots.",billing_payment,rule_single,True,0
conv_2064364,"@115850 @AmazonHelp 
My subscription of amazon prime is going to end soon, so i thought not to renew it
As the services r not good lately",prime_subscription,rule_single,True,5
conv_601305,@AmazonHelp Amazon delivered my package to the wrong address.  They replaced the item but now want me to send back the original that I never got.  What do I do?,delivery_issue,rule_multi,True,1
conv_2823119,"Thanks @115830 for saying my parcel had been handed to resident, only to go in search of it this morning and find it was outside my neighbours house after being in the pouring rain all night 😑🙄 @AmazonHelp",resolution_confirmation,rule_multi,True,2
conv_2760918,"@AmazonHelp 
I have 2 order in my account
And only 1 order was charged .
I want to know what it takes to complete the 2 order? https://t.co/W7vYXt4yEq",billing_payment,rule_single,True,3
conv_1405313,@AmazonHelp What is the differnece between prime reading and unlimited? Which one is free for prime members without additional services? 1/2,prime_subscription,rule_single,True,1
conv_831576,"@118919   #Amazon Order ID 405-8655701-8213919, please refund my money @AmazonHelp @115821",refund_return,rule_multi,True,2
conv_1108280,"@AmazonHelp for some reason, there is no option in the prime membership tab to cancel my prime membership, what do I do?",prime_subscription,rule_single,True,0
conv_108285,😱😭😲😤😖😡😠 Nicht wirklich! Wieso habe ich vorbestellt??? @AmazonHelp https://t.co/QDShxmR9q7,non_english,rule_single,True,0
conv_2508106,@115821 @AmazonHelp I tried your 30 day free Prime Service 3 weeks ago. Didn’t get products 2 out of 3 times. Customer Service has told me 2 just reorder &amp; wait. I asked 4 them 2 call local station 2 find out if driver-stole or incompetent. They said not allowed. Help!,prime_subscription,rule_single,True,3
conv_1912024,@AmazonHelp Keep getting this message every time i try to go to checkout? Then the app keeps closing? https://t.co/qV2ZfBVGWR,non_english,rule_single,True,1
conv_115874,"@AmazonHelp hice una compra y ya me hicieron el cargo, pero en el banco tienen mi saldo retenido por un cargo pendiente de esa compra, no debería de estar liberado ya?",non_english,rule_single,True,0
conv_783340,"@123644 @22030 @AmazonHelp @115851 I have raised this concern multiple times,when I am in free tier why am I being charged?Care to answer https://t.co/qgI6XhuFOm",billing_payment,rule_single,True,0
conv_2600928,Merci @AmazonHelp @120533 https://t.co/SWMCYXUGkZ,non_english,rule_single,True,0
conv_2958680,"@115830 @AmazonHelp I bot a Kindle Fire for a family member, they turn it on for first time and it's logged into my account, they can see my photos etc. What kind of security do you call this?",technical_device,rule_single,True,1
conv_1098615,@AmazonHelp I have sent a DM in regard to an unexpected Prime charge,prime_subscription,rule_conflict,True,1
conv_2176732,"@AmazonHelp How do I make a complaint to Amazon UK, please? Useless chat service and phone helpline has wasted half my day.",escalation_needed,rule_single,True,1
conv_1773996,"@AmazonHelp my bank was charged for Amazon Prime and i misspelled my email while signing up, i want a refund!",refund_return,rule_multi,True,1
conv_577728,@115821 @AmazonHelp Ive been a prime member for years. Order DAILY. And I now can't get anything on time. Not one package. Most get lost and I end up having to go to Walmart to purchase things. You are about to lose a serious customer.,delivery_issue,rule_multi,True,2
conv_886150,"Hey @115821, how many times do I have to complain about damaged packages at my new address until you actually do something? @AmazonHelp https://t.co/9ljZtfpdUa",order_problem,rule_single,True,0
conv_2444072,@116618 @AmazonHelp Why am I suffering audio drop out on episodes of The Walking Dead and Red Oaks on New Fire TV? Not happening on other devices!,technical_device,rule_single,True,0
conv_608102,"@AmazonHelp Hello I ordered yesterday and I paid for it but I need to change the billing address, how can I do it?",billing_payment,rule_single,True,1
conv_1270132,"@115850 @AmazonHelp 

Purchased Prime membership, still waiting for my cashback.

SS attached https://t.co/Y1PEEXiMk2",prime_subscription,rule_single,True,0
conv_1745587,Merci à @120533 et au service FBA qui a perdu notre nouvelle collection. Comment ruiner une entreprise ? Une honte ! @AmazonHelp,non_english,rule_single,True,0
conv_1043588,@AmazonHelp @115850 Hi Team I have  raised refund request 1 Month back... Still no update on since product has been returned last month.,escalation_needed,rule_multi,True,1
conv_530824,"@AmazonHelp hi, I was expecting 3 orders yesterday but only got 2. Any ideas? Tracking ID is Q10341441984 😊",delivery_issue,rule_single,True,5
conv_1318246,@AmazonHelp Amazon is fraud they looted my hard earn money.  I order from there store and don't receive my goods.,escalation_needed,rule_multi,True,2
conv_2132877,@AmazonHelp amazon seller make me fool send me different item but amazon can’t take any action i really dissapoint with amazon please help me order id #404-2077168-8785924,billing_payment,golden,True,1
conv_457754,@AmazonHelp @137599 my copy of destiny 2 was cancelled because we used the same card to pay on each account and every person I’ve talked to in CS has told me to just buy it again at more than double the price it was when I purchased it,billing_payment,golden,True,0
conv_2296511,@AmazonHelp where can I direct a complaint to? Ordered a package with prime delivery and have not received it?,escalation_needed,rule_multi,True,2
conv_312103,@AmazonHelp what a bad service. Cannot keep promise of guarantee delivery. Bad CS department n courier service. Where is my product? @115821,delivery_issue,rule_single,True,2
conv_69754,Das ist nicht euer ernst oder?? @116316 @AmazonHelp https://t.co/cGC94D9MVJ,non_english,rule_single,True,0
conv_77636,"@115850 @AmazonHelp  Still not get satisfied explanation from your represrntatives

i need my all money back to my bank account

i did not want to buy anything from your site your services are poor
dont trap me",refund_return,rule_multi,True,6
conv_2490591,@AmazonHelp How long should I wait to hear back about an investigation into damaged packaging?,order_problem,rule_single,True,0
conv_309205,@AmazonHelp can I get my money back on the second day shipment....this is the 2nd time I can’t get something delivers correctly or on time,refund_return,rule_multi,True,1
conv_1120406,Thanks @AmazonHelp for replacing my broken charger and fixing the issue in 5 mins! Y'all are the best!,resolution_confirmation,rule_single,True,0
conv_2535368,@AmazonHelp Having a few issues with my new Echos. 1st problem is that one echo doesn't always respond even though the command is heard and is logged on it's history. Mainly stopping the music on TuneIn or Spotify.,non_english,rule_multi,True,0
conv_2843771,Since when did @AmazonHelp start charging £3.99 to return an item??,refund_return,rule_single,True,4
conv_2777431,@AmazonHelp just had a notification about 3 months of free Kindle Unlimited but I can't find anything on your website about this,technical_device,rule_single,True,0
conv_704342,@115850 @AmazonHelp  returned the item due to fault in it.  No update received regarding refund. It's been 2 days. Help it,refund_return,rule_single,True,4
conv_622371,"@AmazonHelp Sister wants to get a ""Fire TV Stick with Alexa Voice Remote"" as a gift for my parents who live in India. Will it work in India with Amazon Prime account?",technical_device,rule_conflict,True,2
conv_1384345,"@115850 @AmazonHelp  it's been 7 days since the 1st date of pickup,no 1 come n call 4 pickup. That's frustrating n unprofessional.",order_problem,golden,True,5
conv_662666,"Yo @AmazonHelp, what's up with your 2-step verification? Why must I have a second phone as backup?",account_access,rule_single,True,3
conv_2416363,@AmazonHelp why isn't my account unblocked my you guys,account_access,rule_single,True,2
conv_729691,@AmazonHelp Könnt ihr auch per DN Support in Bezug auf eine Reklamation/Retoure geben?,non_english,rule_single,True,0
conv_612632,"@AmazonHelp I have tried 4 times to return an item , your customer services are appalling, I am now losing patience with this and will involve @20646 if this is not resolved",refund_return,rule_single,True,1
conv_2405143,@AmazonHelp Hello - is there a reason you've failed to deliver nearly everything I've ordered in the last few weeks on time - are you going to refund the ridiculous Prime subscription fee I pay?,prime_subscription,rule_conflict,True,2
conv_2192320,@AmazonHelp hello - I was wondering - how many days does it take for a gift card refund to be processed on to your account? Thanks in advance,refund_return,rule_multi,True,3
conv_536601,"@AmazonHelp Can I make an Amazon smile purchase on the Amazon app? If so, how? Thanks.",non_english,rule_single,True,0
conv_936711,"@AmazonHelp my husband received two parcels this week he didn’t order, he doesn’t even have an account, is this a scam????",account_access,golden,True,0
conv_1095109,"""Gekauft am 22. Juli.""
""Noch nicht versandt.""
""Derzeit nicht auf Lager.""
""Zustellung morgen.""

Vorbestellen bei @AmazonHelp ist nutzlos.",non_english,rule_single,True,0
conv_2144448,@AmazonHelp Would love to get that call back I was promised almost 2 hours ago...,prime_subscription,golden,True,1
conv_2401229,@AmazonHelp Ayuda mi Cuenta de Amazon fue hackeada cambiaron mi correo y contraseña y no puedo acceder https://t.co/2rC3zZFVdt,non_english,rule_single,True,0
conv_304026,@AmazonHelp can I send back a product that didn’t work,refund_return,rule_single,True,1
conv_570014,"Dear @AmazonHelp i purchased Amazon Prime because of ""guaranteed shipping"" for my nephews bday, make sure the stuff gets there on time...mine is at least 3 days late. Thanks.",delivery_issue,rule_multi,True,2
conv_522480,@AmazonHelp I am having trouble with my account. Amazon keeps deactivating my password and that I will be able to access my account and change my password in 5 hours. I changed my password and it is not letting me into my account. I have reset my password and it says not valid.,account_access,rule_single,True,2
conv_2187357,@115821  @AmazonHelp #RT432247465IN I know that Amazon is not a fraud company pls refund as early as possible . No more discussions pls,escalation_needed,rule_multi,True,1
conv_430694,@AmazonHelp Absolutely disgusting!! Aren’t you supposed to knock at doors!? It’s not even out parcel! How will we be reimbursed for repairs?,delivery_issue,rule_single,True,1
conv_758385,@AmazonHelp When @115830 decided to just leave your parcel in the garden 🙃 https://t.co/rp6RMg7ajt,delivery_issue,rule_single,True,1
conv_490496,"So, If you buy an @115821 refurbished phone, I STRONGLY ADVISE AGAINST IT. Here's why, and pay attention, @AmazonHelp: (1/ )",billing_payment,rule_single,True,2
conv_2775439,@AmazonHelp does it seriously take 8 days (and still counting) for you to acknowledge a return via the locker? I’m actually concerned I’m never going to get my £190 refund.,refund_return,rule_single,True,1
conv_486074,"@AmazonHelp not a happy Prime customer ,Amazon . Item arrived in insufficient packaging, has leaked everywhere and the dispenser is broken. https://t.co/0QczNNlvmq",prime_subscription,rule_single,True,2
conv_1887369,"@116928 @AmazonHelp Tienen un producto erróneo en la web.
Anuncian el siguiente, pero envían este otro (además el DVD es diferente). https://t.co/1fEgh190dR",non_english,rule_single,True,0
conv_347599,@amazonhelp my order was supposed to ship on friday today is sunday sill nothing. My account wont even login :(,account_access,rule_single,True,3
conv_144113,"@AmazonHelp hi. For the amazon echo, in order to turn the lights on and off does it need to be plugged in?",technical_device,rule_single,True,1
conv_1374070,"Thx @amazonhelp for not delivering Mario Odyssey. I appreciate it, especially since I pay for Prime and could have just got game in store. 👍",prime_subscription,rule_single,True,0
conv_495803,@AmazonHelp can I get a phone number to talk to a human about connectivity problems with my new echo plus? Your site is taking me in circles.,technical_device,rule_single,True,0
conv_1342636,"Hey @AmazonHelp j'imagine à force que préco un jeu avec prime signifie ""le recevoir après tout le monde"" et non l'inverse ?",non_english,rule_multi,True,0
conv_141025,"@120169 @133929 @115821 @AmazonHelp delivery of this package thru @120169 tracking id-1763435682 has been turned into a joke,according2 @115821 package has gone back 2Amman frm Kolkata&amp;stuck in natural disaster while @120169 says stuck in Customs in India,simply unbelievable! https://t.co/MycKVdBLno",delivery_issue,rule_single,True,4
conv_622441,Hi @AmazonHelp you have charged me twice for the same order? Can someone help me please?,billing_payment,rule_single,True,2
conv_1068372,@AmazonHelp I am unable to sign into my account on iOS. Keep getting this error. Username and Password are correct. https://t.co/zEUmeqh6G0,account_access,rule_single,True,1
conv_2881270,@AmazonHelp  wat d hell is this  who gave you ri8 and why are you holding a poor person's money 8500rs is a very huge amount for a poor Man if you hd did this by mistake you have to accept ur fault and refund it with the compensating amount of atleast 25% of the original amount,refund_return,rule_multi,True,2
conv_2499132,@AmazonHelp the worst ! Have spent the last 2 hrs on the phone with amazon about firetv. Still no resolution,technical_device,rule_single,True,1
conv_440020,@115850 @AmazonHelp @115821 Fake company#wl nt return your money evn aftr returning item#pathetic support#Boycott Amazon#RMN 9654654999,refund_return,rule_multi,True,3
conv_1712582,@AmazonHelp Amazon Transportation Services conspiring with Seller to create Fraud. Seller not communicating. Cannot file claim. REFUND ASAP. https://t.co/rYqyMuEZBr,escalation_needed,rule_multi,True,4
conv_1699,@AmazonHelp I called customer service and was told my membership wouldn't be renewed. I was just charged today. How do I get a refund? https://t.co/SeoQUsA0VA,prime_subscription,rule_conflict,True,2
conv_2190939,@AmazonHelp literally the 4th way of filing my complaint. @1016 making unauthorized transactions for 2 months now. I need a response,escalation_needed,rule_multi,True,1
conv_2692754,@AmazonHelp ordered a pair of shoes 10 days ago it cost me 2800 but now they are available for 1900 .why you charged me extra 900 https://t.co/HnZLiv5Qc1,billing_payment,rule_single,True,0
conv_1722473,"@AmazonHelp My account was locked due to suspicious activity (it was me), made me reset my password now I can't log in to my account at all.",account_access,rule_single,True,0
conv_911940,"@AmazonHelp 
Authorization code 7433274__credit_card__ i havent got my refund already this is 7th day plz refund asap",refund_return,rule_single,True,6
conv_993196,@AmazonHelp When opening the app on Samsung TV I get the menu buy when I try to load a series all I get is the loading circle,non_english,rule_single,True,0
conv_1460534,Toujours en train d'attendre le livreur d'amazon.. poke @AmazonHelp,non_english,rule_single,True,0
conv_412312,@AmazonHelp why is it that Amazon Logistics can never deliver packages on time... never. Unacceptable time and time again!!!!,delivery_issue,rule_single,True,1
conv_579862,"@AmazonHelp Hi, I've had money taken out of my account twice on two separate days for the same item. Can you arrange a refund for the error?",refund_return,rule_multi,True,3
conv_463388,"@AmazonHelp  408-5664066-2980338 , order placed in India . Product received in damaged cond. despite follow up no action",order_problem,rule_single,True,1
conv_2083454,@AmazonHelp what the heck is going on with Amazon prime in the UK. 4/5 orders have been delayed. Why pay for quick delivery when it's always delayed. Terrible service.,prime_subscription,rule_conflict,True,0
conv_2150996,@AmazonHelp If I pre-order the Echo spot and I’m a prime member. Will I receive it before Christmas Eve?,technical_device,rule_conflict,True,1
conv_1349080,@AmazonHelp haven't received  amazon pay cashback.did 1st jio recharge of 399 using amazon pay today.pls help,billing_payment,rule_single,True,1
conv_1727466,@AmazonHelp my account has been locked please unlock my account,account_access,rule_single,True,2
conv_2668698,"@AmazonHelp Random £7.99 charge today, just been told it's an ""authorization charge"" and will be refunded.. what's this all about? https://t.co/LUVgEq4KBZ",billing_payment,rule_single,True,2
conv_158776,@115821 @AmazonHelp I got a gift card can of https://t.co/TxfRRfvKgb  can I get it converted to same amount to @115850 @115851,billing_payment,rule_single,True,1
conv_2419144,@AmazonHelp oui depuis hier,non_english,rule_single,True,0
conv_2213176,@AmazonHelp hice la compra anticipada de un juego que sale mañana y aun me marca como no enviado puedo contar con el mañana?,non_english,rule_single,True,0
conv_2321018,@AmazonHelp  trying for alexa speaker but not getting any invitation from amazon.,technical_device,rule_single,True,1
conv_643,"Bought an @115821 Echo Show and it won’t recognize a single @AmazonHelp account in our household. WTF, guys?",technical_device,rule_single,True,0
conv_1073243,Thank you @AmazonHelp for amazing customer service - highly recommend and always so helpful and friendly!,resolution_confirmation,rule_single,True,2
conv_598016,Y’all are taking forever to refund my movey @115821 @AmazonHelp,refund_return,rule_single,True,3
conv_1399333,never save ur card details w/ @2005 @AmazonHelp they hv been deducting money frm my acc frm past 6months nw inspite of 100 complaints,billing_payment,rule_single,True,1
conv_2936620,@AmazonHelp unable to load balance in amazon pay inspite of successful proceedings. Money isnt debitd frm account neithr creditd 2 Amazonpay,billing_payment,rule_single,True,0
conv_115808,"@AmazonHelp Hi, got a Fire Stick today but get the following error. I'm in UK and it's set to UK! Help https://t.co/6MLgBWfvQO",technical_device,rule_single,True,1
conv_534217,"@AmazonHelp Can’t use sane day or one day shipping in Houston (thrilled!) because my address is showing as a business, but I reside here. What can I do to fix this?",delivery_issue,rule_single,True,1
conv_2126737,@115821 why do your employees waste huge boxes on small items? No wonder prime rates are on the rise  @AmazonHelp https://t.co/WuVVawvMXD,prime_subscription,rule_single,True,3
conv_929587,"Wenn ich #EchseSpock gegen #Alexa spiele, kann ich nie Echse nehmen, es wird immer Spock erkannt. @AmazonHelp",technical_device,rule_single,True,0
conv_1211701,@AmazonHelp I have an email receipt saying I subscribed to prime for a year for £79 dated today. I pay monthly. Will that amount be taken?,prime_subscription,rule_conflict,True,1
conv_2598524,@AmazonHelp On the German amazon.de i received trackinginfo from a product i ordered but i already got it 2 days ago. It says it will be arriving on november 21. What is wrong here?,order_problem,rule_single,True,1
conv_294733,Hey @AmazonHelp can I get someone to help me? The email team is not understanding my issue and is very frustrating. #badservice,escalation_needed,rule_single,True,1
conv_1210997,".@AmazonHelp haven’t gotten my refund from weeks ago. My order was cancelled, I want my money.",refund_return,rule_multi,True,3
conv_572883,@AmazonHelp how can I get my packages that were out for delivery on Thursday and now it’s Saturday and still nothing.  I feel a gift card coming my way. Right?,delivery_issue,rule_multi,True,4
conv_2500713,@AmazonHelp @25142 why can’t I use my echo to turn on and off the wemo plugs?,technical_device,rule_single,True,2
conv_796475,"Completely forgot to cancel my free Prime membership &amp; got charged yesterday. Don't use it enough to warrant cost. Hello, @AmazonHelp.",prime_subscription,rule_conflict,True,3
conv_191965,@AmazonHelp Hola! Es normal que un paquete salga de Amazon el lunes y no haya llegado al transportista? https://t.co/LmQZLQzLXH,non_english,rule_single,True,0
conv_1668280,"@115851 @115821 @81225 @951 @8850 no response yet, such pathetic service from giant like amazon and motorola.. @AmazonHelp @115850 https://t.co/nQqkh2JAzl",escalation_needed,rule_single,True,0
conv_2391833,@115850 @AmazonHelp got in touch with your support team regarding a misplaced order. The customer executive said courier service will get back to you. Its been 4 days no acknowledgement by either,escalation_needed,rule_multi,True,1
conv_1391174,"2 pas a moi
Du coup j'ai fait le livreur dans la résidence

Vous embauchez @amazonhelp? :&gt;",non_english,rule_single,True,0
conv_1800829,@AmazonHelp my account was locked I order to verify something but haven’t heard from you,account_access,rule_single,True,1
conv_2862027,@AmazonHelp I have a huge complaint to make... can I be provided with an email address to do so? Thanks,escalation_needed,rule_single,True,0
conv_944153,@AmazonHelp I pay for Prime for a reason. This isn’t acceptable for me. BTW it was coming from Twinsburg. https://t.co/4uPDNwdAJe,prime_subscription,rule_single,True,0
conv_569161,@AmazonHelp Hi why is package late please help?,delivery_issue,rule_single,True,3
conv_2343994,@AmazonHelp will la noire remastered be dispatched today since its release day tomorrow?,non_english,rule_single,True,2
conv_675252,"@115833 why won’t my alexa work once i turn on my xbox? Have tried restarting and everything, nothing works. @XboxSupport @AmazonHelp @115821 anyone???",technical_device,rule_single,True,0
conv_2313392,@AmazonHelp I've been trying to get a book to download on my kindle for 2 days and it keeps saying pending. Would love to read it.....,technical_device,rule_single,True,0
conv_958822,"@AmazonHelp any reason why this Prime order I placed 3 days ago is taking a week to ship? 

Sorta needed these this week :( https://t.co/UEYbJt7LrG",prime_subscription,rule_single,True,1
conv_26907,@AmazonHelp Hi I am not happy at all NO response from @115830 this is not acceptable it’s Racism which I wouldn’t expect from Amazon...... https://t.co/jjAJS8njHt,escalation_needed,rule_single,True,3
conv_1754224,@AmazonHelp why was £7.99 taken out of my account for amazon prime ?? i don't use it and never signed up for it,prime_subscription,rule_single,True,1
conv_944882,"@AmazonHelp Trying to order software ""activation code by email""; asked to add card details although cards already linked. Is this genuine?",account_access,rule_conflict,True,1
conv_1724712,@AmazonHelp i bought the harmony  cause ur site says it works with alexa but i been trying for hours and it does not work. Even the reviews on the app store says its terrible. u guys are not gonna take stuff back soon cause of smart home devices not working with all the returns,non_english,rule_multi,True,0
conv_1204110,@AmazonHelp how can I force a firmware upgrade to my Echo and Dot? Leaving it on mute hasn’t worked. Can’t make music groups w/o update.,technical_device,rule_single,True,0
conv_2790595,"@AmazonHelp what can I use my echo dot for? I've got the basics but what else can I do? Getting a Google thing tomorrow, want advice.",technical_device,rule_single,True,0
conv_1480122,@AmazonHelp how badly damaged does something have to be for this? Left us completely stuck :( https://t.co/g1qjUbncL9,order_problem,rule_single,True,1
conv_2281081,"@AmazonHelp hello, my first gen echo is malfunctioning, every day for the past several weeks I get the ⭕️ and I have to reset it. However my echo dot nor any of my other electronics are having any issues...",technical_device,rule_conflict,True,1
conv_2026084,Ahhhh! @AmazonHelp @115821 @117795 WHY do you hate me? You reset my account &amp; deleted all my books &amp; prime membership! I can't win,account_access,rule_multi,True,2
conv_2317013,"@AmazonHelp Order# 408-9829894-5445923, made on 23rd Sep, cancelled but no refund yet...this is how amazon works, pathetic",refund_return,rule_single,True,1
conv_2260833,@AmazonHelp an online gift card shouldnt take 30+ minutes to process should it?,billing_payment,rule_single,True,0
conv_2834234,@AmazonHelp hi i thought the point of amazon pay was that i could use my balance? Seems like i only get the option to use card (i have enough balance),billing_payment,rule_single,True,0
conv_2902514,@AmazonHelp hi trying to set up a kindle fire with my existing amazon ac not working and despite me asking for password reset it getting any reset emails,technical_device,rule_conflict,True,1
conv_858728,"@AmazonHelp bought an e-book a few years ago, now realize it's part of a box set. any way we can do a partial refund/swap? DM me with Q's",refund_return,rule_single,True,2
conv_2296502,Je Vous promets que si Je reçois pas Mon colis aujourd'hui je vais incendier votre service client @AmazonHelp,non_english,rule_single,True,0
conv_1316515,"@AmazonHelp My account got blocked on a legitimate order, I was promised response within 24h, 48h later I am still blocked. I need the item!",account_access,rule_single,True,4
conv_1680102,"@AmazonHelp A Friend gifted me a card worth 10k from amazon and card no is not found in amazon database, spoke 20times and still no progress..Purchase data is available in the account but still no body knows the solution..Plz help",billing_payment,rule_single,True,8
conv_522537,Never had @AmazonHelp fail me on a delivery before. But I guess there’s no time like my birthday and my birthday gift to do it.,delivery_issue,rule_single,True,3
conv_1555446,@AmazonHelp Where is my refund. I have proof that item was returned.,refund_return,rule_single,True,2
conv_393550,@AmazonHelp  I have placed my order as on 24 Sep but till date I have not recd my product and your executive does not support me. What I do. https://t.co/vYxWjehwxr,billing_payment,golden,True,1
conv_704318,"@AmazonHelp Hi, last month I signed up for unlimited music for my amazon echo (3.99) and last week I also signed up for amazon prime (7.99) albeit a 30 day trial for now, does my prime subs cover my echo subs or do I need to do both separate?",technical_device,rule_conflict,True,0
conv_1152568,@AmazonHelp How can I make a complaint over the phone? Want my issue resolved today...I'm based in the UK.,escalation_needed,rule_single,True,2
conv_233505,@AmazonHelp requested replacement item as wrong item received still no news on either return or replacement! Help! https://t.co/4Uv0fi6ril,refund_return,rule_conflict,True,0
conv_389679,@115821 @amazonhelp I have reported my debit card &amp; all of mine/my wife's credit cards used on your website (cont) https://t.co/s2KedgWBpQ,billing_payment,rule_single,True,2
conv_320337,"@AmazonHelp Tengo un pedido en curso que me dice que el transportista no localiza la dirección pero esta bien puesta, no lo entiendo",non_english,golden,True,0
conv_439617,@AmazonHelp Lost my 2FA device. But the alternative login page gives a 404. https://t.co/RGNOx0t2Nz So I’m locked out :(,technical_device,rule_conflict,True,1
conv_107251,"@AmazonHelp I called the number you gave me Monday, they put my claim through and said I would have an email in 24 hours, it is now well past that and I’ve had no contact since. To clarify, my house is still damaged, I still have half a letter box and amazon haven’t done anything https://t.co/aT2byOV1gY",order_problem,rule_single,True,3
conv_714744,@AmazonHelp another day and another misdelivered package by amazon logistics. This is the reason I’m canceling prime.,delivery_issue,rule_multi,True,1
conv_2884202,"So the question is….. if we bought @AmazonHelp for two day shipping and don’t get it due to terrible governmental shipping logistics, whose reliable? Sounds like false advertising to me. Playing for something that’s not offered? #legal #scamazon #amazon",escalation_needed,rule_multi,True,5
conv_1448023,@AmazonHelp how to transfer money from one account to other  account will u please say me. 😞😞,billing_payment,rule_single,True,1
conv_2724457,Seems @amazonhelp have managed to create a situation where I get told there will be a pickup for a return but no one actually comes and there’s no one to call. That’s some big holes in the customer experience eh?,refund_return,rule_single,True,1
conv_1045519,@AmazonHelp I thought this was free on prime? The only free option is next week! https://t.co/Q7hBdyQwwS,prime_subscription,rule_single,True,1
conv_2825518,.@AmazonHelp not happy 😡 Paying for prime too. https://t.co/Zt5OrqLXkB,prime_subscription,rule_single,True,2
conv_842257,@AmazonHelp is there a way to request packages not be delivered via lasership? They can never access my building.,delivery_issue,rule_single,True,2
conv_1616256,"@AmazonHelp hello, I recently bought a Fire HD10. I love the device but was wondering is there a way for me to pay to have the ads removed, since I bought the one with ads?",billing_payment,rule_multi,True,0
conv_169604,@AmazonHelp o modelo do kindle paperwhite vendido no site é o AO0456?,technical_device,rule_single,True,0
conv_827127,@AmazonHelp Prime. Time sensitive order delayed 2nd time in 2 months. #Flipkart delivers on time even if product is expensive. Bad logistics,prime_subscription,rule_single,True,1
conv_1578397,Hey @AmazonHelp any reason why you all can't ship games on time? Dealing with my second delayed game from you in a row. Prime member shafted,prime_subscription,rule_single,True,1
conv_499995,"@115850 @AmazonHelp 
I have following complaint against you

""My account has been closed by mistake and my rs 2097 is still unused in Amazon pay balance ,so first let me use it before closing my account""

Ac Details:
ph-9463544971
__email__",escalation_needed,rule_multi,True,1
conv_582620,@115850 @AmazonHelp I paid RS 100/- and RS 999/- for prime. To make sure my package reaches in the shortest period. What I see you have rescheduled my delivery on your own without my confirmation. Kindly deliver my package asap,delivery_issue,rule_multi,True,8
conv_180710,"@115850 @AmazonHelp your socail media team is useless, have never helped. Only forward a link to call you support. Why is it called A help",escalation_needed,rule_single,True,1
conv_861301,@AmazonHelp how do i cancel my free trial with amazon prime? I have a fire stick :),technical_device,rule_conflict,True,0
conv_2443972,@AmazonHelp how is your locker full when I want to do a pre-order,order_problem,rule_single,True,0
conv_2768986,Cancelled my amazon prime trial and you've charged me anyway. Wonderful @115830 @AmazonHelp,prime_subscription,rule_conflict,True,0
conv_1213429,"Ça commence à être long la. J'ai commandé lundi soir...

@AmazonHelp https://t.co/jmsb0QCt2w",non_english,rule_single,True,0
conv_162171,@AmazonHelp Would like to make a complaint regarding a delivery due today that suddenly is showing as being delivered on Monday with no update or explanation... Now going to cost me customers because its not going to arrive in time.,escalation_needed,rule_multi,True,1
conv_2318285,"@115821 @115850 @AmazonHelp still waiting, Is your 24 hours not yet over.
Will I get money back or not??? Its 23rd Day now.",refund_return,rule_multi,True,2
conv_1565937,"@AmazonHelp, I've had major issues with my last Prime order. I've been refunded and given a £15 credit, but still require the items.",prime_subscription,rule_single,True,9
conv_2783122,@AmazonHelp my order id is 406-9353194-3048359 still not got my refund kindly clear me when I gonna get my refund,refund_return,rule_single,True,2
conv_1626093,@AmazonHelp hi seller said they would issue me a refund but nothings happened. Any advice?,refund_return,rule_single,True,2
conv_1259931,"@AmazonHelp When signing up for Amazon student I accidently put my graduation date 1 year later than it is, how can I change it?",prime_subscription,rule_single,True,1
conv_2499089,"@AmazonHelp Hi, my amazon account has been hacked, my email has changed an I can't log on.",account_access,rule_single,True,2
conv_351913,@AmazonHelp my account  has been hacked. Was asked to change password to connect and now when I connect it’s another username and address,account_access,rule_single,True,1
conv_2905037,"@AmazonHelp I just set up my fire stick and my Amazon music is coming up in Spanish, any idea why?",technical_device,rule_single,True,2
conv_1972809,@AmazonHelp hi is Amazon Prime not next day anymore?,prime_subscription,golden,True,1
conv_943509,@AmazonHelp worst service from amazon side... never except .... without any prior update nd information amazon returned my product...,refund_return,rule_single,True,4
conv_1844291,@AmazonHelp Sir It been 15 days since i have returned the product back to seller and till now I haven't got my refund back,refund_return,rule_single,True,1
conv_2290540,"@AmazonHelp Hi theres something wrong with the site and app. When I click to check my orders, they aren't visible. https://t.co/AtyDHtpuG3",non_english,rule_single,True,3
conv_1408368,Hey .@115821 .@AmazonHelp Why are you charging Mississippi tax? There's no state law for online tax purchases. You pocketing my tax money??,billing_payment,rule_single,True,1
conv_191728,".@amazonhelp why did you cancel my pre-order of ""art of the larder"" and why did you not bother to send me an email informing me?",order_problem,rule_single,True,2
conv_727293,@AmazonHelp #prime #AmazonIndia #Amazon https://t.co/G32rBkIreE,prime_subscription,rule_single,True,2
conv_1484311,@AmazonHelp #amazonindia#amazonmarketplace. Terrible packaging. No separators. Products damaged and unusable. https://t.co/hPT1tAO8p3,order_problem,rule_single,True,0
conv_2558469,@AmazonHelp money for prime taken out my card but I don't have prime,prime_subscription,rule_single,True,6
conv_543552,"@149473 plz check the Courier receipt and tell whether it is AUTHORIZED or not?
@AmazonHelp always asks me for a AUTHORIZED receipt. Many times I told that this is the receipt I got from the Courier Point, but no avail. U both discuss the same. https://t.co/UCgfhwXucB",delivery_issue,rule_single,True,3
conv_2893186,@AmazonHelp Hi I cannot access my Amazon account &amp; get the verification code because I put .ckm not .com,account_access,rule_single,True,2
conv_2452138,kudos to service @AmazonHelp @115850 provide.as per ur say i already got 4 rescheduling from link u provided for support and return ..n1,refund_return,rule_single,True,0
conv_137091,Anyone else a paying @AmazonHelp PRIME member who has suddenly lost 1-day delivery options because they have prioritised #BlackFriday vultures?,delivery_issue,rule_multi,True,0
conv_639600,"I really can't wait for Amazon to complete their own delivery system. It is EXTREMELY annoying at times when you order something and the delivery services/couriers just messes it up, don't deliver it on time or lose your package. @115821 @AmazonHelp @115851",delivery_issue,rule_single,True,2
conv_1393972,@115850 @AmazonHelp @115821  #worstcustomerservice whole day wasted nobody came to collect the faulty device,technical_device,rule_single,True,1
conv_241528,"Surely preordering something means you get it delivered on release day, not 5 days later @115830 @AmazonHelp 🙄 Seriously considering cancelling my Prime membership",delivery_issue,rule_multi,True,1
conv_1357248,Amazed that @115821 @AmazonHelp doesn't know how to ship photo prints. Have gotten 5 of these @52226 items &amp; ALL have been damaged. https://t.co/cBbafiDgm6,order_problem,rule_single,True,2
conv_1863455,@AmazonHelp My Echo stopped working.  How do I get support for it?  Please advise or PM me directly.  THanks!,technical_device,rule_single,True,2
conv_2629998,"@AmazonHelp I have a locked Amazon account with 250$ in it, I contacted you guys through phone call, they said it will be 24 hours and they will contact me saying I can use my Amazon account, well that was 7 days ago, U BETTER FIX THIS SHIT NOW BECAUSE I DIDN'T BUY 250 4 NOTHING!",account_access,rule_single,True,4
conv_2375329,@AmazonHelp your site is down / slow,technical_device,rule_single,True,1
conv_2364692,@AmazonHelp I've just purchased a Prime membership to replace my Amazon Music Unlimited membership but I don't think the music subscription has been cancelled. Can you help?,refund_return,rule_multi,True,0
conv_2032929,@AmazonHelp Les commandes en Amazon Locker on un transporteur spécifique ?,non_english,rule_single,True,0
conv_36505,"@AmazonHelp Why is there a box that says I can pre-order Songs of Experience - and listen to 2 songs - but I click &amp; it says ""not found""?",order_problem,rule_single,True,4
conv_690,@115850 @115821 @AmazonHelp @115851 Order# 3632693-6196346. You couldn't deliver EVEN AFTER A MONTH. You should be ashamed of yourself.,delivery_issue,rule_single,True,3
conv_478638,"Thank you @AmazonHelp @115850 because of your communication gap between your own executives and miscommunication between you and your courier service, I had to tell a friend ""sorry your product wont be delivered as per Amazon's promise""
Sorry I ordered via #Amazon #AmazonIndia",resolution_confirmation,rule_multi,True,0
conv_2279472,@AmazonHelp I can't log into my Amazon card account! I tried to reset my password and says my name isn't found!,account_access,rule_conflict,True,1
conv_1630275,Anyone else having problems streaming from #Amazon Prime Music? Happens on both Chrome &amp; FFox cc: @AmazonHelp https://t.co/J5VWw86ISO,technical_device,rule_conflict,True,1
conv_2899680,@AmazonHelp my friend is unable to pay for an order even though she has tried three different cards. She can also not find away to contact you guys about it. Please help.,billing_payment,rule_single,True,0
conv_24533,@AmazonHelp I am unable to Use Prime Video even though I am Prime Member it tells me to sign up for prime Membership,prime_subscription,rule_single,True,4
conv_2524356,@AmazonHelp I would like my a-z guarantee.....  you can give me amazon credit but not my actual money?,billing_payment,rule_single,True,1
conv_834789,@AmazonHelp hello. I ordered a refund/return weeks ago but no one came to pick up the item?,refund_return,rule_single,True,0
conv_44548,@AmazonHelp can u listen to amazon music on more than one device at a time?,technical_device,rule_single,True,0
conv_2704165,@AmazonHelp I messed up scratching off the code of my gift card. Can you help please?,billing_payment,rule_single,True,2
conv_2422761,"@AmazonHelp need help with a kindle fire for kids? Trying to set up the account and just getting “we’re sorry, an error has occurred. Please try again” ad infinitum",technical_device,rule_single,True,0
conv_2690679,"@AmazonHelp Good morning. I’m facing problems to access my account. I’ve reset the password several times, but the problem remains. Can you help me on this?",account_access,rule_single,True,6
conv_182895,"@AmazonHelp I change my password three times in a row, and i tried to login, but still it says your password is incorrect",account_access,rule_single,True,1
conv_1765212,"@AmazonHelp I'm unable to sign up for a subscription with prime video right now, is the service down?",prime_subscription,rule_single,True,0
conv_298437,@AmazonHelp how much gigabytes cloud storage is being provided with amazon drive services for prime customers?,prime_subscription,rule_single,True,1
conv_222650,"@115850 @AmazonHelp hd placd 1 ordr, nw seller calng continously askng to cancel d ordr as he unabl 2 ship d sm,bt nt cnfrmng d refund amt",refund_return,rule_single,True,1
conv_432894,@AmazonHelp  Order # 407-6491054-7867503 ds product is nt delivered to me.but i got mail dat ds product is delivered.plz check n do smthing,delivery_issue,rule_single,True,1
conv_2387895,@115830 @AmazonHelp Why have you signed me up for Kindle Unlimited and taken money from my account?! 😡😞,billing_payment,rule_multi,True,6
conv_1380892,@115850 @115821 @115823 @AmazonHelp @115821 Used to have best Customer Service. Delaying cash back for Amazon pay from 10th Oct. Fed up,billing_payment,rule_single,True,2
conv_30038,@115850 @AmazonHelp Alexa's accent for Indian English is horrible. Just horrible. And skills are blocked for other languages.,technical_device,rule_single,True,0
conv_2451327,@AmazonHelp I bought a digital $100 gift card and it says pending verification. It's my birthday wtf is going on,account_access,rule_conflict,True,0
conv_1313383,@AmazonHelp i bought 1 mobile from @115850 on 14th Oct 17 i am eligible for cashback  agent escalated issue to team but still not received,escalation_needed,rule_multi,True,1
conv_2296566,"@1404 @AmazonHelp @115850 AMAZON SELLS FAKE PRODUCTS, SO I APPEAL 2 ONE &amp;  ALL TO AVOID BUYING ANYTHING FROM AMAZON. PAY FEW MORE RUPEES TO SOME OTHER SELLERS THAN BUYING FAKE PRODUCTS FROM AMAZON.",billing_payment,rule_single,True,1
conv_792096,"@AmazonHelp Hi,been asked to revise payment method as payment's been declined twice in the past few days - 1) info's ✅, 2) €s there to pay!😳",billing_payment,rule_single,True,0
conv_1486230,"@115821 sucks! Lost our $800 order, 3 e-mail/2 hour phone calls, no refund, no replacement. Thieves/fraud. NOT GOOD ENOUGH. @AmazonHelp",escalation_needed,rule_multi,True,0
conv_2970597,"I have the weirdest problem. My new @115821 Echo Plus won't turn my lights green anymore. I have to ask her to make them chartreuse. But if I ask for green, she makes them white. Help @AmazonHelp!",technical_device,rule_single,True,1
conv_2459929,"@AmazonHelp Hello, I ordered goods 2months ago and I still haven't received them. I have contacted the seller several times and have had no response. The goods were supposed to be for a Girlguiding activity which keeps having to be delayed! - very disappointed Girl Guides!:(",escalation_needed,rule_single,True,0
conv_539801,@AmazonHelp @115821 .. I ordered HP laptop but you people delivered some screens. I am your one of the prime customers. And your team is not helping me. Expecting some response from you.. https://t.co/wwxVmhM7aQ,escalation_needed,rule_multi,True,4
conv_1327701,@AmazonHelp Can you check an order for me to see if I have successfully resolved a ‘payment revision’? Thank you.,resolution_confirmation,rule_multi,True,1
conv_2830788,"@AmazonHelp I messaged on Friday at 11.20 GMT and have still had no response. Please can you get back to me ASAP, thank you",escalation_needed,rule_single,True,2
conv_1384171,"Salut @AmazonHelp, j'ai demandé un retour du support de casque Satechi car il fonctionne mal mais j'ai été suffisamment stupide pour monter le support au socle et il ne se retire plus. Je peux même plus le remettre dans sa boite. Je fais comment? Merci !",non_english,rule_single,True,0
conv_1622637,Hi @AmazonHelp I️ need your assistance - client ordered the wrong bathroom hardware and I’m trying to return it - it says beyond the return time but we’d appreciate it (unopened),refund_return,rule_conflict,True,0
conv_436872,"@AmazonHelp hey there-I’ve sent a DM with a clip,can you help me,it’s becoming rather annoying and don’t want to be charged 4x for one order",billing_payment,rule_single,True,1
conv_931592,@AmazonHelp amazon cheat me they did not refund my money they neglect my money  tottly fraud compny,escalation_needed,rule_multi,True,4
conv_1953343,FOUNDERS OF COMPANY'S SAY THEY RESOLVE THE ISSUE WHEN TWEETED PERSONALLY BUT HERE NO RESPONSE@@115851 @AmazonHelp https://t.co/mDe90Ua0FT,escalation_needed,rule_single,True,1
conv_417008,@AmazonHelp I bought two Prime elegible items on the 8th. They’ve been dispatched with an expected arrival of this Sunday. Is that right? :),prime_subscription,rule_single,True,2
conv_74811,@AmazonHelp hi! I made an order on Black Friday with a cancelled card and the price has gone back up 🙈 Can I pay with a working card?,billing_payment,rule_single,True,1
conv_232455,I want my money back you are a chor company @115821 @AmazonHelp https://t.co/39aijYqDaf,refund_return,rule_multi,True,0
conv_50777,"@AmazonHelp Hi, do you know if there are phishing emails doing the rounds regarding ""amazon prime gold"" membership?",prime_subscription,rule_single,True,2
conv_2531548,"Grr needed this yesterday from @115830 :( Can’t guarantee prime deliveries this time of year, always happens @AmazonHelp https://t.co/8gnjcIbZor",prime_subscription,rule_single,True,0
conv_741579,@115850 @AmazonHelp hi my order got returned with out my knowledge.kindly send bk this order to respective address. track # https://t.co/vFf84Nbcrw,refund_return,rule_single,True,1
conv_2226447,@115850  @AmazonHelp  Got one of my order today. But received damaged item. See DM for order number and pics.,order_problem,rule_single,True,1
conv_2902484,@AmazonHelp what do I need to do to disable 2-step verification on my account which i am locked out of? I've called customer support several times over the last couple months and have initiated the 2-step verification account recovery. Nothing else has been done to resolve this.,account_access,rule_single,True,2
conv_790171,@AmazonHelp why are prime members charged to use Pass My Parcel in Bristol but not London?,prime_subscription,rule_conflict,True,0
conv_531684,@AmazonHelp had an item gift arrive like this (attempted to peel label off). No outer packaging and clearly been opened (had another label saying checked). How do I give this as a Christmas gift? Looks awful and used! https://t.co/ZmvlFLAfST,delivery_issue,rule_single,True,3
conv_1922800,"@115821 @AmazonHelp  

￼
I am unable to connect customer care on its number. How can I talk to receive duplicate bill.",billing_payment,rule_single,True,0
conv_1065689,"@AmazonHelp Also eigentlich bestelle ich nicht Sachen vor, damit sie mir erst Tage nach Veröffentlichung zugestellt werden. :/ https://t.co/l1CympLFsm",non_english,rule_single,True,0
conv_231503,"aber schon mal blöd: @115948 auf @118117 lässt sich nicht via #Alexa ansprechen, oder @137949 @AmazonHelp 🙄?",non_english,rule_multi,True,0
conv_2128998,@115821 @AmazonHelp learn how to ship Funko pops. ridiculous that 4 of 4 are damaged cause of how poorly they were packaged.,order_problem,rule_single,True,0
conv_747722,"@AmazonHelp If an order gets cancelled, how long until money from my bank gets put back in?",billing_payment,rule_single,True,1
conv_1116128,Asking Alexa to play the new album by William Patrick Corgan is fucking impossible. Fix this shit @AmazonHelp,technical_device,rule_single,True,0
conv_338589,@AmazonHelp do you plan on a better system for shipping? My UPS guy always comes when I am not there &amp; every Amazon locker I select is full.,delivery_issue,rule_single,True,2
conv_2663990,"@AmazonHelp tengo un Kindle Fire 10 HD 2017 en España pero comprado en Alemania, no me reconoce mi cuenta Music Unlimited",non_english,rule_multi,True,0
conv_2776372,"@AmazonHelp Team what is wrong with you guys?? Order no -171-4580741-8740356. Your seller doesn't have the capability to deliver but still accepted the order &amp; I being a customer is struggling for last 10 days to get the refund, ridiculous experience indeed",escalation_needed,rule_multi,True,2
conv_2240611,@115830 @AmazonHelp I've just had to drive into town to pick an order up from the main post office. What's the point in having a safe nominated place for deliveries to left in if you don't use it? Had park in town and pay and display!,billing_payment,rule_single,True,2
conv_332780,"@AmazonHelp hey guys, canceled my amazon prime mid-September but still didnt get refund. Emailed but no response. Any help?",escalation_needed,rule_multi,True,2
conv_695193,@AmazonHelp unable to reset my email password. I've forgotten the pin code I last ordered at,account_access,rule_single,True,3
conv_600342,@AmazonHelp just received an email saying that my order wouldn’t be delivered today. At 7:50...due by 8pm. Day wasted. Voucher for next order please. Calling CS.,delivery_issue,rule_single,True,0
conv_1414509,@115821 @amazonhelp so I pay for prime and my packages don't get to me? This is the 3rd time in &lt; 2 months. 2 days=never 😡 #justtryingtowin,prime_subscription,rule_single,True,1
conv_838973,Thanks @115850 @AmazonHelp have received parcel https://t.co/uJH6ku1Pm8,resolution_confirmation,rule_multi,True,2
conv_2217683,"@AmazonHelp its been 24 hours yet still no returns from amazon specialist. My account on hold, i have to make order i sent the documents they want but im still waiting...",escalation_needed,rule_single,True,0
conv_2511734,"@AmazonHelp how do I cancel my subscription for amazon music?

I can’t seem to do it.. https://t.co/eiV8hrZ3gf",technical_device,golden,True,0
conv_1721554,"@AmazonHelp Hi, my #FireTv keep resetting itself while Watching films.. is there a firmware issue or is my hardware failing?",technical_device,rule_single,True,0
conv_2124882,Why cant I purchase anything on my firestick @AmazonHelp my card details are on it but wont let me purchase an app i need !,non_english,rule_multi,True,3
conv_2674324,"@AmazonHelp Checked my bank statement and i've been charged for amazon prime, to my knowledge I have never signed up for a paid subscription of Amazon Prime. Could this be refunded please?",prime_subscription,rule_single,True,0
conv_1028381,@AmazonHelp @120533 résultat?ma commande m’a été volée.je trouve cela inacceptable ..j’attends une solution au plus vite 😡,non_english,rule_single,True,0
conv_114429,@AmazonHelp no one wants to see an update of oops we don’t know where your four Christmas presents are contact us on Tuesday if you don’t have them by then?? I primed them! And you took my money wtf is going on #oops,billing_payment,rule_single,True,0
conv_528304,@AmazonHelp Hallo. Ist es möglich geöffnete Nintendo Switch Spiele zurück zu schicken und das Geld erstattet zu bekommen? Danke.,non_english,rule_single,True,0
conv_738411,"Order a fan off of @115830 , paid express shipping. The Fan gets here and there's missing pieces. @AmazonHelp you aren't serious 😒",delivery_issue,rule_single,True,2
conv_687800,@AmazonHelp am trying to buy a sit down exercise bike &amp; it keeps saying it can’t be shipped to my selected address? Help please,delivery_issue,rule_single,True,1
conv_1211081,@AmazonHelp Unser Echo Dot stellt sich ständig selbst auf lautlos. Hilfe.,technical_device,rule_single,True,0
conv_464299,Had another awesome experience with @115821 today! Tried out the live chat feature for the first time. Customer service is TOP NOTCH and they solved my problem so quickly. I seriously love being a Prime member. It’s more than worth it! 😍👌🏽 @AmazonHelp https://t.co/LQItSypNlB,prime_subscription,rule_single,True,2
conv_197529,"@AmazonHelp for amazon uk same day prime is ready for ng7 but it says ""...no results for this search with Same-Day to your address.""",prime_subscription,rule_single,True,0
conv_853892,@AmazonHelp Can you please confirm that @116316 has received my fax (billing).  I have been locked out of my account for almost a month!,account_access,rule_conflict,True,0
conv_2488971,"@AmazonHelp not receiving password reset email, but I get the email from customer support confirming my problem! Argh!",account_access,rule_single,True,4
conv_1267577,@AmazonHelp my xbox one x project scorpio edition was cancelled because I updated my payment info,billing_payment,rule_single,True,1
conv_2290658,@AmazonHelp @22393 i cannot drive to nashville i don't have gas to het to the hospital even @89904 please remove me from the state where i die over and over in hospistals @AmazonHelp where in the fuck are my deliveries of food and shit @115996 is pissed,non_english,rule_single,True,1
conv_1092470,@AmazonHelp bonjour. J'ai commandé qui est désormais en statut livré alors que ce n'est pas le cas. Comment procéder ?,non_english,rule_single,True,0
conv_977894,@AmazonHelp why have I had no response on the fact that you’ve incorrectly put a hold on my account for the second time in 24 hours,escalation_needed,rule_single,True,5
conv_386478,"@115850 @AmazonHelp @115821 - Order# 408-3265294-3245900,I haven't recevied my product yet, nobody is giving the date ,i am a prime member",prime_subscription,rule_single,True,7
conv_2681989,@AmazonHelp Hi. I have amazon Prime student and the payment is scheduled in April. I received a charge today for £8 for no reason.,prime_subscription,rule_conflict,True,3
conv_1773850,"@AmazonHelp Is anyone awake/alive over at Kindle Publishing for Blogs? Emails never answered, questions never answered. Zero support.",technical_device,rule_single,True,1
conv_1263000,"@AmazonHelp just wanted to check if you no longer offer that welcome kit (keychain, welcome note etc.) with Prime Membership @115850?",prime_subscription,golden,True,0
conv_2638485,"@AmazonHelp How can I delete the Fire For Kids app? Useless app.

I'm new to the #Fire and I'm finding some things rather irritating.",non_english,rule_single,True,2
conv_539721,@AmazonHelp  Unable to track status of Order#402-5173888-1723507 placed on 7 Nov. Delivery was due by 20 Nov. Update pls,delivery_issue,rule_single,True,2
conv_619077,"@AmazonHelp So now I'm locked out of my account, no access to Prime, no access to Amazon Music. No access to my kindle books. Customer service unhelpful on phone says I should open a second account.",technical_device,rule_conflict,True,4
conv_2133370,"@AmazonHelp had a situation where my sister credit card was charged for my annual fee for prime, wondering if she can get her money back?",prime_subscription,rule_conflict,True,1
conv_1737608,".@AmazonHelp wozu prime premiumversand, wenn ich länger als 3 tage warten muss? richtig minus #verspätung",prime_subscription,rule_single,True,0
conv_2458409,@115850 @AmazonHelp pls don't promote cheater apps like @262382 . They r looting money from customers without any customer support. My recharge is pending since long &amp; they r unable to help. Worst ever experience. https://t.co/PvR56bDsnj,billing_payment,rule_single,True,1
conv_101719,"@AmazonHelp Zwei Waren, sollten zusammen ankommen. Nur eins kam an, wo ist das Zweite? Sollte heute zugestellt werden, damit kann ich wohl nicht mehr rechnen, oder?",non_english,rule_single,True,1
conv_1506904,"Dear @AmazonHelp, please make my Fire Stick work. And send more wine. Sincerely, the girl who just wants to watch GoT. #ugh",technical_device,rule_single,True,0
conv_1922746,"@AmazonHelp hey, I ordered some gym gloves but they arrived in the wrong size? What do I do next?",order_problem,rule_single,True,1
conv_2103687,@AmazonHelp Hallo. Jemand da der helfen kann??,non_english,rule_single,True,1
conv_882506,@AmazonHelp @115830 have been locked out of my account without being notified. Can't access customer service as I need to login.,account_access,rule_single,True,1
conv_533218,@AmazonHelp Hi! I have a £1 transaction which has been pending for a week on my debit card for amazon but I’ve bought nothing for this amount.. Can you help?,billing_payment,rule_single,True,2
conv_2855757,"oi @AmazonHelp vcs sao top, comprei o kindle na sexta e chegou com três dias, arrasaram demais nessa entrega &lt;3",technical_device,rule_single,True,0
conv_2280812,@AmazonHelp can’t get into my account as my two step verification is with a phone number that now canceled,account_access,rule_single,True,0
conv_530091,"@AmazonHelp hi my order is showing delivered but it didn't received me yet.
I complained to Amazon team no action has been taken yet. what's progress regarding my complaint that where is my order and how can Amazon sign behalf of me. disappointed.",escalation_needed,rule_multi,True,2
conv_1495616,"15 days now... and no response from @115830 or @AmazonHelp or @115851 LOL ""#DASH.. Aha!!!! It'll save every one of us!"" Or not. https://t.co/hnbPEtF0QU",escalation_needed,rule_single,True,2
conv_1175484,"@AmazonHelp, I'm a seller&amp;every day I spend half of my business day to fight with the @115830 support. I'm a retailer, not a lawyer!",escalation_needed,rule_single,True,3
conv_622428,"I purchased kindle paperwhite in the Aug sale, I saw this offer now on amazon about the protection plan, it seems to come in bundle with the device, can i purchase this plan now ? @115850 @AmazonHelp @137341 https://t.co/247hDlU3mN",technical_device,rule_single,True,0
conv_742430,"@amazonhelp Bonjour, il y a un problème avec une commande et on me dit de contacter le service client. Comment puis-je le faire ?",non_english,rule_single,True,0
conv_426114,How long before release day is the payment taken out of my bank for an @115821 order? @AmazonHelp,billing_payment,rule_single,True,3
conv_2018642,"@AmazonHelp hi, just got Amazon student set up but quick question - I'm likely starting a new course/uni next autumn - will I be able to enter my new academic email and graduation date and keep getting Amazon student until the 4 year cap?",prime_subscription,rule_single,True,0
conv_841764,"@AmazonHelp Package delivered ripped apart with items missing! Ordered replacement, when will it be dispatched? Order 205-3168272-6917947",delivery_issue,rule_multi,True,2
conv_938028,@115830 @AmazonHelp becoming very frustrated. Locked out of account and trying to get help for nearly a week!! Not great is it??!?,account_access,rule_single,True,1
conv_648481,@AmazonHelp how can someone in your supply chain change my delivery location? Security issue?,delivery_issue,rule_single,True,5
conv_149196,"Would love to know how @115830 @AmazonHelp think it acceptable to leave parcels out in the open to get wet and damaged, especially in winter?! #unacceptable #poorservice",order_problem,rule_single,True,0
conv_1041213,@115850 Seriously?? Headphone purchased from @115850 stopped working in few weeks. @AmazonHelp told seller will replace but nothing happened,refund_return,rule_single,True,0
conv_980055,@AmazonHelp avrei bisogno urgentemente di una vostra risposta in chat,non_english,rule_single,True,0
conv_2557138,"@1404 @AmazonHelp @115850 A GENUINE COMPANY ONCE IS SURE THAT  PRODUCT IS FAKE,WLD HV ASKD  ITS SUPLIERS TO REPLACE IT  IMEDIATELY &amp; WOULD HAV SUSPENDED HIM. HOWEVER.  AMAZON INSTEAD HARASSES ITS CUSTOMERS THEREBY SUPPORTING.  ITS FRAUD SUPPLIERS AS IT IS INVOLVED IN IT",escalation_needed,rule_multi,True,0
conv_962520,@AmazonHelp help how do I set my echo dot up to xfinity hotspot???,technical_device,rule_single,True,1
conv_427059,@115850 @AmazonHelp Hi can I buy a piano with Bajaj EMI Card ??? I want to buy a piano from amazon.,billing_payment,rule_single,True,0
conv_796500,"@AmazonHelp what is the point of having ""guranteed delivery"" dates listed on checkout if when there is a delay the reps say wait?",delivery_issue,rule_single,True,3
conv_180694,"@AmazonHelp my order arrived damaged. given packaging by fulfillment center, awful packaging is cause. Last pic showing crystals on bottom https://t.co/vfTM1PPuFD",order_problem,rule_single,True,3
conv_2396359,@115830 @AmazonHelp when I try and log in it says 'no account found for that email address' - it's an amazon account I've had for years linked to my hotmail email. I am worried! Help! It's got e.g. all my kindle books on it!,technical_device,rule_conflict,True,5
conv_2986484,"@AmazonHelp @115830 used my prime account for next day delivery, now had email to say will be delivered by 4th December. Not good enough 😡😡 would like to cancel order and cancel prime account not worth the money",prime_subscription,rule_conflict,True,2
conv_2619718,“Give little bits of your love” @AmazonHelp!? @101018 is gutted 😔 https://t.co/PUx6mz5RwR,billing_payment,golden,True,2
conv_1159366,"Hey @AmazonHelp how come every time I pre-order a Christian non-fiction book from @116090, I get this message on/after the release date? https://t.co/Ljglh3kDJa",order_problem,rule_single,True,0
conv_629627,"Hey @AmazonHelp could you have a simple setting on the Kindle app that allows/blocks notifications? It is nice to read without all the alerts from other apps... could do it on phone settings, but a simple on/off in the kindle app would be easier",non_english,rule_multi,True,3
conv_1223735,So you can’t add 2-step verification unless you have 2 phone numbers @AmazonHelp ?,account_access,rule_single,True,1
conv_1548394,@AmazonHelp I just found out that your vinyls are buy one get one half off after I already ordered one. Is it possible for me to order a second and receive a refund for the discount?,refund_return,rule_single,True,1
conv_2265599,"@AmazonHelp Hey, I just got an email saying that my payment had been declined, I just got paid today.",billing_payment,golden,True,1
conv_424309,"@AmazonHelp Bonjour a vous, j aurais aimer savoir dans le pack Pc que je recevrais demain (celui a 499€) les cablages sont-ils bien fournis?",non_english,rule_single,True,0
conv_1446375,"@AmazonHelp Site down??? Just garbled, no pictures, no main page. All other sites I visit working. Thank you.",technical_device,rule_single,True,1
conv_1850396,"@AmazonHelp Prime memberships work on multiple devices, correct? Don't need prime memberships on each fire stick?",technical_device,rule_conflict,True,2
conv_2894527,@115821 @AmazonHelp it’s been like this for months. I’ve tried logging it’s impossible to log in #alexa #amazonalexa #techsupport https://t.co/oUOnyX0b3D,technical_device,rule_conflict,True,2
conv_2734292,"@AmazonHelp i cancelled a order on the 6th of nov, the money had already been taken out but i cancelled the order before it was dispatched. the money still has not been refunded!!! what the hell its over 2 weeks now",billing_payment,rule_single,True,1
conv_1121302,@115850 @AmazonHelp still the issue is not resolved. Would really appreciate if this is resolved on urgent basis. Thank you https://t.co/soFUkc6OZ0,resolution_confirmation,rule_single,True,4
conv_1716708,"@AmazonHelp Whenever I go to Amazon Prime Video, my entire PC stutters every 3 seconds, my PC is more than capable of streaming, what is it?",technical_device,rule_conflict,True,0
conv_1120019,@AmazonHelp @115821 @115850 add delivery confirmation option 4 customer into App. delivery PPL r messing with delivery. #Suggestion,non_english,rule_multi,True,1
conv_2230318,"@AmazonHelp Hi my account has been blocked and the phone number I have been given doesnt take calls anymore, what should I do? Thanks",account_access,rule_single,True,3
conv_2985517,"@amazonhelp hey on this page https://t.co/QyYak6915Y the ""sign in using alternative factors"" link (which points to https://t.co/KHRDAymgz3) is broken and leads to a 404. which is kinda frustrating as i need to reset my 2FA https://t.co/qkmkfU7Jhj",account_access,rule_single,True,0
conv_1688717,"@AmazonHelp fiz uma compra ontem no valor de R$ 384,70 até ai tudo certo, porem olhei a fatura do cartão e estão me cobrando R$ 1,00 de que?",non_english,rule_single,True,0
conv_89246,"@AmazonHelp Not impressed with the poor standard of packaging on my order, see image, if this happens again I will cancel my Prime membership and never order from Amazon again https://t.co/XgNlxKogUL",prime_subscription,rule_single,True,2
conv_319695,"@AmazonHelp @115850 
kindly track order no #4__credit_card__
neither product nor refund received even after a month",refund_return,rule_single,True,0
conv_293802,"@AmazonHelp sir i order samsung j7 prime black rs 10,590 with amazon pay when he give me cashback and how many?",prime_subscription,rule_conflict,True,1
conv_2311281,@AmazonHelp I called the number and said the code now nothing has happened in about 4 hours and my account is locked https://t.co/7whw37udH1,account_access,rule_single,True,0
conv_1565916,"@AmazonHelp its being more than 4 months but your team havent refunded my money.
Bad Customer Experience.

Order id : 4__credit_card__",escalation_needed,rule_multi,True,2
conv_40429,"@AmazonHelp
ordered a product with delivery address j&amp;k....but ATS is trying to deliver it to Assam....track id-79244084290",delivery_issue,rule_single,True,1
conv_1860152,Quick question for @AmazonHelp. If a friend egifts me a gift card when they live in the uk will I still be able to receive and use it when I live in the US since it's digital?,billing_payment,rule_single,True,0
conv_195318,@AmazonHelp it is 7:22 and my package says today by 8 pm I'm gonna fight,delivery_issue,rule_single,True,3
conv_801702,@115821  @AmazonHelp  @115850   why are you giving guarantee for order delivery. Even the delivery person not listening to the company .,delivery_issue,rule_single,True,1
conv_538607,Everything I’ve ordered in the last week has taken more than 4 days to get here.  Some more than 7.  Everything ordered from my prime account that I pay extra for each year.  This is not acceptable. @AmazonHelp,prime_subscription,rule_conflict,True,3
conv_729026,@AmazonHelp @115850 kindly help with order # 407-8159625-6179561. Its been delayed despite having prime membership. Cust Care is clue less,prime_subscription,rule_single,True,2
conv_2385794,Need an Amazon echo invitation... @AmazonHelp @115850,technical_device,rule_single,True,0
conv_306933,Tried to used a prepaid gift card on @115821 and my account has been locked for four days.@AmazonHelp - Anything you can do? #processfailure,account_access,rule_conflict,True,3
conv_795105,@AmazonHelp when is @119625 going to start streaming of @181310 season 3?,technical_device,rule_single,True,0
conv_703829,@AmazonHelp still waiting for a reply to my dm! We have someone else's parcel,delivery_issue,rule_single,True,1
conv_948482,@AmazonHelp what happen to the wonderful support! 4 days to get details on a return is not like anything I experienced with amazon.,refund_return,rule_single,True,2
conv_1488745,Thanks for the cracking delivery   @115830 @AmazonHelp you guys are smashing it 🙃🙃🙃🙃 https://t.co/ngtlIvwtZV,resolution_confirmation,rule_multi,True,2
conv_902439,"@AmazonHelp Curious: Why does (US) ""Alexa deals"" list one price (matching Amazon price), but when vocally engaged w/Echo the item's pricier?",technical_device,rule_single,True,0
conv_597913,"@AmazonHelp Useless customer support. Following-up for more than a month on a issue with CB. These guys are not ready to give even the transcript ID to further escalate.
Registered mail - __email__; ORDER #P04-2061228-6778876",escalation_needed,rule_single,True,3
conv_141929,"@AmazonHelp I didn't receive my order but it's showing delivered. I was supposed to get my order today, I don't know where it is",delivery_issue,rule_single,True,5
conv_1206847,@AmazonHelp I’m very unhappy with my first amazon pantry order. Your customer service team have provided no info and an incorrect refund.,escalation_needed,rule_multi,True,0
conv_428620,"@AmazonHelp plz help - need books urgently (for work &amp; a gift) but only one even has option of 1-day delivery, &amp; it says 1 day = Sat 14th!",delivery_issue,rule_single,True,0
conv_1883324,"Äh, kann ich das jetzt also abholen? Sonst stand auf den Abholkarten nämlich immer, dass das erst am nächsten Tag geht
@AmazonHelp @124285 https://t.co/ihyBx0lcnT",non_english,rule_single,True,0
conv_1355397,"@AmazonHelp your payment method really jk;asdfjkjkjkljklsdfnmdfmn,gdsnfgmdsgnsdjklgnkljdfgkldfjgsdfkl",billing_payment,rule_single,True,0
conv_63826,Hi @115850 @AmazonHelp order number is 171-4216090-2817924 ordered wallet yesterday but there is no wallet in it . Got empty box . See to it asap . This is a fraud happening and you will loose a valuable customer now @3645 registered number 9873513970 https://t.co/LJvBBS8zB2,escalation_needed,rule_single,True,6
conv_1428564,@121284 @AmazonHelp one of ur agent tells me Echo dot order placed on 4th October has been cancelled.ORDER # 405-3924802-8040368,technical_device,golden,True,3
conv_15268,.@115850 @AmazonHelp thanks for no replies whatsoever on my complaint.an you please tell me what more should I do? @119351 @1015,escalation_needed,golden,True,1
conv_1890603,"@AmazonHelp Hi, I had a banner on my fire stick with free £10 to spend on movies to buy or rent does that apply only on the fire stick or can you use it towards a physical dvd purchase from the amazon store",technical_device,rule_single,True,0
conv_2476003,@AmazonHelp hola. He iniciado la devolución de un paquete y la etiqueta de autorización de devolución no aparece. ¿Qué debo hacer?,non_english,rule_single,True,0
conv_319382,"Dear @AmazonHelp we are now into the third week of my account being locked by one of your support teams without any communication as to next steps, bar the suspicious phishing email.

And unsurprisingly you are still charging me.

When shall I simply give up? (cc: @115851 )",account_access,rule_single,True,1
conv_396025,@115850 @AmazonHelp Paying extra for getting ONE DAY DELIVERY why I am not getting my order delivered today? E-mail: __email__,delivery_issue,rule_single,True,0
conv_2728875,@AmazonHelp Glad my order was sent in good packaging for the £6 you charged me! Not sure it was worth the money. What do you think? https://t.co/DDHdz98fQF,billing_payment,rule_single,True,3
conv_866132,"@AmazonHelp I received an email as a Prime Customer for £15 off an Amazon Fire Stick, but the promotional code WASN'T on it?  Can you help?",technical_device,rule_conflict,True,3
conv_2688101,@AmazonHelp just got the Amazon Fire for kids and can’t get it to connect to the internet... just so you know there’s nothing wrong with the internet 🧐 https://t.co/ik1kMWBDjM,order_problem,rule_single,True,0
conv_2511779,@AmazonHelp my order for echo is stuck. Your support team said we cant help in it. Pls help,escalation_needed,rule_multi,True,9
conv_162162,"@AmazonHelp  
Regarding payment!Despite adding cash Amazonpay &amp; rcvd confirmatory SMS.But not reflected in statement. #refund
Ph:8428939085 https://t.co/1Y8jP9cNQA",refund_return,rule_multi,True,2
conv_1482933,@AmazonHelp  I need help with problems regarding my amazon prime account thanks,prime_subscription,rule_single,True,0
conv_332385,@AmazonHelp suggestion: make a Amazon casting app to mirror my mobile on to firestick cause old smart TV's don't support new ver. miracast..,non_english,rule_single,True,2
conv_712941,@AmazonHelp so I cancelled my prime acc 2 months ago (my acc even says I’m not prime member atm) why have you taken £7.99 past 2 months?,prime_subscription,rule_single,True,1
conv_174576,@AmazonHelp hello! I have somehow been charged for a membership to American Amazon Prime despite not wanting it or clicking it - please could I be refunded ASAP? This has happened before and it was resolved very quickly then.,prime_subscription,rule_single,True,0
conv_2790508,@AmazonHelp I have a 'payment pending' twice on my bank acc for the same item I ordered - is this a holding charge for bank authorisation?,billing_payment,rule_single,True,1
conv_2437706,"@AmazonHelp If I pre-order the kindle oasis will i really not receive it until November 14th? That's what Amazon
It says at check out.",technical_device,rule_conflict,True,0
conv_2715164,"@AmazonHelp Hey I canceled my Amazon Prime subscription, will I get refunded?",prime_subscription,rule_single,True,2
conv_788663,@AmazonHelp need help. Want duplicate invoice of a purchase done whose account details are not available but shipping details are available,delivery_issue,rule_single,True,2
conv_425051,@AmazonHelp ok this is RIDICULOUS.  No movement since Saturday night ? It was a guaranteed delivery for Sunday. I’m very aggravated in this right now. https://t.co/ERaj7DZmkb,delivery_issue,rule_single,True,4
conv_2771700,@AmazonHelp is it possible to disable special offers on a kindle paperwhite? I hate ads so don’t want to buy one if I can’t,technical_device,rule_single,True,0
conv_1143139,"@115830 @AmazonHelp Your Company is a disgrace,lying to Customers all the time.Making people wait in for no reason,how do I escalate this?",escalation_needed,rule_single,True,0
conv_252838,@AmazonHelp @115830 I need help resolving a complaint I keep get promised manager callbacks and nothing happens.really really frustrating,escalation_needed,rule_single,True,2
conv_2728066,@AmazonHelp placed an order not yet been charged. When will I be charged for it ?,billing_payment,rule_single,True,2
conv_2571341,"@AmazonHelp ich kann es beheben (bankeinzug wieder auswählen) dann ist es grün, wenn ich neu drauf gehe ist wieder zahlungsart falsch https://t.co/Vx8EujAEWW",non_english,rule_single,True,0
conv_1294246,@AmazonHelp @115850 this is starting if u will not transfer my money to bank account from Amazon pay I wil show u women power. B ready,billing_payment,rule_single,True,3
conv_1622639,@AmazonHelp how can i cancel an order while my account is blocked?,account_access,rule_single,True,2
conv_840402,"@AmazonHelp order # 408-0445641-7089963. Return confirmation on 20th July. Still not refunded. Nt showing in cancelled orders. Fraud, is it?",escalation_needed,rule_multi,True,2
conv_2358908,@115821 @AmazonHelp Ihr Paket kommt mit #amazonlogistics ... oder eben auch einfach nicht 🤬,non_english,rule_single,True,0
conv_183703,"@AmazonHelp if i wanna buy an iphone 8plus(64gb) whose price is around 64k,can i pay 10k instant via ntbnking and the rest in no cost emi.",billing_payment,rule_single,True,0
conv_147269,@AmazonHelp Your 2-factor authentication is a total disaster. The code never arrives in my email or after 10 minutes when it is expired.,account_access,rule_single,True,1
conv_1227120,"@AmazonHelp Hey guys, for some reason I'm told my password is incorrect even after I just changed it.  I called on the 12th, was told 1/2",account_access,rule_single,True,2
conv_2722708,@AmazonHelp @119625 @115850 prime is down. Appreciate your help in resolving this. https://t.co/BU1ETuER6I,prime_subscription,rule_single,True,1
conv_812471,"@AmazonHelp - received order, not satisfied, is damaged or just poor quality. Not easy for me to return. Suggestions?! Order 206-0252060-7377140",refund_return,rule_conflict,True,3
conv_334458,"Hey @AmazonHelp seit gestern Abend funktioniert die Amazon App nicht mehr auf der ps4, oder wii-u.. 😫",non_english,rule_single,True,0
conv_1608379,@115850 ridiculous customer service it's been 10days and i am not refunded 😡 Amazon executives fool people @AmazonHelp #fraud #shitService,escalation_needed,rule_single,True,3
conv_535755,"Hello @AmazonHelp @115850  @115821 ,pls return my money (Doorstep Cashload) ,u r taking 2 much time. I made payment on 28 nov. I don't know why Amzn doing like this. I contacted many times but no result.",refund_return,rule_multi,True,4
conv_646,.@AmazonHelp Item has not been delivered but tracking says it was handed to me over an hour ago... 2nd time this has happened. Sort it out https://t.co/42W82GcARk,delivery_issue,rule_single,True,0
conv_2317738,@AmazonHelp i cant sign in to my amazon account no matter how many times i change my password i keep getting the same issue,account_access,rule_single,True,0
conv_729702,@AmazonHelp Is there a way to buy an Amazon echo device from Spain?,technical_device,rule_single,True,0
conv_1020111,"@AmazonHelp Two problems, ordered an item, declined my card (for no reason) now will not accept payment again, second problem, topped up my balance, new balance is still £0",billing_payment,rule_single,True,0
conv_1337157,@AmazonHelp order no.404-0347404-2981152.returned.still not rcvd refund.raised complaint.no resolution till now.u can't cheat.,escalation_needed,rule_multi,True,4
conv_2478832,@115850 I ordered a product with Order Id: 403-1418119-9073166. Filed return due to some reason ans still the order hasn’t been picked up yet. Need a solution ASAP! @AmazonHelp,refund_return,rule_single,True,4
conv_490520,Kann man die @231852 Player Zugangsdaten eigentlich auch am @AmazonHelp Fire TV Stick nutzen?,non_english,rule_multi,True,0
conv_284041,"@AmazonHelp I just Clicked the order cancellation button by mistakenly but I want that order...
The order is shipped and Will that reach me?",delivery_issue,rule_single,True,3
conv_142980,"@115850 @AmazonHelp Products continue to be damaged at AMD1 FC, please ask the relevant team to get in touch with us ASAP",escalation_needed,rule_multi,True,2
conv_1544578,@115821 @115850 @115823 @AmazonHelp I have submited all information. Os how many days it will take to get my money back into my account https://t.co/xq7Fg7OBPH,refund_return,rule_multi,True,2
conv_1007054,@AmazonHelp @116928 ninguno de los dos pedidos ha llegado... De nada ha valido q comprase con tiempo #nohappybrithday 🤦‍♀️😔 https://t.co/6wgl3N4f2k,non_english,rule_single,True,0
conv_304604,@AmazonHelp @115850 @115823 I did not receive any mail from #Amazon https://t.co/M6qjHxqI3l,account_access,rule_single,True,1
conv_1438223,"@AmazonHelp order no 171-0715862-4786724
I need refund or replacement",refund_return,rule_single,True,2
conv_1620688,@AmazonHelp My account closure with out Any reason I have Lose the Amazon Pay balance. How fraude Amazon,billing_payment,rule_single,True,5
conv_2662259,@AmazonHelp kindly convey my thanks to Venkat who resolved my echo issue,technical_device,rule_single,True,1
conv_740448,Bravo @115830 @AmazonHelp @116324 you finally delivered my son's birthday present after a 5 day delay...and guess what? Smashed screen. https://t.co/OZiSWxJLXt,delivery_issue,rule_single,True,2
conv_786774,How come @115830 @AmazonHelp WWE 2K18 Deluxe Edition hasn't been dispatched? it's due to be delivered to me tomorrow which won't happen https://t.co/45beChjYKy,delivery_issue,rule_single,True,2
conv_2355299,@AmazonHelp hi is it normal to pre auth my debit card for £1 when I sign up to a free trial of prime?!,prime_subscription,rule_single,True,0
conv_333585,"@AmazonHelp #405-5773467-1959542, #404-3518640-4089105, #404-2515746-5797958. all order got rejected.No response by Customer care. (2/2)",escalation_needed,rule_single,True,1
conv_2807486,@AmazonHelp I’ve been having trouble printing a return label and I️ think I️ missed the deadline for the return,refund_return,rule_single,True,8
conv_2888271,@AmazonHelp when signing up for prime there was no option for monthly pay so I changed it after but the yearly charge still went out. How long does it take for the refund?,prime_subscription,rule_conflict,True,1
conv_629585,Hey @AmazonHelp I ordered something on Sunday from my Prime account. Thought it would’ve been delivered already. Checked status and won’t be delivered until Saturday. Your CS rep claims I selected standard shipping. I didn’t. Why would I? Now I have to buy locally. Thanks.,delivery_issue,rule_multi,True,0
conv_2928377,@AmazonHelp Refund is not done against the order id- 4__credit_card__.Also attached the photo copy of my order https://t.co/wQ0jT7fbYw,refund_return,rule_single,True,3
conv_2828083,@AmazonHelp I still have an outstanding issue with an item return on my account. I received this email last night from the seller as they told me I had to pay the returns (not used to this on prime!) is this really legitimate that I am being asked to cut wires on a product ?!! https://t.co/U2XpOMY1Py,refund_return,rule_multi,True,0
conv_16101,Thanks @AmazonHelp for solving my issue . But after 8 day it's really long time you took to solve . But #thanks,resolution_confirmation,rule_single,True,2
conv_91410,"Shocked and appalled at my @115830 delivery driver opening my front door, letting himself into my home and placing packages within my hallway! A total invasion of privacy and also illegal! Wife and 3 year old son left very shaken @AmazonHelp",delivery_issue,rule_single,True,1
conv_1554855,"A curious question @115821 @121284 @AmazonHelp
Why US versions of echo got with remote controlls.?
why UK/IN users got only echo??",technical_device,rule_single,True,2
conv_2583029,@AmazonHelp is it possible to exchange a kindle book for an actual physical book? I dont like the kindle version and would prefer the real thing.,technical_device,rule_single,True,3
conv_1565878,"@AmazonHelp Hallo, was kann ich tun, wenn schon wieder eine Bestellung am nächsten Tag nicht ankommt, obwohl ich Prime-Mitglied bin?",non_english,rule_multi,True,0
conv_1170016,@AmazonHelp I'm unable to sign in to either https://t.co/HDACwEz03y or into my AWS account through my company's SAML. I keep getting 500s.,account_access,rule_single,True,2
conv_375281,@115821 @AmazonHelp So much for one day shipping!,delivery_issue,rule_single,True,0
conv_2799294,Compré un libro de filosofía en Amazon y recibí una máscara y un látigo. Amazon me pide que lo devuelva o me lo cobra. De mi libro nada dice @116928 @116875 @AmazonHelp https://t.co/FLxznLiYHm,non_english,rule_single,True,0
conv_1002922,What an absolute farce. Alexa 'forgot' ALL my Smarthome links so I've had to redo them. Alexa wasn't even showing as Online. 🤔 @AmazonHelp,technical_device,rule_single,True,0
conv_394909,@AmazonHelp I ordered for a laptop bag which came damaged &amp; I asked for an exchange. Received a msg saying it'll be delivered but then it didn't come &amp; then got a msg saying I'll get a refund. But nothing has happened yet! What is going on?!,delivery_issue,rule_conflict,True,0
conv_207763,Hey @AmazonHelp 4th day now without my order which is made up entirely of Prime items.. No cancellation allowed.. what the hell?,prime_subscription,rule_single,True,2
conv_789032,"@AmazonHelp Thank you very much for righting a wrong that wasn't even your fault! The ""lost"" package you resent to me arrived last night.",delivery_issue,rule_single,True,2
conv_2831610,"@AmazonHelp Hello, I managed to snag the switch lighting deal, that's great. :) I had already ordered a copy of Mario odyssey beforehand though: it's no problem to return that copy right?Should I ask for a return before or after it arrives?",refund_return,rule_single,True,1
conv_2733880,"@1404 @AmazonHelp @115850 A GENUINE COMPANY ONCE IS SURE  THAT  PRODUCT IS FAKE, WLD HV ASKD ITS  SUPLIERS TO REPLACE IT IMMEDIATELY &amp; WOULD HAVE  SUSPENDED HIM. HOWEVER AMAZON INSTEAD HARASSES ITS CUSTOMERS THEREBY SUPPORTING ITS FRAUD SUPPLIERS  AS IT IS INVOLVED IN IT",escalation_needed,rule_multi,True,1
conv_712494,"@AmazonHelp Hi. I ordered two items from you all, 10/7. They still haven't been shipped out yet, as of today? What seems to be the issue?",delivery_issue,rule_single,True,1
conv_2211990,"There is something severely wrong with @115821 @AmazonHelp website! Reset my password tried using it and the website says ""incorrect password"". How's that possible when I JUST CHANGED IT?! I've tried this multiple times and it won't let me login. WTF is happening here?????🤬😡",account_access,rule_single,True,2
conv_2945430,Paid 3707 INR for below item purchased from @115850 Got it today bt the tag on item says MRP 2950 INR #Fraud #Amazon #AmazonIndia  @AmazonHelp https://t.co/ScrN154Qmm,escalation_needed,rule_single,True,3
conv_1537521,Literally cannot even being to explain how disappointed I am with Amazon prime. Like I need this item for my event tomorrow. @AmazonHelp,prime_subscription,rule_single,True,3
conv_1623449,Love the way @AmazonHelp @115850 customer service function. Proper follow-up email and next steps about my refund. 👋👋👋,refund_return,rule_single,True,1
conv_697930,@AmazonHelp I recently got married and am curious if it's possible for my wife and I to join our separate prime accounts into 1 account,prime_subscription,rule_single,True,0
conv_176402,@AmazonHelp After I changed my password why I still can’t login ? https://t.co/Ky6x8F1RFV,account_access,rule_single,True,9
conv_837477,@AmazonHelp but the number given of the delivery boy was not working pradeep does th delivery kindly update in your database many thanks,delivery_issue,rule_single,True,2
conv_2252933,Locked out of @115821 prime account need a phone number to call @AmazonHelp,account_access,rule_multi,True,1
conv_2342897,@AmazonHelp why is this on my bank account I’m not a prime member it’s going to make me overdrawn 😡😡😡 https://t.co/ohGZpyM1e1,prime_subscription,rule_single,True,1
conv_2405135,@AmazonHelp Had email with £40 off a Kindle. Website won't allow the code says it's expired.,technical_device,rule_conflict,True,0
conv_2149533,"@AmazonHelp @115821 Why do u say guaranteed delivery date, when it never happens. #Fraud",escalation_needed,rule_multi,True,1
conv_2475987,@AmazonHelp my prime membership is renewed every year automatically so why is my account saying I’m not a prime member?,prime_subscription,rule_single,True,1
conv_2154130,@AmazonHelp I ordered a phone on .de but the phone hasn't dispatched yet and I wasn't even charged. There are only few left in stock last time I checked. Can you please help?,billing_payment,rule_single,True,2
conv_661396,"@AmazonHelp Buenas noches, he pedido un paquete por https://t.co/Y8aJUFMY2K y se me ha querido cobrar impuestos de importación desde E.E.U.U. de los cuales no se me dio notificación previa. El vendedor es AceBeach.",non_english,rule_single,True,0
conv_236188,@115821 @AmazonHelp @115850 @115830 Usd 10.99 were charged on my credit card. (2/2),billing_payment,rule_single,True,0
conv_2537496,"@AmazonHelp  
Plz refund amt 
Id  P04-3502126-3246225",refund_return,rule_single,True,1
conv_969851,Dear @AmazonHelp I have a Amazon Prime account on .co.uk and a Fire Stick at my house in Belgium. How can I watch Prime on my TV here?,technical_device,rule_conflict,True,2
conv_1765431,@AmazonHelp where can I make a return?,refund_return,rule_single,True,1
conv_450826,The level of hate I have for @AmazonHelp @115821 grows with each incorrect delivery. Learn to read a map. 😡,delivery_issue,rule_single,True,4
conv_512441,@AmazonHelp my package for Amazon pantry is delayed and UPS has no info. Having it delivered to a hotel where I'm checking out tomorrow. If it doesn't come today I don't want it. I was promised prime delivery,delivery_issue,rule_multi,True,1
conv_322040,@AmazonHelp my trusty well travelled kindle looks like this - is it the end?? Help! 😬 https://t.co/b9KniNF0cN,technical_device,rule_single,True,1
conv_434433,@AmazonHelp A parcel has been put through our letterbox for the 2nd time for a person at a totally different address in a different town!,delivery_issue,rule_single,True,1
conv_1925642,"Shame on you @115850 @AmazonHelp @115821 
no response even after so many calls, mails,
tweets. waiting for delivery since 15 days,Pathetic",escalation_needed,rule_multi,True,0
conv_2690716,@AmazonHelp I'm not able to connect via phone service. I've a refund pending for months. Will I ever get it back?,refund_return,rule_single,True,9
conv_497368,"Horrible delivery and customer service by @115850
Purchased a product on sale, they cancelled without informing me. Refunded. Had to order again at a higher price, they cancelled again! Called their CS, lied that it'll be delivered. Was Not!
Cheats! Frauds @AmazonHelp @119356",delivery_issue,rule_single,True,4
conv_2449711,@115850 @AmazonHelp Hi Team I got a Amazon giftcard today but while adding its showing invalid code... plz help asap,escalation_needed,golden,True,0
conv_919378,@AmazonHelp Könnt ihr bitte auf dem FireTV in der Music App eine Animation beim Lyrics wie in der App hinzufügen? :(,non_english,rule_multi,True,0
conv_218048,.@115821 shipping their own packages is the worst thing to ever come from Prime. you can def expect a day or two delay. @AmazonHelp,delivery_issue,rule_multi,True,1
conv_2500735,@AmazonHelp recevoir une commande avec un produit cassé et une autre qui devait être livrée entre le 6 et le 9 mais que j'attend toujours ..... ça commence à faire !,non_english,rule_single,True,0
conv_419380,"@115821 @AmazonHelp @120781 
I got message 3 times that delivery attempt failed without any call from delivery agent.
Worse by amazn",delivery_issue,rule_single,True,1
conv_897611,@AmazonHelp please check your DMs. Thank you.,resolution_confirmation,golden,True,3
conv_382733,@AmazonHelp do you provide support for Prime Photos?,prime_subscription,rule_single,True,0
conv_18169,"@AmazonHelp Accidentally bought Amazon Prime when I misread it for the free month trial, and I wanted to know if theres any way for a refund",refund_return,rule_multi,True,1
conv_509390,"Dit @AmazonHelp , lorsque j’ai validé ma commande je n’ai JAMAIS donné l’autorisation à ton livreur de donner celle-ci à un voisin !!!!😡😡😡",non_english,rule_single,True,0
conv_287917,@AmazonHelp is it possible for me to go and pick up a package that you're trying to deliver in the UK?,delivery_issue,rule_single,True,3
conv_2959987,Hey @AmazonHelp I'm a Prime member and when trying to sign up for the early Jumanji screening I run into an endless loop of Atom attempting to verify my prime account. Any suggestions?,account_access,rule_multi,True,3
conv_439139,@AmazonHelp how do I get my kids kindle fire replaced? It’s 10 months old and the screen has cracked.,technical_device,rule_single,True,0
conv_1911487,@117795 @AmazonHelp thanks for not notifying me &amp; silently posting this to my account so much for being a Prime Member. #amazon #amazonprime #NoNotification https://t.co/BV9nGatvBg,prime_subscription,rule_single,True,1
conv_483876,@AmazonHelp Order not delivered still showing as delivered.,delivery_issue,rule_single,True,2
conv_1119600,"@AmazonHelp  pl help, ur Cloudtail retail is partnering with fraud co. #jiolyf in selling FAKE iphone through. Pl help https://t.co/WhFO6TmVed",escalation_needed,rule_single,True,0
conv_1497244,"@AmazonHelp bonjour, toujours pas reçu mon colis après la venue du facteur tout a l'heure. .. deux dates prévues non livré https://t.co/ahx2hYn8lA",non_english,rule_single,True,0
conv_1617308,@115850 @AmazonHelp now u want 2 sell forcefully?why r u forcing me to accept replacement?i don't want to replacement I just need refund.,refund_return,rule_single,True,3
conv_2260683,@115850 @AmazonHelp I am really dissappointed by fake promises of refunding money from amazon.I have proofs but amazon didn't do anything.,billing_payment,rule_single,True,1
conv_500686,"So I bought a Shoes from #Lacoste as a gift from #souq #Amazon yet found out I Ordered the wrong size (instead of UK 8.5, I have chosen US 8.5) 😢😢 advise me what to do now?😰 @AmazonHelp do I have any options? 🤦🏻‍♀️",order_problem,rule_single,True,2
conv_454510,"@AmazonHelp hello I ordered one ""Charmin Ultra Soft Mega Roll Toilet Paper, 24 Count"" on 11/28 and was informed it would arrive tomorrow, 12/1. I have now been updated that it will arrive on 12/2. For obvious reasons this is unacceptable. Please advise.",delivery_issue,rule_single,True,2
conv_2827198,"@AmazonHelp I just bought a laptop on lightning deal, and I've been locked out of my account for all deals on cyber monday, is this how you usually treat long term customer? I've replied to the email.",account_access,rule_single,True,1
conv_778336,@AmazonHelp How much do you want to actually deliver the shit I order?,delivery_issue,rule_single,True,2
conv_559239,Thanks @AmazonHelp for sending me a box full of garbage that @UPSHelp thinks they picked up for return but is still sitting at my door.,resolution_confirmation,rule_multi,True,1
conv_2667915,"@115850 @AmazonHelp Damaged product not eligible for return as well ! 
Worst experience ! https://t.co/8ApCszS6BZ",refund_return,rule_conflict,True,1
conv_2349509,"@AmazonHelp @115850 Product not delivered to me but on your app / site, it says product delivered. Please resolve asap. I am a prime customer.",non_english,rule_multi,True,12
conv_2807314,"Thanks @115821 @amazonhelp for the delay in shipping. I'm a prime member for 2 day shipping, not 3-4 days. Ridiculous",resolution_confirmation,rule_multi,True,3
conv_2322246,"@AmazonHelp I contacted the seller, no response, contacted Amazon, rep tells me to contact the seller. I try to leave a review that says, product broke, no response from seller. Told that’s not allowed. I’m losing confidence in Amazon’s marketplace.",escalation_needed,rule_single,True,2
conv_269800,"OK, @AmazonHelp, #CHIvsGB won't play on TV because ""live content isn't supported on this device""? Works fine on iPad. Am Prime customer. https://t.co/NC3iPs4wGx",technical_device,rule_conflict,True,0
conv_526634,@AmazonHelp Why do you people think I hacked my own account.  2 times in two days I have been locked out after buying Google Play cards.  Walmart never gave me this kind of trouble.  #unhappy,account_access,golden,True,4
conv_667004,"@AmazonHelp  @115851 - Technical Support Rep, Grey just crushed my Echo issue!  AWESOME Customer service!  #Resolved BTW:  #CLTisPrime",technical_device,rule_single,True,2
conv_218130,"@AmazonHelp returned two items to an amazon locker on Monday, on my return tracker it doesn't show any update?",refund_return,rule_single,True,0
conv_279028,Thanks for the assistance @AmazonHelp I called support yesterday and got my account back today. :D,resolution_confirmation,rule_single,True,2
conv_1505566,@AmazonHelp I’ve changed email addresses and also forgotten my amazon password.  Can I get the email address on my account changed or my mobile added to it?,account_access,rule_single,True,1
conv_1304212,@115850 @AmazonHelp never faced poor service when wasn't a prime member. Very bad!!,prime_subscription,rule_single,True,0
conv_1451463,"@AmazonHelp Hi, My account was locked and I was asked to send some docs to an ""Account Specialist"", I have but I need to speak with someone?",escalation_needed,rule_multi,True,1
conv_308923,@AmazonHelp I paid $52 to get same-day shipping and it’s not even here #wasteofmoney,delivery_issue,rule_single,True,3
conv_785087,@AmazonHelp Why did I pay £1.20 more than what it says the book costs?? https://t.co/JQPvfd6gEp,billing_payment,rule_single,True,2
conv_2664068,"ORDER # 402-2777505-2228327 11 days over still not recvd my refund of INR 40,000 @AmazonHelp",refund_return,rule_single,True,3
conv_2604908,"@AmazonHelp hi, I've a problem, today I has been charged on my credit card for something that I'm not buying it",billing_payment,rule_single,True,1
conv_980749,@AmazonHelp r u thr to help customer or blame on them.Cancellng order at wimps and fancies and supporting seller #feelingcheatd #fraud #fake,escalation_needed,rule_single,True,1
conv_666999,4 Days still no response from @115850 ..  on #Redmi4 fraud did by #Amazon @138673 @AmazonHelp https://t.co/ny1BzUmyKo,escalation_needed,rule_single,True,2
conv_581215,"is it possible that there is not ONE single person to talk about AMAZON STEALING MONEY FROM CLIENTS, this is JUST RIDICULOUS @115830 @AmazonHelp WHERE ARE THE LAWS @2308 @1370 @26226 There should be some law or protection for the clients in this giants",billing_payment,rule_single,True,6
conv_1243787,"@AmazonHelp seems like my echo has a blown out speaker, where can I find warranty info?",technical_device,rule_single,True,0
conv_1493327,@AmazonHelp request you to process my replacement of @174957  #Nokia6 asap. Ordered on 11-Oct. Still have no clue where is my order.,refund_return,rule_single,True,0
conv_1777723,"@AmazonHelp Hi, I'm a Prime member with Amazon.de located in Belgium. I want to buy a Fire TV Stick, but the site keeps telling me that they can not ship it to BE. Is there another way to get it shipped to Belgium?",technical_device,rule_conflict,True,0
conv_152204,"@AmazonHelp bjr, pas d ipad pro 10,5 64go en stock chez vous ? (Pas vendeurs tiers ! Uniquement vendu et expédié par amazon)",non_english,rule_single,True,0
conv_2452163,"@115850 your app down?

@AmazonHelp",non_english,rule_single,True,1
conv_1567500,@AmazonHelp tengo un pedido que aparece como entregado pero no lo he recibido! Ya me he quejado y nadie me ha resuelto!!,non_english,rule_single,True,0
conv_1570908,"Ma fille a reçu un cadeau (via amazon) mais on ne sait pas de qui, moyen de retrouver l'expéditeur via le n°commande? cc @AmazonHelp",non_english,rule_single,True,0
conv_461314,"Thanks once again @115821 for over promising and under delivering. Promised same day delivery but delivered a ""delayed"" text instead.  Not the first time. Why promise something you can't actually fulfill? Love Amazon but this is one time too many.
@AmazonHelp",resolution_confirmation,rule_multi,True,1
conv_429012,@AmazonHelp do I get charged straight away if I purchased an  item on pre order ?,order_problem,rule_multi,True,1
conv_64149,"So many days yet no update. @AmazonHelp 
There are cases of fraud pick ups.
Guys be aware @130725 @130726 @17497 @130727 @115530 @130728 @115531 @115532 @130729 @115533 @130730 https://t.co/dLyuiAUNro",escalation_needed,rule_single,True,4
conv_2427506,"@AmazonHelp If I accidentally buy a Kindle book on your site, is there really no way to reverse it? And there is no way to disable 1-Click ordering for books?!?!",technical_device,rule_single,True,2
conv_78811,@AmazonHelp Please can you tell me where I can find a VAT invoice for an Amazon prime membership?,prime_subscription,rule_single,True,0
conv_343775,@AmazonHelp why are you going to charge me $5 to return a gift of which I received a duplicate item because it wasn’t marked as purchased?,refund_return,golden,True,6
conv_1410758,@AmazonHelp does instant pick up show up only to those whose default addy is near the pickup area?,technical_device,golden,True,1
conv_131777,@AmazonHelp - didn’t get a reply to this. Have a second Echo Dot sitting here ready to return as it is no use at the minute (doesn’t work with my @7580 lights). #echodot #alexa #philipshue https://t.co/bMPzAXiwrB,refund_return,rule_multi,True,0
conv_2417001,@AmazonHelp how do i get help on an order not turned up? Emailed seller three times no response,escalation_needed,rule_single,True,0
conv_472384,"@AmazonHelp Hey, just got Prime and slightly confused as to why all items are saying they won't arrive till Monday and not tomorrow?",delivery_issue,rule_multi,True,3
conv_650140,"@AmazonHelp Just ordered a digital code for Fifa 18 Deluxe upgrade and it says ""Pending verification"" how long does it take for the order to go through?",account_access,rule_single,True,1
conv_1654659,Hey @AmazonHelp why does your app say my items are delivered when there's no tracking update since leaving carrier facility 4 hours ago??!,non_english,rule_multi,True,1
conv_1310975,"@AmazonHelp why are deliveries no longer made over weekends? Paid for Prime and now have to wait until following week for items, broken deal",prime_subscription,rule_single,True,0
conv_1391139,@AmazonHelp What qualifies as an eligible item so that my automatic credit can be applied? Any Prime item? Is there a way to check? Thanks!,prime_subscription,rule_single,True,1
conv_495919,"Disappointed by @115821 and @AmazonHelp for being so...unhelpful when I had broken items delivered!
Was a loyal shopper, that’ll probably stop. *shakes head* #nothappy #amazon #customerservice #art https://t.co/T8IWfnQnKp",delivery_issue,rule_single,True,2
conv_881095,@AmazonHelp is the site down in general or am I just special right now?,technical_device,rule_single,True,0
conv_1125077,"@AmazonHelp Hi there, I saw I made a payment to Amazon SVCS EU-UK but I have no idea what this is. What would this payment usually be for? Thanks!",billing_payment,rule_single,True,3
conv_232193,"@AmazonHelp ur things rate with paking charge most heavy rate in market prize,,",billing_payment,rule_single,True,0
conv_2391864,@AmazonHelp Je suis agréablement surprise de la façon dont vous avez résolu mon problème de compte piraté. Efficacité au top !,non_english,rule_single,True,0
conv_365204,"@115850 Why are the orders not getting delivered after being OFD and are tagged as the said reasons? @AmazonHelp 

3 orders stuck w/ this https://t.co/CjEUtlqh9e",delivery_issue,golden,True,1
conv_2625657,@AmazonHelp If i pre-order a item that hasnt been released. Do i get charged as i order it??,order_problem,rule_multi,True,1
conv_181249,@AmazonHelp Who do I contact regarding a missing package and to file a complaint against Amazon logistics driver?,escalation_needed,rule_multi,True,0
conv_2399412,@115850 pre ordering and waiting one month  for getting echo dot is way too long @AmazonHelp,technical_device,rule_single,True,0
conv_1104643,@AmazonHelp I keep getting emails saying I have 2 days to verify payment details. This is fake right?,account_access,rule_conflict,True,0
conv_2113563,"@115851 @1840 @115850 @AmazonHelp Today,Amazon people did a big big fraud with me.Kindly take time to read this.Will shortly share link of youtube. https://t.co/rZ1gX0z06n",escalation_needed,golden,True,3
conv_1223553,"@AmazonHelp Hi, if I were to purchase the Mamas &amp; Papas two stage bath using prime will there be a guarantee that I will receive it tomorrow?",prime_subscription,rule_single,True,2
conv_857768,@AmazonHelp how do I change US Amazon echo to Indian version?,technical_device,rule_single,True,1
conv_115923,@AmazonHelp Tried to top up my acc using my @141806 giftcard and you've locked me out if my acc. Urgently need access!,account_access,rule_single,True,2
conv_2281341,"@AmazonHelp I have a question about canceled orders, how long does it usually take for it to refund the money after canceling?",refund_return,rule_multi,True,0
conv_2206168,@AmazonHelp êtes vous disponible svp?,non_english,golden,True,0
conv_2330920,Hey there! Is your Aws sign up down for maintenance? It's not accepting my credit card details.. Thanks! @AmazonHelp @123644 #aws,billing_payment,rule_single,True,2
conv_2790433,"@AmazonHelp Nabend. DHL hat euch am 15.11. ein Paket zurückgegeben, dass ich nicht aus der Packstation befreien konnte. Bislang keine Bestätigung von euch über die Erhält bekommen. Könnt ihr vielleicht mal nachschauen?",non_english,rule_single,True,0
conv_1468388,@AmazonHelp am I able to prove that I'm still a student before my Amazon prime renews? It renews this month and would make life easier.,prime_subscription,rule_single,True,0
conv_140075,"@AmazonHelp If I want someone to call me via Amazon Echo, what contact info should I share with them?",technical_device,rule_single,True,0
conv_987165,@121284 @AmazonHelp would there be an option to select accent in India? I prefer services be local but Alexa have an US accent,technical_device,rule_single,True,0
conv_706795,"@AmazonHelp Mon compte amazon est bloqué depuis ma commande, car ""pas pu confirmer vos infos de paiement"". Help",non_english,rule_single,True,0
conv_2822381,"Thanks @115821 for leaving my parcel on my DOORSTEP my electrical products are soaked. Surprised not stolen as been away from home this weekend! @AmazonHelp again, why is it so hard to put my stuff in my safe place?!",resolution_confirmation,rule_multi,True,2
conv_239873,@AmazonHelp your indian team is associated with many fraudsters who takes one month for te fund of our money after not providing products,escalation_needed,rule_multi,True,0
conv_698818,"It has been 9 days still didn't get echo invitation
It is becoming embracing
@121284 @115850 
@AmazonHelp",technical_device,rule_single,True,0
conv_734670,@115850 I got my package. Thanks for the follow up with team. @AmazonHelp,escalation_needed,rule_multi,True,1
conv_1731176,"@AmazonHelp Hello there, I'vent received cashback in my Amazon Pay Balance. And my mobile number is  blocked to get in touch with cc @115821",billing_payment,rule_single,True,0
conv_654343,@AmazonHelp Umm supposedly my package arrived ..... there’s a picture of it at my house ..... I go outside and it’s not there 😑 https://t.co/n4krbB01CB,delivery_issue,rule_single,True,0
conv_674329,"@AmazonHelp Pickup Tracking ID:710406598277 - my return package was scheduled to be picked up yesterday, but i am yet to hear from the carrier team! Please expedite the process!!",escalation_needed,rule_multi,True,7
conv_230859,"@AmazonHelp hi, I preordered battlefront two from you yesterday and I haven't receiver any beta codes as of yet, when will they arrive?",delivery_issue,rule_single,True,4
conv_2728051,@AmazonHelp suspending my account because of a fraudulent transaction that had nothing to do with me - joke. Any chance of getting help from someone in customer services who doesn’t just send repeated template replies??,billing_payment,rule_single,True,8
conv_361335,@AmazonHelp is there a problem with customer services link via your app (UK),non_english,rule_single,True,3
conv_2499127,"@AmazonHelp Hi,habe da eine Frage.Habe mir Pokémon Ultrasonne/Mond Dual Pack bestellt,welches am Fr ankommen soll.Nun stand dort heute aber versand am 18.11 und Zustellung DIENSTAG. Habe dann auf Premiumversand gestellt und schon steht dort wieder das normale Datum.",non_english,rule_single,True,0
conv_2302249,"@AmazonHelp hey I'm a prime customer, do i have to pay extra to watch the grand tour in 4k? Just upgrading my tv set",prime_subscription,rule_conflict,True,0
conv_1676602,@AmazonHelp have been charged for annual Prime membership!! Did not sign up for this...how do I get a refund?,refund_return,rule_multi,True,1
conv_247530,@116875 @AmazonHelp no he recibido un reembolso como lo puedo reportar?,non_english,rule_single,True,0
conv_1658317,@AmazonHelp i am having an issue with my Kindle's battery. I bought it 17 days ago . Please help me into this.,technical_device,rule_single,True,1
conv_1147791,Dear @115821 @amazonhelp your pinless debit policy is some real BS!!! Why charge ppl twice? You already got your money #ponzischeme #thieves,billing_payment,rule_single,True,0
conv_222757,"Worst service of @AmazonHelp
Order placed on 21st Sept still not delivered and cs team isn't helping @1560",escalation_needed,rule_multi,True,2
conv_524213,"@AmazonHelp hi, If I buy a Kindle paperwhite from Amazon Mexico, will I be able to buy ebooks from Amazon USA?",technical_device,rule_single,True,0
conv_2735673,@AmazonHelp I have a amazon prime membership that of course has my name on it is there any way to change that to my name and my sisters?,prime_subscription,rule_single,True,1
conv_1291014,"Bin ja mal gespannt, wo @AmazonHelp Logistics ein Paket in nem Bürogebäude mit x Firmen „an einem sicheren Ort hinterlegt“.",non_english,rule_single,True,0
conv_2341946,@AmazonHelp @115830 is there a problem with the Echo network? All 3 of mine have went offline and I’ve tried resetting them/turning off &amp; on and I’ve reset my internet router but all are still ‘offline’,technical_device,rule_conflict,True,2
conv_2828783,"@AmazonHelp Hi Team, could you send me the email address of your support team that handle Reuters Kindle Edition?

https://t.co/lMIxxMyl22",escalation_needed,rule_multi,True,4
conv_2954288,@AmazonHelp how do i know how my refund process is going?,refund_return,rule_single,True,7
conv_687833,@AmazonHelp echo says it needs a firmware update for multiroom audio. Was working yesterday.  What can I do?!  People coming and now we won’t have music,technical_device,rule_single,True,0
conv_1214434,Die Farben sind neu oder? Aber leider nicht so geil. @AmazonHelp https://t.co/WvobAQTjfJ,non_english,rule_single,True,0
conv_2808980,"@AmazonHelp How do i figure out which anti-glare screen protector will fit my 7"" kindle fire? Bought it this year but 5th gen. Can't seem to find the right one.",technical_device,rule_single,True,0
conv_314496,@AmazonHelp got this sms from my bank for debit of ₹ 715.95. I have not allowed to renew my prime membership.Please stop this transaction https://t.co/5F8BlG01Iv,prime_subscription,rule_single,True,0
conv_350091,@AmazonHelp again disappointed by the seller of amazon. Delviering wrong product in d name of other product,order_problem,rule_single,True,1
conv_1911069,@AmazonHelp i am having huge problem getting a refund for order from American Sports Nutrition through you please help!!!!,refund_return,rule_single,True,3
conv_2679237,thanks @AmazonHelp it was so convenient of you to put my 20kg parcel IN THE BIN https://t.co/Vp3ONl1cna,resolution_confirmation,rule_multi,True,2
conv_2338173,@AmazonHelp Mannnnn gestern 5€ extra bezahlt für ( Prime Artikel !) Morning Express Lieferung. Jetzt das! Ätzend. https://t.co/pgbLWsZ4XW,non_english,rule_multi,True,0
conv_80694,Hello @AmazonHelp I made an order on Monday 27th November but the money hasn't been deducted yet is there a problem?!!,billing_payment,rule_single,True,1
conv_62188,@AmazonHelp the echo dot 2nd gen i'm using suddenly stopped playing music randomly. the connection is fine.,technical_device,rule_single,True,0
conv_791056,"@AmazonHelp @127390 not happy with how this book has been delivered to me, amazon is there any way you can send me a new copy https://t.co/3zZU0e52fk",delivery_issue,rule_single,True,1
conv_441891,"@115850 @AmazonHelp  #Fake_promises #Liar #fraud
#Cheating #42inch tv ki 40"" paisa #khaya #Hsrrasing with #replacement #Irritating_Service https://t.co/gMLC9TPlX5",escalation_needed,rule_multi,True,4
conv_2179030,@AmazonHelp why is so easy for you to take unauthorised payments from my bank account? Cos 14 weeks later and I'm still waiting for it bk...,billing_payment,rule_single,True,1
conv_792051,@AmazonHelp can you DM me please there is a copyright issue with a book on your kindle store! I get pretty pissed off when someone's 1/2,technical_device,rule_single,True,2
conv_1193403,@AmazonHelp my account has been locked after a password attempt. I then made a new password to log in but it says it's still locked,account_access,rule_single,True,2
conv_2918712,@115821  @AmazonHelp you guys completely scammed me out of almost $100 on my credit card for charges I didn't authorize. I TOLD numerous customer reps ahead of time &amp; no one took me seriously.  I have the physical bill to prove it now.,billing_payment,rule_single,True,1
conv_360711,@115851 @115850 It's already more than 48 hours to give u all the details....still no response.. Ur 48 hrs is also over @AmazonHelp @115821 @115850,escalation_needed,rule_single,True,5
conv_2877866,@AmazonHelp just found out the replacement will come in 3 days. This is not acceptable. #NotAHappyCustomer,refund_return,rule_single,True,2
conv_765762,@AmazonHelp really disappointed with your Alexa support. For two weeks now my amazon echo has stopped connecting to WiFi while my other two devices are fine. Back and forth with support and I’m getting no where. Clearly it needs to go into the bin. :-(,technical_device,rule_single,True,1
conv_2790417,"@AmazonHelp Hi, I've added Spotify as my default music via Settings &gt; Music &amp; Media, but when I request Alexa to play music, she says ""Sorry, something went wrong."" When I go to Menu &gt; Music &amp; Books and select Spotify, I get this...any ideas? https://t.co/ZSq5FMZje9",technical_device,rule_single,True,0
conv_1262235,"@AmazonHelp comprei um kindle na promo ontem,recebi email de confirmação mas ainda n foi descontado o valor no cartao, preciso me preocupar?",technical_device,rule_single,True,0
conv_2525463,Worst customer service. I had cancelled one plus 5 on last week Wednesday 8/11/2017. Till now I didn't get the refund amount for that amount. I contacted customer service so many times they are not responding properly. Amount is not refunded @AmazonHelp  @115850,refund_return,rule_single,True,1
conv_1323922,"@AmazonHelp Hello. It's 20 days now and I've got just unreplied mails and no refund of my money since it was ""issued"". Please help",refund_return,rule_multi,True,2
conv_689231,Hi @AmazonHelp. I added a £10 gift card to my balance. £3 of it was used on an order but my balance says £0.00 - I should have £7 left!,billing_payment,rule_single,True,3
conv_924520,"@AmazonHelp Llevo todo el día esperando un paquete q supuestamente iba a llegar hoy y no ha llegado, y x las horas me da q ya no va a llegar",non_english,rule_single,True,0
conv_2578529,@AmazonHelp I've tried contacting support via phone multiple times within the past month to have two step verification removed from my account because I just changed my phone number and didn't get to change it on my account and have had no help or answers to anything,account_access,rule_single,True,3
conv_169626,This isn't the graphics card I ordered @115830 @AmazonHelp https://t.co/TuqdwZW45q,billing_payment,rule_single,True,1
conv_306567,@AmazonHelp I pre ordered a book that was supposed to arrive Tuesday but was delayed until yesterday and I still haven’t recieved it.,delivery_issue,rule_single,True,2
conv_557097,@AmazonHelp Received a refund after cancelling prime but then on the same day you sent the refund. You took another £7.99. Can you sort this out please.,refund_return,golden,True,2
conv_2934378,"@AmazonHelp So juicer was due 4 del Mon 27th then Sat 25th, then Mon again, then tues, then Wed &amp; now today.  Whats the betting I don't get it today? Are Amzn going to refund me 4 all the fruit &amp;veg that I had bought especially? Seems like being a prime cust doesnt count 4 much",refund_return,rule_multi,True,4
conv_1159357,"@AmazonHelp Hi, I got confirmation that my refund has been received but I haven't received the money back?",refund_return,rule_multi,True,2
conv_560603,Not amused at my two @AmazonHelp prime orders that were meant to be delivered today but didn't make it &lt;/3,delivery_issue,rule_multi,True,2
conv_2652339,@115850 @AmazonHelp what is the T&amp;C for availing Rs. 1500 discount on HDFC credit card for purchasing oneplus 5 T?,billing_payment,rule_single,True,1
conv_641834,"@AmazonHelp tried using the customer service chat with my Prime I would get more sense out of my Echo. At least she speaks English.
Spent nearly a £1000 on furniture and getting not very good service or proper answers to my queries.",technical_device,rule_conflict,True,6
conv_1344559,@AmazonHelp I have ordered Amazon Echo since 25+ days. When will it ship? @115850,technical_device,rule_single,True,2
conv_204917,Never expect anything when promised when it's shipped via Amazon Logistics. @AmazonHelp If only I could choose the shipper.,delivery_issue,rule_single,True,3
conv_1637882,@AmazonHelp Can you help me make an A-Z claim its been 4ihrs since you sent the seller an email still no response and now almost 3 days late,escalation_needed,rule_multi,True,0
conv_2292206,"@AmazonHelp the package i ordered on oct. 29 has YET to arrive. i have prime with you all as well. it should not take nearly a month and lack of communication to tell me that my order has been back ordered. the last time i filed this complaint, i was given $5 credit. no thanks!",escalation_needed,rule_multi,True,1
conv_152139,"@AmazonHelp Hi, returned a TV to you for a replacement on tuesday, when should I expect to hear back about it?",refund_return,rule_single,True,3
conv_224199,@AmazonHelp how do I return something? Ordered wrong size 😅,refund_return,rule_conflict,True,1
conv_1085128,Hey @AmazonHelp why my @115821 account is locked? I cannot access it neither can I access @116935 account?,account_access,rule_single,True,5
conv_2790439,@AmazonHelp how much better is the echo than the echo dot? I'm already thinking of getting one.,technical_device,rule_single,True,0
conv_1319881,"@AmazonHelp hi I have a transaction gone out of my bank but no email or record on my Amazon account, can you find out what it is please?",billing_payment,rule_single,True,4
conv_1044357,"@AmazonHelp @115850 @118341 @366940 #Digital amazon fraud.

Please arrange a refund asap.
Product returned still no refund . https://t.co/xeiMCWMd5E",escalation_needed,rule_multi,True,1
conv_22147,"@115851 @AmazonHelp @115850 @115821  Jeff,India help team is useless. Just provides link https://t.co/ZiE6eGp1Im but fails to act.",escalation_needed,rule_single,True,0
conv_1647829,"@AmazonHelp wielange kann es ungefähr dauern bis ich eine Antwort auf meine email bekomme? Hab mal was bis zu 6Stunden gelesen, stimmt das?",non_english,rule_single,True,0
conv_383298,"@115850 @AmazonHelp 
Can you deliver it before 11th oct? It's really urgent for me. https://t.co/3sJmA85w9b",delivery_issue,rule_single,True,1
conv_1014852,"Hi @AmazonHelp -my kindle works when on charge but when taken off battery life is less than a day, even though I’m not using it. Any ideas? https://t.co/aGgVUslRLj",billing_payment,rule_multi,True,0
conv_1463422,@AmazonHelp if I preorder cod ww2 tonight for pa4 will it come tomorrow? I’m prime member,prime_subscription,rule_single,True,1
conv_2885303,@AmazonHelp I live in japan and I requested invitation on 11/8 for the echo plus.  But I still never received an invitation. Can you please give us status update?#AmazonEcho #amazonjp #AmazonPrime,technical_device,rule_single,True,2
conv_2903619,"Hey @AmazonHelp , wenn man jetzt Prime-Mitglied wird, wie viele Familienmitglieder können dann Video bzw. Music nutzen? Also im Prinzip wohl jedes, aber auf wie vielen Endgeräten 😁",prime_subscription,rule_single,True,0
conv_684810,Ordered an item from #Amazon.  Was told it was sent to the wrong  sorting centre so would be delayed  up to 1 week. Called today to cancel  it. Woman said she would give full  refund. Now #AmazonUK forcing me to  take a replacement that I never agreed to! They're mad. @AmazonHelp,refund_return,rule_conflict,True,1
conv_789241,@AmazonHelp hi - do the current Kindle fires support otg and uvc? Want to use a usb microscope on one.,technical_device,rule_single,True,0
conv_2451665,@AmazonHelp 1st seller canceled my order (#403-6530449-1524369) &amp; then sent the wrong-defected product &amp; got the money. I feel cheated.. https://t.co/ztFp5vdaEz,order_problem,rule_multi,True,1
conv_2828064,"@AmazonHelp @115850 
Trying to add money in pay balance but showing msg to talk to customer care and trying to call but not happen https://t.co/ALfpUADcbu",billing_payment,rule_single,True,1
conv_2613225,@AmazonHelp Si no lo han enviado porque sigue poniendo que me llega hoy? https://t.co/SyiSe2SOnx,non_english,rule_single,True,0
conv_133605,@115850 @115821 @AmazonHelp I received old product. Local &amp; damaged packing. No charging. Power bank torch found switch on while unpacking #ShameOnYou https://t.co/fgmuVI8ZZP,order_problem,rule_multi,True,3
conv_1739849,@AmazonHelp @118797 Why can't I use my Prime Subscription anymore? I've got Amazon Prime.,prime_subscription,rule_single,True,1
conv_1147865,@AmazonHelp hay alguna manera de hacer que NUNCA me entreguen los paquetes la gente de ASM?? Gracias,non_english,golden,True,0
conv_2403022,"I want my @AmazonHelp pay balance to bank.
My account is Locked no reason told.
Transfer to my Bank or Recharge to my SIM number.
🤑🤑🤑🤑🤑🤑🤑🤑🤑🤑",account_access,rule_conflict,True,1
conv_1603713,@AmazonHelp J'ai un soucis avec le Amazon locker de #LyonConfluence,non_english,rule_single,True,0
conv_2587904,"@AmazonHelp after charging my kindle yesterday it no longer shows % read at the bottom, any tips on getting this back?",technical_device,rule_single,True,0
conv_171024,@AmazonHelp how can I be I  touch with you pls about an issue not listed in the help section? My package has not been delivered. Yet @UPSHelp  says it has...,delivery_issue,rule_single,True,1
conv_710009,@AmazonHelp why are my usual logon details coming up with this but only on my iPhone 8?! On Amazon and Kindle! https://t.co/cDFRsg1vkT,technical_device,rule_single,True,3
conv_1010362,"@AmazonHelp I have ordered echo dot, said prime membership is free for a year, when the prime membership wil b activate? Aftr delivry?",technical_device,rule_conflict,True,1
conv_2670803,"@AmazonHelp Please advise, I've contacted a seller 3 times about an item that was supposed to be delivered 19/10 but no response from them",escalation_needed,rule_multi,True,1
conv_2435218,"@AmazonHelp ALL of the video streaming apps look like garbage on the new 2017 Fire TV.. I even restored to factory, and no difference.",technical_device,rule_single,True,0
conv_1271639,Dear @1107 @115821@AmazonHelp @115850 am I wrong in asking refund for this? #nokiascam #scamdeal #amazonscam #NewsAlert #news #harassment https://t.co/DSokF3IqDu,refund_return,rule_single,True,7
conv_131713,@AmazonHelp any idea when the prime weekend delivery issue with the UK site will be resolved? https://t.co/qUJqBqCiAF,delivery_issue,rule_multi,True,0
conv_932308,"@AmazonHelp ur service has become so pathetic n worst… last two weeks I have been requesting for a return pickup, not yet done..",refund_return,rule_single,True,1
conv_2055021,"@AmazonHelp Is there a way short of a full device reset to bulk delete books off my Kindle? Selling it, removing 1by1 is a pain.  Tkx.",technical_device,rule_conflict,True,1
conv_802281,"@AmazonHelp I’ve reset my password, it says successful, I enter my password, and it doesn’t work. Keeps happening (2/2)",account_access,rule_single,True,1
conv_605006,"@AmazonHelp I was taken an Mobile and delivered an empty box. Sad to see amazon cheat customer, refund me or face an legal procedure",escalation_needed,rule_multi,True,2
conv_1072669,"Thank you so much @115850 @AmazonHelp  for taking efforts by strict action on third party carrier to deliver my shipment which was out for delivery from morning and was not delivered finally delivered even after end of day.thanks for being upto the mark, efforts appreciated👍👍",resolution_confirmation,rule_multi,True,3
conv_1821574,@AmazonHelp I can’t get info my account and it won’t let me access the customer support page unless I sign in. How do I contact you,account_access,rule_single,True,0
conv_2622465,@AmazonHelp is there a complaint email address I can use for a uk order please,escalation_needed,rule_single,True,2
conv_319508,"@AmazonHelp tried watching Practical Magic on Amazon Prime UK, but there's no vocal soundtrack when it's playing. Other movies/tv play fine",prime_subscription,rule_single,True,0
conv_2113649,"@AmazonHelp Prime c'est génial, sauf quand le colis est soudainement annoncé avec de 0 à 5 jours de retard et que le service de suivi de relais colis (absent de Twitter ?) annonce ne pas connaître ce colis.",non_english,rule_multi,True,0
conv_571680,"@AmazonHelp order no 408-0734578-2121144, u people are cheating by saying door is locked without calling me it is gated community how can u say that without calling me since last 5 days pathetic u people are",account_access,rule_single,True,1
conv_1823260,@AmazonHelp could you help me with a return ?,refund_return,rule_single,True,2
conv_2710336,"@AmazonHelp Trying to install an app (from a non-Amazon source), but ""install"" is greyed out. I've enabled external sources; what do I do?",non_english,rule_single,True,2
conv_857748,@AmazonHelp So I order a AMD processor from you and the box is right but the wrong processor was in the box.,order_problem,rule_single,True,0
conv_231773,"@AmazonHelp Hi. I'd set auto-renewal off deliberately, recently, yet I've still been charged for another year. Any way to reverse this?",billing_payment,rule_single,True,1
conv_1479461,@AmazonHelp j’espère que vous foutez de moi non sérieux déjà une fois j’ai commandé FIFA 18 vous me dites que vous pouvez pas me livrer,non_english,rule_single,True,0
conv_2888275,#merrychristmas from #Petra #Oscar &amp; #Alexa #parrot #talkingbird #einstein #africangrey #galah #rosebreastedcockatoo #petphotography #love @115833 @115821 @AmazonHelp @2662 @45325 @27260 https://t.co/ZT6xeByAF8,technical_device,rule_single,True,0
conv_2493658,"Okay @115821 this has been happening with your app for over a week. I can’t see my orders or my cart. We order weekly and have lots of subscriptions as well. Can this be fixed??? I’ve already updated and yes, the desktop version works. #amazon #amazonapp #amazonhelp @AmazonHelp https://t.co/1ll4fwGK0V",non_english,rule_single,True,2
conv_1501822,@AmazonHelp got an email saying I bought amazon prime when I haven't and I don't want to click the link in case it's not real can you help?,prime_subscription,rule_single,True,0
conv_1380874,@AmazonHelp @115850  look at amazon prime packaging. Cfl bulb is broken. Wasted time as well as money. Now waiting for pickup and refund. https://t.co/LZ0ygb2Vn1,prime_subscription,rule_conflict,True,0
conv_1138336,@AmazonHelp Currently locked out of my Amazon account because someone changed my email. Amazon gave me no advanced notice...,account_access,rule_single,True,1
conv_111750,"@AmazonHelp , @188  - does the facebook app for Fire OS support facebook live ?",non_english,golden,True,0
conv_1577281,@AmazonHelp No refund for one of my product 9151 last four digits.  When will I get?,refund_return,rule_single,True,1
conv_1560840,@AmazonHelp your a joke why has this happened? Again? I'm making a movie and I need this Tripod! (#amazonprime) https://t.co/Yas3n7GiXO,billing_payment,golden,True,0
conv_341460,"@AmazonHelp bitte mal die adressen-bestaetigung@ Mailadresse prüfen, der Server gibt die Meldung

550 #5.1.0 Address rejected",non_english,rule_single,True,0
conv_2910298,@AmazonHelp I rang amazon over a week ago about money been taken out of my bank for nothing and they said they'd ring me back in 24 hours because they need to investigate but no one has called back!,billing_payment,rule_single,True,3
conv_1159014,@AmazonHelp ho convertito un buono di 25 euro di 18app ma mi sono stati scalati solo 15 euro,non_english,rule_single,True,0
conv_249999,@AmazonHelp what d hell Amazon till now my refund was not provide very bad service by Amazon plz refund my balance,refund_return,rule_single,True,11
conv_158710,@AmazonHelp pouvez vous revenir en message privé merci,non_english,rule_single,True,1
conv_988356,"@AmazonHelp @127187 @115851
Order Status Unresolved even after multiple chats and calls.
No proper redressal system for the issue.
Every Agent promise and commits the delivery within 24 hours, yet the order is not delivered.
Contact On Priority.",escalation_needed,rule_multi,True,0
conv_795756,@AmazonHelp @115850  another fake attempt bull shit service #Amazon fraud courier. https://t.co/dGPyf68qBh,escalation_needed,rule_multi,True,1
conv_404045,@AmazonHelp I thought amazon prime fame with free two day shipping not make the cost higher?,delivery_issue,rule_multi,True,0
conv_155137,"@116935 @AmazonHelp Lost access for &gt;10days now to my music library and Prime music, daily driver for the entire family... Somehow the country settings have been changed. Calls to your support staff couldn't resolve. Please escalate and help asap...",escalation_needed,rule_multi,True,6
conv_2791877,@AmazonHelp are your emails down ordered a few things earlier today and not receive any emails.,account_access,rule_single,True,1
conv_1015606,@AmazonHelp Querido Amazon: ¿por qué si hice una compra con AmazonPrime para dos días me llegará un mes después? Saludos.,non_english,rule_single,True,0
conv_2958634,Dear @AmazonHelp : I have a Teen account set up for my kid that links to my Prime account. They had a list set up under my account; how can we txfr the list to the Teen account so they can continue to edit?,prime_subscription,rule_single,True,0
conv_390405,@115850 @AmazonHelp prime membership useless! No gud offers discounts &amp; now not even delivering ordr in time! Mistreated no customr value,billing_payment,golden,True,0
conv_1213324,"@AmazonHelp bonjour , est-il possible de transféré son ancien compte ver un nouveau compte ?",non_english,rule_single,True,0
conv_281967,"@115850 #fraud marketing strategy is used by #Amazon

Amazon are making fool to #IndianPeople .

#AmazonGreatIndianFestival
@115821 @AmazonHelp",escalation_needed,rule_single,True,4
conv_77537,@AmazonHelp Trying to reset my password because I don't remember it and the code isn't coming through. Have tried 3 times!! Not in my junk folder either.,account_access,rule_single,True,2
conv_509373,@115821 @AmazonHelp hard to ship a product if you don't seal the package.... https://t.co/1dSIyKwZGX,delivery_issue,rule_single,True,2
conv_454549,"@AmazonHelp J'ai essayé de commander Xenoblades 2 mais zouip, rupture de stock juste avant de conclure! Faut attendre cb de tps avant d'espérer un envoi? (Le jeu sort aujourd'hui) parce que j'ai passé une commande énorme et...j'aimerais que ca arrive en même temps si possible =/",non_english,golden,True,0
conv_1059303,@AmazonHelp - my account has been charged a mystery recurring subscription fee. How do I get this explained and reversed?,prime_subscription,rule_single,True,1
conv_260370,"@AmazonHelp Yet another package not delivered on time. This has happened a lot lately, looks like your arrival dates can't be trusted",delivery_issue,rule_single,True,0
conv_2765015,@115850 tryin to access Amazon prime membership since yesterday shows error Everytime. And ain't getting satisfactory answer from customer care @AmazonHelp,prime_subscription,rule_single,True,3
conv_2422661,@AmazonHelp I've paid for my order and you'll asking me to pay AGAIN!!? WTF?!,billing_payment,rule_single,True,4
conv_2841848,"@AmazonHelp __email__ 7984718690 - account on hold from 4 months... connected to customer care 10 times, mailed to cis@amazon, called but no response at all. Worst side of amazon care. everyone ask to wait but no action",escalation_needed,rule_single,True,3
conv_2586320,"@AmazonHelp hey there! I have an issue with my card, I already wrote you a DM but I am not sure whether you check them or not - should I reiterate my problem here?",billing_payment,rule_single,True,1
conv_944164,@115850 @AmazonHelp struggling to add money in Amazon pay..help,billing_payment,rule_single,True,0
conv_2549845,@AmazonHelp I'm trying to upload 2 pictures to prime photos from my phone but it isn't working?,prime_subscription,rule_single,True,6
conv_1144135,@115821 @AmazonHelp your driver stole my merchandise and I need my money today,billing_payment,rule_single,True,0
conv_2628850,"@115850 #Alexa #Echo is not playing from @116935 anymore. Says ""it is not available for your region"" #India. Was working fine till yesterday. @AmazonHelp

@101519",technical_device,rule_single,True,0
conv_2513431,@AmazonHelp and also being told I’m not able to buy from my device https://t.co/BqVSr1CzUU,technical_device,rule_single,True,0
conv_227340,"@AmazonHelp hi can you please help me with an order,was supposed to be delivered last week. i have heard nothing.Order # 202-7681031-1243508",delivery_issue,rule_single,True,4
conv_560580,"@AmazonHelp so, I'm paying £40 for speedy delivery, so when you tell me ""next day delivery"" don't tell me it's delayed for a further 3 days, this is now the 2nd time in 2 weeks that you've decided to delay my order! It's on the van, give me my parcel!",delivery_issue,rule_single,True,0
conv_926365,@AmazonHelp with Amazon prime do I still get 20% off new games,prime_subscription,rule_single,True,2
conv_2544862,"@AmazonHelp i cancelled an order before it was dispatched, how long until the money goes back into my account",billing_payment,rule_single,True,1
conv_279420,"@182607 Hi - the issue is not being resolved, @AmazonHelp @115850 is not refunding my money ... please help",billing_payment,rule_single,True,6
conv_293357,Great when I come home to my @115830 parcel smashed to fucking bits!! @AmazonHelp https://t.co/z4CQ6nz0iM,resolution_confirmation,rule_multi,True,2
conv_815484,@AmazonHelp my next day delivery was due Saturday but still not arrived. Was sent to wrong carrier facility but that one is just 2 miles away so not sure why taking so long...,delivery_issue,rule_single,True,0
conv_2432748,@AmazonHelp I need help! I have a charge on my CC that doesn't match up to any orders and website is NOT helping me. Can someone please contact me? Thank you!,billing_payment,rule_single,True,1
conv_1889488,@AmazonHelp team .. your service is way way way pathetic,escalation_needed,rule_single,True,0
conv_232364,"@115850 @115821 @AmazonHelp I am waiting for now 3 months to get my money back, but i always get to wait more and more. 1/2",refund_return,rule_multi,True,1
conv_740412,"@115821 @AmazonHelp Then when a complaint is made, the complaint is ignored and customer's account is disabled. Great way to do business.",escalation_needed,rule_single,True,1
conv_1441940,"@AmazonHelp good evening , i just forgot the password and i forgot ZIP code too !! https://t.co/IDNsKai9v4",account_access,rule_single,True,1
conv_492116,@AmazonHelp Bonjour j’ai fait une commande en juillet 2017… et toujours pas reçue c’est en transit quelque part… Vous m’expliquez?,non_english,rule_multi,True,0
conv_470783,@AmazonHelp Case 4115385002. Nonone is helping. Even the guy whose name is Mohammad Raheem who has been assigned to me as a support specialist is also not replying to mail. Please help!,escalation_needed,rule_single,True,1
conv_1014848,"@115821 @115850 @AmazonHelp 
Why u guys r duping loyal customers &amp; doing fraud by selling @115858 ipad 2017 but showing images of ipad pro? https://t.co/POpH11rS8T",escalation_needed,rule_single,True,4
conv_1269500,"Comment déceler un mail Phishing qui se fait passer pour @115821 .
C'est vraiment tout petit, mais il faut le voir. @AmazonHelp https://t.co/747BGG6Gq7",non_english,rule_single,True,0
conv_205768,@AmazonHelp on trial period. Android app video/audio is out of sync. Won't resume if persist.,non_english,rule_single,True,0
conv_224340,"amazon refuse to provide invoice, seller refuse to provide bill...
only tarik pe tarik di ja rahi h..
@AmazonHelp",billing_payment,rule_single,True,3
conv_2319798,"@AmazonHelp que mal habéis echo en asociaros con correos para el reparto... en tres años de prime, primera vez que se retrasa el pedido. Correos 🖓🖓🖓",technical_device,rule_conflict,True,0
conv_1536932,@AmazonHelp I am in need of help with a refund that wasn't issued and I need it done ASAP. It is a long story. Can you help me resolve this?,refund_return,rule_single,True,2
conv_1196331,@AmazonHelp I want the new Kindle reading app. I've deleted &amp; DL'd REPEATEDLY but still have shitty old app. Help. 7.18.0.1 updated Oct9th.,non_english,rule_multi,True,0
conv_1349110,"@AmazonHelp Firestick remote is broken, normally use the app but had to update WiFi router so now no access to settings, replacement (1/2)",non_english,rule_multi,True,1
conv_297390,If u decide to cancel ur @115821 order 90 sec. after making it they still decide to ship it. So which of my bills will be late?@AmazonHelp,delivery_issue,rule_single,True,2
conv_2864737,"@AmazonHelp Hi, my girlfriend used her account whilst on holiday and her account has been frozen. The reason given was fraud. She's been asked to provide ID by fax. She does not have access to a fax machine! Can she send the info as a PDF on email? Please help!",escalation_needed,rule_single,True,2
conv_2539008,@AmazonHelp I bought 1 plus 5 four months back 1500 cash back offer from SBI card. That was suppose to credit in my account 30 September. Still I am waiting for that amount. While trying to connect with customer care there is no response. Kindly help,escalation_needed,rule_multi,True,4
conv_709977,@AmazonHelp hi. How do I contact someone about parts missing from an order. Many thanks,delivery_issue,rule_single,True,1
conv_2714108,Does anyone know what this is? It's on my Kindle Fire home page every darn day but I can't find it @115821  @AmazonHelp https://t.co/MqLFZMFsqp,technical_device,rule_single,True,0
conv_2937509,@AmazonHelp not very impressed with my prime delivery. It’s been thrown over my back gate and no calling card or notification that it’s been delivered. I just noticed it in my garden. Saturated!!,prime_subscription,rule_conflict,True,2
conv_2821103,"@AmazonHelp Found a bug in the Echo software. If you cancel an alarm right before it goes off, it will cancel and start at the same time and then won't react to turn it off because it thinks there is no alarm. Please forward to the Echo team, thank you. :) https://t.co/lagwTqSJPJ",escalation_needed,rule_multi,True,1
conv_2935133,@AmazonHelp I’m a prime member I ordered two products $99 each in Canada while I’m here at our cottage but they want to charge me $60 to return ??? Gonna cancel my membership if this doesn’t get fixed @115821 @123644,refund_return,golden,True,3
conv_2360590,"@115821 @AmazonHelp How can you decline our application to sell our own label CDs when I've provided proof of trademark manuf, dist, selling history. Reason for decision ""due to inability to verify information we provided"". Rubbish! You'll destoy our FBA units too :( #poorservice",account_access,rule_single,True,0
conv_1414792,@AmazonHelp why there is no 1080p option in prime video for my oneplus 3t device. Best option downloads only 720p.,technical_device,rule_conflict,True,1
conv_1081408,"@118919 @115850 @AmazonHelp bought tenor g under prime for 2 years wrnty,no confirmation of extended warranty

171-4973433-4192335",prime_subscription,rule_single,True,5
conv_531520,"@AmazonHelp How come for new acc setup you take 1.00 from my bank,also why can't an e mail address be added saying its in use when I joined using mobile?",billing_payment,rule_single,True,4
conv_570128,@AmazonHelp it’s almost 8 and nothing has arrived yet it should have been here by Thursday with the 2-day shipping... https://t.co/32ESr0ITAj,delivery_issue,rule_single,True,4
conv_1565851,@AmazonHelp being given the option to sign up to a discounted amazon prime but only if i put in a baby name? No context on this screen? https://t.co/jmSixlG66B,billing_payment,golden,True,1
conv_897615,"@AmazonHelp Hi there team, I am unable to add amazon prime to my account for all year fast deliveries. Pls help @115850 (1/2)",escalation_needed,rule_multi,True,4
conv_466644,@AmazonHelp Why are we paying for Prime? Two day shipping is now 3 days and 6 days (4 business) for my most recent orders? Fraud? False advertising?,escalation_needed,rule_multi,True,5
conv_2821100,"@AmazonHelp  Returned the product an hour ago no confirmation yet , When will i get my replacement ? please confirm https://t.co/EOAzlk2mqD",refund_return,rule_single,True,7
conv_166433,"@AmazonHelp Hi, am Pruthviraj a student from Kiel, Germany. They debited 69 euros for amazon prime account which is a huge amount for me. I really don't want to access prime account by paying 69 euros. Please help me with this",account_access,rule_multi,True,1
conv_685659,@AmazonHelp 406-1029694-9479557 order return successful to Amazon warehouse money not refund yet.,refund_return,rule_multi,True,3
conv_534238,"@AmazonHelp parcel arrived soaking wet, electrical items inside. chatted to an advisor who sent me a returns form for the completely wrong item!! not happy. driver was rude",delivery_issue,rule_conflict,True,5
conv_979381,"@AmazonHelp 
@AmazonHelp 
hlo amazon i want to tell you that some people are doing frualdlent payment on your website they are ord https://t.co/YHHFokpDwl",billing_payment,rule_single,True,1
conv_1181432,@AmazonHelp ive made 2 separate orders tonight but with the same card yet one order keeps asking me to revise my payment method?,billing_payment,rule_single,True,3
conv_1559860,"@AmazonHelp ... can you please advise on who else can return this? Thankyou, Elizabeth",refund_return,rule_single,True,2
conv_1293745,@AmazonHelp @73090  @182607 @115851 Strange replies frm @115850 n denial frm refunding the money for the returned product https://t.co/suavAC9cKf,refund_return,rule_multi,True,2
conv_227766,Woke up to my email being flooded with over 100 amazon password assistance emails from amazon.ca and amazon.it. @AmazonHelp whats going on??,account_access,rule_single,True,3
conv_1155092,"@AmazonHelp The new appstore released today, I have an Amazon device (Kindle Fire HD 8) and it's not updated. What should I do?",technical_device,rule_single,True,0
conv_2609939,"@AmazonHelp My @261534 fish fingers that I got from your ""Prime Now with @Morrisons"" has arrived damaged. Who do I speak to? Morrisons or Amazon? https://t.co/H0JkNDRjey",order_problem,rule_multi,True,0
conv_702897,@AmazonHelp if you buy an echo plus do you no longer need the Phillips home hub to control lights?,technical_device,rule_single,True,0
conv_2539680,"@115851 Is there any way to submit a complaint about Amazon Transport Services in India (AMRAVATI,MAHARASHTRAPincode: 444601). None of Your customer care member collaborate and unable to give a satisfactory reason. Totally Poor ATS service, Always ask for MPOS.. @AmazonHelp",escalation_needed,rule_single,True,1
conv_292285,@115821 #Prime have the worst delivery people; Def the bottom rung of the delivery man ladder. @AmazonHelp,delivery_issue,rule_multi,True,2
conv_1163359,@AmazonHelp Bought an item in July (with warranty) that’s broken!!! What do I do? Thank you.,technical_device,golden,True,0
conv_487749,@115821 &amp; @AmazonHelp Is really dropping the ball on my next day shipment. Its already 1day late and i am PISSED. 😠😠😠😠,delivery_issue,rule_single,True,6
conv_1640354,@AmazonHelp I was told to ask this site.so does the Sunday night football game stream on prime like Thursday night games do?thank you,prime_subscription,rule_single,True,0
conv_575428,"The brand new book I ordered from #Amazon ..even the sticker that says 'new' is torn and at the top of it, I paid extra for the next day delivery!!! @AmazonHelp still waiting for the replacement! https://t.co/0WU6EL6Nkl",delivery_issue,rule_multi,True,1
conv_2612224,It appears @115821 has a different understanding of what a pre-order is to me 😣 @AmazonHelp https://t.co/7mHuZXGBRg,order_problem,rule_single,True,1
conv_2631382,"My first truly horrible @115821 experience. Ordered printer- right box, wrong printer. Seller bait &amp; switch? @AmazonHelp was little help. Didn't even open it further. :( https://t.co/yhXLrgrf3K",order_problem,rule_single,True,6
conv_460019,@AmazonHelp My fire stick keep showing the message ‘Home is currently unavailable We are currently unable to connect to our servers.’ My WiFi is working fine. Are your servers down?,technical_device,rule_single,True,5
conv_1351779,@115850 @AmazonHelp how can I reach Amazon Echo India support?,technical_device,rule_single,True,0
conv_1341621,@AmazonHelp Irresponsible https://t.co/gKLvxViDGS!! Unauthorized interests on buyer for a great Indian sale purchase !! Amzn India unhelpful,billing_payment,rule_single,True,0
conv_2836940,"@AmazonHelp Hi! I ordered an ""eGift Card"" today, is there anyway to maybe switch it or someting, to a ""Print at Home"" gift card instead? :)",billing_payment,rule_single,True,3
conv_594578,Trying to figure out why I pay for Amazon Prime if they NEVER deliver my packages in 2 days. #canceling @AmazonHelp,delivery_issue,rule_multi,True,0
conv_2755650,"@AmazonHelp Hey, you had a discount code (ECHO3PACK) that saved you £50 (in the UK) if you bought 3 of the new Amazon Echo's, just went to buy them and the offer isn't valid anymore.  Will this deal be coming back?",technical_device,rule_single,True,1
conv_520656,@AmazonHelp I ordered via amazon from a 3rd party and it hasn’t arrived. Emailed twice-no response. Could you advise what I need to do next please?,escalation_needed,rule_single,True,1
conv_2017558,@AmazonHelp I bought an ebook 2 days ago and just found out that the price has just dropped. Can I return the one I got and get it again at the current lowered price?,refund_return,rule_single,True,5
conv_421746,@AmazonHelp @115850 @119356 worst delivery and service for prime customers too!,delivery_issue,rule_multi,True,5
conv_207595,"@AmazonHelp Hi, I have opened my new xbox game but I want to return it, can I return it even though it's been opened?",refund_return,rule_single,True,1
conv_264438,@AmazonHelp why is amazon logistics unable to deliver packages to my correct address?,delivery_issue,rule_single,True,1
conv_848229,@AmazonHelp No update since last 4 days..The estimated shipping date has asli been crossed,delivery_issue,rule_single,True,1
conv_611190,"Warum schreibt einem @AmazonHelp per Push, dass die Lieferung zur Abholung in Abholstation bereit ist, die App von @124285 sagt aber, es wäre stattdessen auf dem Weg in die Filiale? Und Info über Umleitung ist auch nicht erfolgt...",non_english,rule_single,True,1
conv_1684415,"@AmazonHelp hello there, who do I report spam/fraudulent emails to please? The email is clearly not from yourselves. Thank you",billing_payment,rule_single,True,2
conv_415696,"@AmazonHelp hello, is there a twitter account for ""amazon prime""? (not AP now)",prime_subscription,rule_single,True,0
conv_1179718,@AmazonHelp o rastreamento diz que o pedido está em João Pessoa e o endereço de entrega é de Campina Grande.,non_english,golden,True,0
conv_2382525,@AmazonHelp why can't I switch from my Amazon prime membership to prime student?,prime_subscription,rule_single,True,3
conv_2610653,"@AmazonHelp Hello! After a declined transaction, Amazon asked me to send a bank statement to be evaluated within 1day, it's already been three and I also need to return an item but I can't because I can't access settings and orders until it's checked!",refund_return,rule_multi,True,2
conv_557077,"@AmazonHelp I’ve just ordered something and the money hasn’t come out, usually when I order something it comes out straight away",billing_payment,rule_single,True,3
conv_831796,WHAT IS THE POINT in paying for prime when my parcels don’t turn up when they’re supposed to?! @AmazonHelp,prime_subscription,rule_single,True,2
conv_2669624,@AmazonHelp Hi. Just received a heater. It’s a bit damaged. https://t.co/M4ihARye7S,order_problem,golden,True,4
conv_530022,@115850 @AmazonHelp  hey check this order no 402-5877675-9719558 it’s showing order has been delivered but I haven’t received. Unable to connect you via customer Service portal plz look on this asap seems like a fraud case,escalation_needed,rule_multi,True,2
conv_1381780,"@115850 I don't understand what you guys are doing.
22 days are passed you are processing for that refund and still am waiting @115850 @AmazonHelp",refund_return,rule_single,True,0
conv_2289176,@AmazonHelp how do we contact amazon customer service? a product that i received which was 'fulfilled by amazon' was the wrong product.,order_problem,rule_single,True,2
conv_637225,"@AmazonHelp Liebes AmazonTeam Was machen wir damit? Ich verlasse morgen Deutschland und kanns leider nicht zurückschicken oder warten, bis ihr mir eine neue schickt. 🙁 https://t.co/LIgwyMnYwr",non_english,rule_single,True,0
conv_1843549,"@AmazonHelp https://t.co/eBQQEWT9l9
以前、Prime Studentの無料会員として登録していたのですが、このキャンペーンを見て、再度興味を持ち、再登録を検討しています。再度6か月の無料体験は可能なでしょうか？もしくは「Prime Studentに登録する」ボタンを押下すると、支払に移行するのでしょうか？",prime_subscription,rule_single,True,0
conv_1311436,@AmazonHelp You again started this STUPID verification? Why should verify myself every time I browse on my personal laptop? Cant ur dumb enginner use cookies to avoid it? @115850 https://t.co/gD3DI0gafq,account_access,rule_single,True,3
conv_1561144,@AmazonHelp can I apply parental controls when streaming Amazon music? I have a prime account. don't want the kids to hear explicit lyrics,technical_device,rule_conflict,True,0
conv_2677388,"@AmazonHelp otro pedido sin entregar y lo necesito hoy, siempre pasa con seur, si no me llega antes de la 16h lo devuelvo y quiero mi dinero",non_english,rule_single,True,0
conv_2807525,"@AmazonHelp my amazon account has been blocked and there is gift card and there are many orders which have not been delivered to me as i have ordered and there is one open order which has been cancelled and your team is not helping me , please unlock my ac for 7 days",account_access,rule_conflict,True,1
conv_44928,@AmazonHelp I was promised a full refund for an item but I have been not refunded postage,refund_return,rule_single,True,5
conv_1572206,@AmazonHelp quiero quitar la subscripción de Kindle,non_english,golden,True,1
conv_1886074,.@AmazonHelp will you ever get a delivery right? Yet again delivery instructions have being ignored. Already contacted the head of logistics,escalation_needed,rule_multi,True,0
conv_326727,"@AmazonHelp a customer rep told me that I'll get a refund of $4.49, and sent me a conf. email, but will it be on my GC balance or my card?",refund_return,rule_multi,True,1
conv_1228018,@AmazonHelp preordered a book on prime which is released the 26th but my order says arriving 31st. Isn’t it meant to come on it’s release?,prime_subscription,rule_single,True,1
conv_728084,Another crushed hat delivered by @115821. Sorry @AmazonHelp I'm not going through the process of returning another hat. No more hats from u,delivery_issue,rule_single,True,2
conv_1547893,Good to know that preordering #CODWWII with @AmazonHelp Prime one-day means it just totally won’t come. Should’ve gone to Tesco! #notprime,prime_subscription,rule_single,True,4
conv_1585020,@AmazonHelp hola! No existe la posibilidad de denunciar objetos que están a la venta? Gracias,non_english,rule_single,True,0
conv_2859864,"@AmazonHelp @115821 I have Inquiry about one of my orders order number is (#111-4231028-7354663) what happened why then are not sending it and I want to know are they charged me or no 
Best wishes 
Nasser",billing_payment,rule_single,True,4
conv_1273449,@amazonhelp Your email support for amazon Flex is horrible. I need help to get the money I worked for!!!! PLEASE HELP ME !,billing_payment,rule_single,True,0
conv_2771721,This is d 3rd time I am placing the order for Oneplus 5t since 4.30PM IST n every 1/2 hr getting a msg from @115850 to revise the payment. It's so frustrating :(  @132995 @AmazonHelp ur comment pls 🙏,non_english,rule_multi,True,2
conv_1066736,"@115850 @127187 @AmazonHelp cust service told dat it can't b replcd nymore, only refund can be initiated. I'm in need, bt now I 2/3",refund_return,rule_single,True,2
conv_526117,"@AmazonHelp @115830 I asked echo “what’s in my advent calendar” but the reply was “I don’t see a calendar set up”. It worked yesterday, why not today?",technical_device,rule_single,True,0
conv_2319289,Why are all of the kindle oasis 9th edition 2017 covers no longer available @115830 @AmazonHelp,technical_device,rule_single,True,0
conv_2783234,@AmazonHelp who do I contact if someone keeps on stealing/ purchasing things on my card.?,billing_payment,rule_single,True,1
conv_1113160,@AmazonHelp Support personnel advised ordering new and applying my original return to the new order rather than issue price adjustment. Help,refund_return,rule_single,True,2
conv_375260,"@AmazonHelp Can I use Amazon GC balance on an order from Amazon Prime Now, given they use the same billing system (I think)?",prime_subscription,rule_conflict,True,1
conv_555301,"@AmazonHelp Well the first photo is what I ordered and the second one is what my friend received 👀

On-top of that another parcel which was expected to arrive today is now expected to arrive between today and Wednesday. https://t.co/uM4SlfxfDF",delivery_issue,rule_single,True,3
conv_361023,Hey @AmazonHelp @115850 I have amazon prime and am ordering stuff of 607 rs why am I being charged 90 as delivery fee?,prime_subscription,rule_conflict,True,1
conv_426328,@115850 @AmazonHelp @115821 pathetic customer service. My refund is pending about a month. #Improve or #Perish #LostMyPatience,refund_return,rule_single,True,2
conv_236213,Hey @AmazonHelp. How do I get an item resent if it never arrived without you recharging me to return said item that never got here?,refund_return,rule_single,True,3
conv_317437,@AmazonHelp how much time it take to reflect payment in Amazon pay after loading money. @115821,billing_payment,rule_single,True,1
conv_2285398,"@AmazonHelp hello there. I'm wondering if as  Prime member, there is a cost to ship to Canada from the US?",prime_subscription,rule_single,True,0
conv_282448,@AmazonHelp how do I get rid of this error on my fire stick even after following the change home location instructions? https://t.co/MCm4mShpiz,technical_device,rule_single,True,0
conv_354673,Wtf @AmazonHelp i literally saw the truck infront of my apartment and was waiting for the guy to deliver my stuff but he just left wtf,delivery_issue,rule_single,True,2
conv_1208754,@115850 Jokers I want to know why refund initiated @35358 @AmazonHelp @14045,refund_return,rule_single,True,5
conv_191600,@AmazonHelp issue with app on iphone?,non_english,rule_single,True,1
conv_238608,@AmazonHelp Very frustrated with Amazon CS. Submitted more than 4 requests and yet no resolution. $600 in lost goods due to lost refund..,delivery_issue,rule_multi,True,3
conv_138244,@AmazonHelp if I buy something in black Friday am I still able to return the product?,refund_return,rule_single,True,1
conv_1577250,5/8 cans dented. In this case 2/3 is bad. Thanks @115821 @AmazonHelp https://t.co/fVEyrOh9zN,billing_payment,golden,True,0
conv_2360539,@AmazonHelp this is why I pay for prime? To get something in 8 days? https://t.co/0JFjUnMO3l,prime_subscription,rule_single,True,1
conv_375565,"@AmazonHelp Hi, i haven't received my gift card refund for wrong item I received.",refund_return,rule_conflict,True,2
conv_2985291,@AmazonHelp I can’t deal with having to pay for a return fee for items I purchased! I’m losing more than half of what I paid! Please put a disclaimer if returns aren’t free!,refund_return,rule_multi,True,1
conv_164813,My Kindle Paperwhite was supposed to be arriving from @115830 by 8pm today. It’s 8.02pm now and guss what? No Kindle! Any ideas why @AmazonHelp?,technical_device,rule_single,True,1
conv_2710324,@AmazonHelp my echo 2nd generation keeps saying something went wrong. It’s online. I’ve done a hard reset. It still won’t work. 😢,technical_device,rule_conflict,True,0
conv_2422754,"@AmazonHelp I had requested for replacement of my kindle device under warranty. However, even after a week after raising the original request, no service personnel has contacted me. User mail:__email__ ORDER # 408-5987349-1861106",refund_return,rule_multi,True,1
conv_1206936,"@AmazonHelp looking for the ISBN number of kindle edition of Cory Doctorow's Walkaway. Can't find it on ur web site. Have book, not in it?",technical_device,rule_single,True,0
conv_2981611,I've got £15 on my amazon account when I try and buy a psn card its asking me for my card details anyone know why ? @AmazonHelp,billing_payment,rule_single,True,2
conv_2471019,"@AmazonHelp Bonjour, c’est la deuxième en 1 semaine que je passe une commande via l’application, on m’annonce d’abord que la livraison aura du retard puis on m’annonce que la commande a été perdu ? Que pasa ?",non_english,rule_single,True,0
conv_2456027,@115850 @AmazonHelp the new refund policy is horrible. 9 days and still no refund. Customer care says 2 more days each time we speak.,refund_return,rule_single,True,3
conv_1700053,@AmazonHelp I have just recieved an email with the confirmation for my pre order of payback delux edition but I don't know where the code is,order_problem,rule_multi,True,4
conv_2447429,I need help with my prime membership please ASAP can someone assist? @AmazonHelp @115821 @117795,prime_subscription,rule_single,True,4
conv_686728,@AmazonHelp I have just purchased a few things and you’d took a pound out my bank and the items that I have purchased have saved what’s happening?,billing_payment,rule_single,True,2
conv_1115258,"worst after sales service from @115850 @AmazonHelp 
Not getting support from cc team,waiting for refund since 11 days. feeling cheated... https://t.co/QUrKB8ayzp",escalation_needed,rule_multi,True,2
conv_1398043,@AmazonHelp Ive been a Amazon Store Card holder for over a week now and I’ve never got my card in the mail. Trying to pay off my balance,billing_payment,rule_single,True,0
conv_1983630,@amazonhelp hi i need help immediately someone has changed my password and spent £225 on my account,account_access,rule_single,True,0
conv_840462,"@AmazonHelp hi I've been locked out of my account, can you help? I've called a couple of times but no help.",account_access,rule_single,True,7
conv_397414,@AmazonHelp Since 3rd October I have lodge a complaint that I have not received the order which is showing as delivered.still not resolved.,escalation_needed,rule_multi,True,6
conv_1338580,@AmazonHelp hi i need help with my fire stick still not working (even though you sent me a new one) and i can't do it by phone or chat,technical_device,rule_single,True,0
conv_1009224,@AmazonHelp does the echo show work with smart light bulbs and nest thermostat?,technical_device,rule_single,True,2
conv_1042200,"@AmazonHelp @115850  @115821 Placed my first order via App for Rs.934 got charged 13,999  instead. Had the worst experience (1/7) #amazon",non_english,rule_multi,True,6
conv_2199078,"@AmazonHelp yo, how come no audio when streaming the Thursday Night NFL game?",technical_device,rule_single,True,0
conv_687868,@AmazonHelp I’ve been calling customer support India related to a product return. No response after 5 calls &amp; escalation. &amp; 5 weeks. Please help.,escalation_needed,rule_multi,True,2
conv_1680115,"@AmazonHelp apparently after buying something my account has been locked for ""security reasons"" and there is no way to contact support?",account_access,rule_single,True,2
conv_650103,@115850 @AmazonHelp What is use of prime membership  when no support from yu regarding shipment updating and cancelling order...,prime_subscription,rule_single,True,1
conv_91313,So @AmazonHelp today is currently the 30th and I have yet to receive my package..... https://t.co/VL6D70XVoY,delivery_issue,rule_single,True,3
conv_2550278,"Schafft ihr das heute noch meine Ware zu verschicken, Freunde, weil so langsam wird's öde @116316 @AmazonHelp",non_english,rule_single,True,0
conv_874496,@AmazonHelp @115850 Please check some fraud sites are using a similar name and trying to cheat customers https://t.co/4zTSWq9Q5q,escalation_needed,rule_single,True,2
conv_343724,Hey @AmazonHelp why hasn't my package arrived yet https://t.co/vCna6aLgfP,delivery_issue,rule_single,True,2
conv_745996,Starting to lose faith in Amazon Prime.3 orders on the spin have taken 2 days.What am I forking out £8pcm for exactly?#poorshow @AmazonHelp,prime_subscription,rule_single,True,1
conv_2603132,@AmazonHelp my replacement process is still not happen. I am not get any update about it from you. It's 22nd day from I requested to replacement. I continuesly contacts you via phone and emails. But there is no use by yours customer services. Take a look at it.,refund_return,rule_single,True,6
conv_1438636,"@AmazonHelp @115850 @119625 

What's this error? I do have a prime subscription. https://t.co/nMq0QO7EHg",prime_subscription,rule_single,True,2
conv_1699066,.@AmazonHelp worse buying experience from @115850. Returned @174957 #Nokia6 AWB# 710399872729. New phone not yet dispatched.,refund_return,rule_single,True,3
conv_503574,@AmazonHelp on 30th October I found my letter box on the floor like this. After four emails and a frustrating phone call I have still had no contact from Amazon Logistics as to how they will reimburse me for the damage. Please sort it out! https://t.co/6KqeajlV4P,refund_return,rule_single,True,1
conv_1498502,"@AmazonHelp Bjr il faudrait MàJ ce lien https://t.co/UEkwFP5dT3 (Amazon Prime au lieu de Premium, le tarif qui est passé à 3,99...)",non_english,rule_multi,True,0
conv_1307849,"Ordrd headphone &amp; got nothing , such a fraud, really such worst service, esc via email 2times no response yet @115821 @115850 @AmazonHelp https://t.co/NEiKeqQJgC",escalation_needed,rule_single,True,4
conv_1387115,@115850 Does Prime member needs to have invite for the 5T sale? @AmazonHelp,prime_subscription,rule_single,True,1
conv_206011,"@AmazonHelp Hey, why is money being deducted from my bank towards Amazon yet you closed my amazon account? Thought you said you’re secure",billing_payment,rule_single,True,4
conv_1738937,"@AmazonHelp Bonjour Amazon, un colis signalé comme ""livré"" à 12h50 n'est finalement jamais arrivé du tout. Que faire ?",non_english,rule_single,True,0
conv_729039,@AmazonHelp how do I delete the 36 language dictionaries that are clogging up my kindle paperwhite?,technical_device,rule_single,True,2
conv_477710,@AmazonHelp Your customer service team are the worst I have ever dealt with. You keep answering with the same information that does not apply to my issue. Appalling.,escalation_needed,golden,True,1
conv_1223707,Is there any way I can ask Alexa to run internet speed test for me and read out the result? #AskAlexa #AmazonEcho @115833 @AmazonHelp @5503,technical_device,rule_single,True,0
conv_1370771,@AmazonHelp just paid for 12000 Fifa points I got the confirmation email but still haven't received my email with the psn code??,account_access,rule_single,True,1
conv_419446,"Oreder id 404-4567077-6837948
I didn’t get my refund please send it @115850 @AmazonHelp",refund_return,rule_single,True,2
conv_304556,@AmazonHelp Hi. I've just come to list a duplicate DVD I have for sale— Do I now have to complete 'Selling Application for ASIN' each time?,technical_device,golden,True,0
conv_883080,"@115850 @AmazonHelp were those eligible to win the iPhone 8 in the Amazon pay mobile recharge contest, already contacted?",billing_payment,rule_single,True,0
conv_378463,@AmazonHelp Buying echo dot will get me prime membership from date of purchase or from the date when my previous membership ends? @115850,technical_device,rule_conflict,True,0
conv_2819938,@AmazonHelp are you guys really going to make me return 3 books on your dime in order to price match your price 2 days after my order? Seems like the most un-@115821 thing to do.,refund_return,rule_single,True,0
conv_2939197,@AmazonHelp I am absolutely disgusted in the service I have received today and yesterday and additionally how unhelpful your customer service team was. Not to mention the false information I have received. Awful,escalation_needed,rule_single,True,1
conv_838310,@AmazonHelp why can’t Alexa string commands or stack them in a macro under a single phrase trigger? Should be a pretty standard feature.,technical_device,rule_single,True,2
conv_1147806,.@115821 @AmazonHelp Please provide word counts for your kindle editions of books!,technical_device,rule_single,True,1
conv_2952293,"Sometimes it happens (or rarely), now twice to me! Thanks Amazon Prime Experience and @AmazonHelp https://t.co/cHJ0XB3ZWJ",prime_subscription,rule_single,True,0
conv_839040,@AmazonHelp sir I have ordered redmi 4 from my Amazon a/c 9646979861 and later cancelled it . 7 days passed but money not refunded. Help ..,billing_payment,rule_single,True,2
conv_1664834,@AmazonHelp I asked to cancel Order 403-4701548-3785169 on 3/11/2017 @ 2:56PM ...But has not been cancelled yet..Look into the matter,order_problem,rule_single,True,2
conv_2292943,#fraud @AmazonHelp #mail I suggest you to upload theAadhaar card as requested by our specialist team so that they can investigate further and resolve the issue.I'm afraid to say that if you do not upload the Aadhaar card we will not be able to provide any further insight on this,escalation_needed,rule_multi,True,0
conv_929229,@AmazonHelp bonsoir mon colis doit arriver aujourd'hui avant 20h mais je vois que mon colis n'a  pas été expédié ma commande arrivera quand?,non_english,rule_single,True,0
conv_2853697,"@AmazonHelp I am having problems accessing my account. I called customer service, who said they are having 'problems with their system' and they needed to call me back in an hour. That was almost two hours ago. Can you help?",account_access,rule_single,True,2
conv_164957,"@AmazonHelp como teniendo cuenta premium, hago un pedido ayer jueves y hoy me notifican que me llega el jueves de la semana que viene, es decir, 7 días después...es esto posible o hay algún error?",non_english,rule_single,True,0
conv_83443,@AmazonHelp can the “customers who bought items in your basket” be turned off when I’m items saved for later on the app. It gets in the way.,non_english,rule_single,True,1
conv_483139,"@AmazonHelp hi guys, I have new Kindle 8 and I wonder how I can buy items from https://t.co/LJWRGJpP5k (in USD) and not from https://t.co/ODbDGgARgn (in GBP). Thanks",technical_device,rule_single,True,2
conv_453396,@AmazonHelp have an order that is 5 days late from the promised delivery date wtf am i ever gonna get this package,delivery_issue,rule_single,True,1
conv_162050,"@AmazonHelp Hola. ¿Por qué un pedido que he realizado esta mañana, eligiendo el envío en 1 día, pone que me llegará el martes?",non_english,rule_single,True,0
conv_493363,"@AmazonHelp I'm trying to use the Echo 3 pack for, but I am unable to use the promo code https://t.co/SVPZcVCv4F",technical_device,rule_single,True,2
conv_424051,@AmazonHelp I have filed a fraud/dispute case and my card is blocked now. I am expecting an answer for this from @115821 3/3,escalation_needed,rule_multi,True,1
conv_1699744,"@AmazonHelp hello,  these oders status means my payment has been accepted? https://t.co/y6Sn7osOgq",billing_payment,rule_single,True,1
conv_819518,"@AmazonHelp what a poor service.
I cancelled an order 5 days ago and payment not yet received.
Contact details sent via dm
#helpamazonhelp",billing_payment,rule_single,True,1
conv_2452894,@AmazonHelp ist es möglich 2 Bestellungen die gleichzeitig versendet werden zusammenzufügen? Würde dadurch 1x Versandkosten sparen.,non_english,rule_single,True,0
conv_390394,"@AmazonHelp Howdy. I've not yet received an item from a marketplace seller. I've contacted them, no response. What is the next step?",escalation_needed,rule_single,True,0
conv_1541016,@AmazonHelp I ordered a marketplace item which was due over a week ago. Send msg to seller &gt;2 days ago and no response!,escalation_needed,rule_single,True,1
conv_2879494,@AmazonHelp :Even amazon twitter escalation team is unable to help me. My account is blocked for two weeks and still no help. Feeling depressed as it was my only source of income. Not satisfied at all with Amazon. Help me please... 😥,escalation_needed,rule_multi,True,4
conv_2310496,Hey @AmazonHelp I ordered a book from @115821 last month and it got sent to the wrong state and been there for two weeks. @90718 worked hard on this book and you are ruining my ability to experience what he has crafted. https://t.co/Z6vy4vKuRO,order_problem,rule_single,True,0
conv_1633190,@AmazonHelp so I’ve had Echo issues for two months now. Getting worse. I’m sick of the run around customer support is giving me. I need help,technical_device,rule_single,True,4
conv_483063,"Hello @132994 @ @139570, ordered #OnePlus3 from @115850 and recieved this piece of crap. Now what? Can I please get my OnePlus3 or should I go the legal way? @AmazonHelp https://t.co/FyFRJqADmL",escalation_needed,rule_single,True,1
conv_132372,@AmazonHelp I ordered item Order # 026-9925496-9968316 on the 17th Nov via Prime. It has still not arrived. Any ideas where it is??? Not happy!,delivery_issue,rule_multi,True,5
conv_1484731,@AmazonHelp escalate Order #406-1349414-1642761 on urgent basis. #PRIMECUSTOMER @115851,escalation_needed,rule_single,True,1
conv_412992,"@AmazonHelp I have called, emailed and faxed info and still I have no idea why my account was closed a month ago. No response. I am appalled at the terrible service. Fed up. PLEASE REFUND MY MEMBERSHIP FEE!!!",escalation_needed,rule_multi,True,2
conv_1727944,Load Amazon Pay balance at doorstep on 3rd NOV but amount is not credit till now @115850 @AmazonHelp,billing_payment,rule_single,True,1
conv_2870716,Got Prime to see if its worth it....still deciding. Cutting it close @115821 @AmazonHelp https://t.co/uyQO3WBLAz,prime_subscription,rule_single,True,3
conv_1693689,"@119356 @115821 @AmazonHelp. They charged me extra amount see photos, now I want refund and compensation for the same from Amazon. Respond https://t.co/U4dDAOLBJP",refund_return,rule_multi,True,0
conv_1125063,@AmazonHelp can you help me fix my two factor authentication issue? Got a new phone but the website has been less than helpful in setting up 2FA on the new device.,technical_device,rule_single,True,3
conv_323756,@AmazonHelp Did you add a captcha to your login screen in the last 24 hours? Didn’t see one yesterday but there was one this morning.,account_access,rule_single,True,6
conv_515275,"@AmazonHelp I’ve gone I don’t know how many years without any problems and this week I had groceries that weren’t delivered to my door, a pkg that was marked as delivered that I never received, and  a pkg that was delivered leaking its contents inside the pkg. What’s going on? https://t.co/AomjbKvF02",delivery_issue,rule_single,True,2
conv_1713808,@AmazonHelp you locked my little sisters account after wemade a legitimate transaction and say it's fraud but nobody has answers for her?,escalation_needed,rule_multi,True,1
conv_250588,".@115821 is great when it works, but when an order hasn't even shipped after 5 days and there's no explaination or anyone to talk to, you see the cracks. @AmazonHelp",delivery_issue,rule_single,True,4
conv_1005057,"@115821 @AmazonHelp Someone has used my card in US for $10.99. I am not aware of this, @115850 is saying that it belong to us",billing_payment,rule_single,True,1
conv_2858134,"@AmazonHelp hello, my account is locked for security purposes and I've been sent an email but keep receiving the same automated response! Can't access help as I can't log in...",account_access,rule_single,True,2
conv_1227030,@AmazonHelp As a prime member ordered 2 items (both prime) 10/10. Haven’t received them yet. What’s your ETA?,prime_subscription,rule_single,True,3
conv_1558745,"@AmazonHelp my complaint hasn't got resolved till now. If i dont get a call, i will fule a complaint with consumer forum.",escalation_needed,rule_single,True,1
conv_1380479,@AmazonHelp Yalls app and Website are acting goofy tonight?? https://t.co/UMzAW3oACW,non_english,rule_single,True,2
conv_95445,"@AmazonHelp why doesn't Alexa play songs on repeat when asked anymore? has the command changed? been trying both ""repeat"" and ""loop"" for a week now and nothing is working. thx",non_english,rule_multi,True,0
conv_986882,@AmazonHelp you really don't want to give me my money back do You? Trading standards might have to take a look into your company. Theifs!!,refund_return,rule_multi,True,2
conv_1730157,@AmazonHelp I have an amazon order on my bank but I don’t have anything on my amazon account matching that amount,billing_payment,rule_single,True,2
conv_2794292,@AmazonHelp je vous attend en DM ^^',non_english,rule_single,True,1
conv_103088,"ORDER NOT DELIVERED WORST EXPERIENCE WITH AMAZON!!!@
booked remi y1 on 22nov from wednesday sale,order  not delivered nd got cancelled aftr 10 days of shippment. mr amazon i want my phone. worst service, i ever recieved. once in weekend sale.
@115821  @AmazonHelp  @138673 https://t.co/8fKcpFvzcx",delivery_issue,rule_single,True,2
conv_2414509,"anyone know how to use Hilton Honor points to buy books on @AmazonHelp ? I put my points as a ""default"" but they don't show up in Payment Options so it doesn't work.",billing_payment,rule_single,True,0
conv_2717988,@AmazonHelp can a consumer send money to their bank acount from amazon pay balance?,billing_payment,rule_single,True,1
conv_436310,@AmazonHelp Real nice when your business team is so dumb they pull up my personal account. put me one hold and then hang up on me. #not,escalation_needed,rule_single,True,1
conv_544411,Por primera vez @AmazonHelp me ha decepcionado en el empaque y detalles que tienen,non_english,rule_single,True,0
conv_2675977,@AmazonHelp I just want to know why this happened I have a prime account and I order from amazon all the time plus i preordered? https://t.co/1JMXvP76Ne,prime_subscription,rule_single,True,0
conv_890546,@AmazonHelp @115850 Money has been deducted for ORDER # 406-7140461-3037926 and order stands cancelled. https://t.co/176gfuz7AY,billing_payment,rule_single,True,2
conv_2787703,"@AmazonHelp Hello ! Nos avons un souci ac cette commande 404-1744564-8442712 qui n'est toujours ps partie selon le suivi colissimo. J'ai téléphoné au centre d'appel Amazon, visiblement, le tracking n'a même pas été consulté et on ne me croit pas qd je dis que ce n'est pas parti. https://t.co/LSAcL3xHyU",non_english,rule_multi,True,0
conv_318235,Wow @AmazonHelp I ordered something from Prime.The guy knocks I open the window saying 1 min but instead he throws in my front LOCKED area https://t.co/HDg0vqs9t9,account_access,rule_multi,True,2
conv_575984,@AmazonHelp hi just wonder why you haven't shipped them. It's been two days since I ordered them. Order # 113-4002806-4843420,delivery_issue,rule_single,True,2
conv_1114833,@AmazonHelp bonjour amazon je vous contacte car je rencontre un problème sur la livraison de mon article .,non_english,rule_single,True,0
conv_447150,@115830 @AmazonHelp  would you like to sort out my two little ones when they are crying tomorrow BECAUSE THEY'VE NO ELF 😤 it was on prime delivery as well!!! https://t.co/rewGFNbZSk,delivery_issue,rule_multi,True,1
conv_983391,"@AmazonHelp ...my password. After checking my account, my display name was different, and all my past orders along with...",account_access,rule_single,True,0
conv_297908,@115830 @AmazonHelp can you help? How late into the evening are deliveries attempted in the UK?,delivery_issue,rule_single,True,0
conv_934369,@AmazonHelp Hi. Can an iPhone case be returned for a refund? I’ve had an Otterbox Symmetry case stain from my jean pocket after one week.,refund_return,rule_single,True,1
conv_83392,@AmazonHelp @115821 trying to set up a fire HD for my daughter on teen account. And it won't register. Using chat to resolve issue. 2nd level says another team needs to help and they will contact me in 24-48 hours. Not acceptable.,escalation_needed,rule_single,True,5
conv_622495,Was expecting a resolution call as promised by Amazon.in yesterday for the complaint raised . But to no avail.. __email__ :( @115850 @AmazonHelp,escalation_needed,rule_single,True,0
conv_2453620,"@AmazonHelp @115850  Though my product is within return period, then why am I facing difficulties in returning it??",refund_return,rule_single,True,3
conv_1735163,@AmazonHelp I cannot get into my Amazon account. I’ve change my password about 3 times and I still can’t get into it.,account_access,rule_single,True,5
conv_689236,Received damaged re-stitched shoe from @115850 @AmazonHelp . As a prime member product also received lately. Not in priority. Waste of money and time https://t.co/i84Ur2p165,prime_subscription,rule_conflict,True,1
conv_777201,@AmazonHelp My prime has expired. Have ordered echo which comes with prime. Should I wait for delivery in November or renew prime now?,technical_device,rule_conflict,True,0
conv_469468,"@115850 help. Placed an order of @226787 QY7 and payment done but order not showing in My Orders. Not even received any confirmatory email.
@115821 @AmazonHelp @115821",billing_payment,rule_single,True,5
conv_1723906,Hi @AmazonHelp how do I file a complaint against one of your delivery drivers?,escalation_needed,rule_multi,True,0
conv_565812,I set up another Amazon Echo Dot for my Grandma and now mine is unresponsive..... @AmazonHelp,technical_device,rule_single,True,2
conv_1636630,"@AmazonHelp I bought the 150 prisma pencil set, when I’ve looked through them quite a few are split. Is there a way to replace them.",refund_return,rule_single,True,1
conv_1661793,@AmazonHelp trying to send a faulty return back with a prepaid label. Post office won’t take it... who do I give it to?,refund_return,rule_single,True,3
conv_183729,Ordered new @12772 box set 5 movies @AmazonHelp which was out on Monday but so far not arrived 😭 https://t.co/UjQZLPLoGY,delivery_issue,rule_single,True,1
conv_1560212,"@AmazonHelp I'm watching SUITS on firetv. I'm watching episodes of se01, but whenever I play SUITS, it always go to SE03EP01 by default",technical_device,rule_single,True,1
conv_2843729,"@AmazonHelp Taken AMAZON PRIME to get product soon bt unfortunately it is futile. Not get my product on time..Will u plz explain why?Also when things r delayed what z use of PRIME
@115821 @2005",prime_subscription,rule_single,True,1
conv_46492,@AmazonHelp For my return amazon has issued refund amount on 29th oct 2017 but this is still not credited into my bank account,refund_return,rule_multi,True,1
conv_158870,"@AmazonHelp Hi Where can I forward an email I received from Amazon that is suspicious, it saying my account is locked which it isn't.",account_access,rule_single,True,2
conv_105250,"@AmazonHelp Hi, my item has been marked as returned/not-delivered by Hermes , can you tell me why please? Cheers C",delivery_issue,rule_multi,True,3
conv_89345,@AmazonHelp you guys are taking longer than usual to take money from my account and two of my orders are taking longer than usual to be dispatched... could you provide an update? Thanks :),billing_payment,rule_single,True,0
conv_656164,@115830 @AmazonHelp I’m a prime member and haven’t received my parcel that was due to be delivered today.? My boy is due to start swimming tomorrow and now hasn’t got his swim wrap to keep him warm 😢  please advise.,delivery_issue,rule_multi,True,1
conv_269853,@AmazonHelp this tracker says it is supposed to arrive today but its 9:30 pm ! https://t.co/rNh8rxeGQo,delivery_issue,rule_single,True,4
conv_2457763,"Since How I met Your Mother is now removed from Netflix, @115850 @AmazonHelp can you get it on Prime Videos, please?",prime_subscription,rule_single,True,0
conv_2252984,.@115851 I was really disappointed in @115821 @AmazonHelp today. Issue unresolved after hrs and hrs of lost time for me and no renumeration from @115821. Piss poor customer service I'd say!,escalation_needed,rule_multi,True,1
conv_1953639,"@AmazonHelp 
Dear team, I have recharged my Jio number on 9th Nov having cashback of Rs 99 but I have received cash back of only Rs 20.
I have confirmed through customer care before recharge and they have committed for cashback of Rs 99.",escalation_needed,rule_single,True,9
conv_1489176,@120533 @AmazonHelp @115821 Bonjour c'est la 3eme fois consécutif que je commande chez vous et que je ne reçois pas mon colis c'est quoi ?,non_english,rule_single,True,0
conv_1719177,"@AmazonHelp When logging in, I get the messsage ""Your account has been locked for security purposes.  Please check your e-mail for instructions on how to unlock your account."" But I haven't received any email. Please help.",account_access,rule_single,True,4
conv_2843694,"@AmazonHelp hi, I have ordered a product this afternoon which was prime so instead of it arriving tomorrow it's supposedly coming on Thursday, does this not go against the idea of prime? It's not exactly any benefit to be on prime membership when this happens. 😕",prime_subscription,rule_single,True,0
conv_1853082,@AmazonHelp either I'm blind or there is no way to contact customer service on the website.  So no way to talk to someone re my order?,technical_device,golden,True,5
conv_2488404,@AmazonHelp one prime member in how many device can log in on prime video,technical_device,rule_conflict,True,1
conv_592092,@AmazonHelp I didn't pay $200 to get two of the same season I paid that for the whole collection wtf!😡 https://t.co/mzzr3TyOS8,billing_payment,rule_single,True,1
conv_2804276,@AmazonHelp I've been locked out of my account due to something with my card and I want to make sure my order was cancelled so I won't be charge for the PSN Card I tried to buy,account_access,rule_conflict,True,4
conv_848119,@120474 @AmazonHelp I’ve sent 2 emails and been told to resell!I had the price of two on my payment screen so confirmed payment.Totally miss sold,billing_payment,rule_single,True,1
conv_2817138,"@AmazonHelp your App has gone crazy , tired of trying to place a order there, switching to Flipkart",non_english,rule_single,True,1
conv_140021,"@115821 @1402 @8105 @8106 @1840 @115821 @1402 @8105 @8106 @1840
Hey @AmazonHelp Are you sure u told me that ur seller ran on the fly fooling your customers and u were helpless? Such a big guy. People should rather be ur seller and not ur customer to not be ditched. #Fraudulent",billing_payment,rule_single,True,10
conv_1549415,@AmazonHelp is there a reason I'm still getting charged every other month for Amazon Prime even though it's been canceled for months? https://t.co/eSRWLFnxiB,prime_subscription,rule_single,True,0
conv_1080610,"@AmazonHelp hi, I got the fire hd 10. Can I change Alexa's voice to the British accent? How? Thanks",technical_device,rule_single,True,2
conv_45535,@AmazonHelp my order is missing two pieces of the value pack. I don't want to return what I received but can I get those pieces?,delivery_issue,rule_multi,True,2
conv_2308659,"@AmazonHelp my Alexa device won’t stop ordering quinoa from Whole Foods, even when I have plenty of quinoa, and it plays the Autozone jingle every night at exactly 1:23am. What is the meaning of this?",technical_device,rule_single,True,0
conv_1429491,@AmazonHelp PLEASE ESCALATE Order 406-5479718-3481931AND SHARE ME THE STATUS,escalation_needed,rule_single,True,3
conv_956292,@AmazonHelp Amazon has no control on their delivery team . Poor service,escalation_needed,rule_multi,True,1
conv_43283,@115850 @AmazonHelp How come products without being delivered getting marked delivered. Same is being communicated through mail n msg 1,delivery_issue,rule_single,True,0
conv_1175588,Hey @AmazonHelp how do I know if you guys received my returned item? I don't think I got an email confirming that you got the item,refund_return,rule_single,True,3
conv_444420,@AmazonHelp i have messaged so many times why am i not receiving a reply,account_access,rule_single,True,0
conv_1681804,"@AmazonHelp I found an Amazon transaction on my bank statement that I can't place? Help?

Thank you.",billing_payment,rule_single,True,3
conv_1004578,@AmazonHelp I had ordered 2 rakhi sets way back in august... those sets never got delievered neither did i get my money back ... what am i supposed to do ... ? Been after u guys since the past 3 months ... its damn frustrating... and dissappointing too ...,refund_return,rule_multi,True,1
conv_509398,@AmazonHelp  took day off work for a delivery that never came. thanks Amazon.,delivery_issue,rule_single,True,1
conv_328738,"Hey, @AmazonHelp: I'm about to throw this Kindle Paperwhite back into a box and return it to you if your customer service reps and content syncing continue to be this flawed and frustrating.",refund_return,rule_multi,True,2
conv_1165635,"@AmazonHelp 
I have placed an order &amp; received a mail that my acc is locked. no links in mail to upload statement. Order 111-7098069-9897858",account_access,rule_single,True,6
conv_1887505,@AmazonHelp Cancelling my prime because your drivers can't be bothered delivering my stuff any more. I've had it!,prime_subscription,rule_single,True,1
conv_398792,Warum eigentlich kann ich die 7. Staffel #BlueBloods nur im Großbritannien- @AmazonHelp vorbestellen und nicht im Deutschen?,non_english,rule_single,True,0
conv_1661464,"@AmazonHelp @67239 
When can I return the product??? https://t.co/MMJxq3WNhf",refund_return,rule_single,True,2
conv_2754660,Don't know why I bother with @115830 prime when all the stuff they send never turns up the next day! And @AmazonHelp will no doubt have some crap excuse as per,prime_subscription,rule_single,True,0
conv_656064,"Bought a TV from @115821 and it artived damaged. Can’t get a replacement because it’s not in stock. Huge PITA getting refunded for the correct amount.

Customer service rep keeps confusing all the numbers. Miserable experience and a huge waste of my time. @AmazonHelp https://t.co/7tpk3DudVL",refund_return,rule_conflict,True,4
conv_1319031,"Still no resolution, no response on email, no response on call, no response on @123765 @115821 @115850 @AmazonHelp @131027 https://t.co/7fRbH5KaIb",escalation_needed,rule_single,True,2
conv_2302208,"@AmazonHelp got defective product. Mobile battery swelled up within 1 month of use. Get me refund or replacement. ASAP.
Order no. 405-7804842-5265959.",refund_return,rule_single,True,1
conv_671722,"@AmazonHelp Hi Team, I revised payment of 550/- from my IOB (Indian Overseas Bank) last night. 550/- deducted from my IOB, still not showing in my Amazon pay balance!!
Plz check the attached screenshot.
There are 2 items in my cart need to buy thru Amazon pay. https://t.co/EgUQBt6BeT",escalation_needed,rule_multi,True,3
conv_2884212,Not sure I’ll be renewing my @115830 @amazonhelp Prime membership now. https://t.co/YPbw9akaRF,prime_subscription,rule_single,True,1
conv_298412,@AmazonHelp My order said that it has been delivered and handed to the resident but it hasn’t come so I have no idea where it is now,delivery_issue,rule_single,True,1
conv_2513689,Hey @AmazonHelp @115830 has the email customer service option no longer available on the app??,non_english,rule_single,True,0
conv_2713212,"@AmazonHelp I am still being billed for an Amazon FreeTime Unlimited subscription I cancelled MONTHS ago. It doesn't show up on my Amazon account anymore even, but my credit card is still being charged every month.",prime_subscription,rule_conflict,True,1
conv_1178904,@AmazonHelp hi I need someone to Dm me asap regarding a complaint and you cancelling my order in erro,escalation_needed,rule_single,True,3
conv_249860,@AmazonHelp Our Alexa starts talking without being asked. Could it be faulty? It's certainly a bit spooky.,technical_device,rule_single,True,0
conv_2299484,"@AmazonHelp  if it says Prime,,, and I ordered on Friday,,,, why do I have to cancel work Monday

It was Prime, next day Saturday, not Mon??",prime_subscription,rule_single,True,3
conv_159523,@AmazonHelp I signed up for a year of audible but don't seem to have my coupon for the echo. How do we fix this?,technical_device,rule_single,True,0
conv_2017550,@AmazonHelp still weeks after fraud no one contacted me. Ignorant service #badcustomerservice,escalation_needed,rule_single,True,1
conv_1406799,#hearusamazon  @115851 @115850 @AmazonHelp what you done for duplicate orders and  fake orders you want to rich on sellers money? #GMV,billing_payment,rule_single,True,2
conv_734601,I think @AmazonHelp India consignment delivery department is disconnected from the larger vision. @115850 https://t.co/vlE048WSB2,delivery_issue,rule_single,True,2
conv_435116,@AmazonHelp I'm trying to download apps on a fireTV and it says I have an invalid billing address even tho I changed it to the right one.,billing_payment,rule_multi,True,0
conv_2254394,@AmazonHelp  seriously for the last 3 months waiting for my refund no one is helping me . Bank told me that transaction number is incorrect and you are saying please contact bank . I am fed up from all this . Already sent bank statement to u (1/2),refund_return,rule_multi,True,1
conv_1726655,@AmazonHelp __email__ my account is blocked please  unlock my account,account_access,rule_single,True,3
conv_2379865,@14389 @115850 @AmazonHelp  don't knw wen I get dis return.. 1 week .. 1 month.. I mentioned dt. 15 Nov in feedback. https://t.co/kzvvA19N1s,refund_return,rule_single,True,5
conv_464315,@AmazonHelp ridiculous service. Why say guarantee next day delivery when you can't do it. Going on 4 days now and we pay for this crap. Ridiculous,delivery_issue,rule_multi,True,5
conv_1422003,".@AmazonHelp Nothing happens. ☹️

And I would prefer to use Alexa in English... Country ≠ Language https://t.co/EyQtp8c8aY",technical_device,rule_single,True,1
conv_468817,@AmazonHelp  I am not able to view or edit my cart.  I just get an “Oops” message.  I emailed for help and received no response (even an automated one) yet.,escalation_needed,rule_single,True,2
conv_1897786,@AmazonHelp hi ordered a book &amp; it's coming up on my bank a/c that ive been charged twice. Order no: 026-8342964-0766753,billing_payment,rule_single,True,2
conv_156707,"@amazonhelp hi again, I ordered something early hours of this morning for prime delivery on the 27th (which is fine), but now if I look at the item (not the order) it says ""out of stock until 28th"", will I still receive my order on the 27th? (Sorry for the long tweet)",delivery_issue,rule_multi,True,5
conv_2555220,"@AmazonHelp Where would i go to get help with Amazon Music? Im getting the below error on ios 11.1.1, and on desktop i get the other error and when i sign in again it goes right back to that error...
Where do i get help? https://t.co/UfQ30akPZI",account_access,rule_single,True,3
conv_2031103,@AmazonHelp @115821 thanks 4 nothing. No response on why my order has not shipped in 9 days. Your customer service has become a sick joke,escalation_needed,rule_multi,True,2
conv_1229656,@AmazonHelp why isn’t my preorder of @141187 arriving on Friday? My account says 31st.,account_access,golden,True,2
conv_2724521,"Hey @AmazonHelp ihr schickt mir eine Rückruf-Mail, ich sende das Teil zurück (ausserhalb der 30 Tage) und nun schickt ihr genau mein Paket wieder an mich. Was nun? Komme mir etwas ver... vor.",non_english,rule_single,True,0
conv_1334286,@AmazonHelp amazon prime refund received less. Please share the chat feature or arrange support.,refund_return,rule_multi,True,6
conv_179994,"@AmazonHelp I can't log into my account, it's telling me that amazon cannot find an account with my email",account_access,rule_single,True,0
conv_1433949,"@AmazonHelp left this card, did not ask for anything to be left in blue bin! Nothing in there!! Please assist https://t.co/pstku7GDIk",billing_payment,golden,True,0
conv_2893118,@AmazonHelp I tried logging into my account and my fingerprint doesn't work and when I tried sending a code to my number it sent to a email I've never heard of so I assume I got hacked what should I do ?,account_access,rule_single,True,2
conv_2954342,Day 2 #Amazon selling fake bose product online #fooling customer #worstcustomerservice #@115851#@115821#@AmazonHelp #CheatingPoor Indian Customer #@118342 #@115850 fraudulent organisation #Not replacing the products#,billing_payment,rule_single,True,0
conv_901122,"@115821's @AmazonHelp told me 2 create a new account with another email, instead of having my current account unlocked. #CustomerService 1/X",account_access,rule_single,True,0
conv_128087,@115821 this is how Amazon India will dupe you..digital mafia..even they are telling no guarantee of refund in 2019 also @115850 @116935 @115830 @116618 @AmazonHelp @117634 @144779 @115828 @115851 https://t.co/u0Jip0hFsJ,refund_return,rule_single,True,44
conv_313460,"@115850 @115821 @AmazonHelp 

Can any one help ?? Still no response https://t.co/hSDArNuUiW",escalation_needed,rule_single,True,0
conv_408786,@AmazonHelp I have a charge from Amazon I don't recognize??,billing_payment,rule_single,True,2
conv_43259,"I officially give up. I'm this close to just sending my Amazon fire TV stick back. I love it, if it would work, which it doesn't @AmazonHelp https://t.co/H4ZTnESRuT",technical_device,rule_single,True,0
conv_848225,Liebe @AmazonHelp Ticketnummer 0126177411 wartet seit etwa zwei Wochen auf eine Antwort/Lösung,non_english,rule_single,True,0
conv_2679513,"@AmazonHelp everytime I try going into Prime Music, it says session expired! Is there anything I can do from my amazon account to fix this?",prime_subscription,rule_single,True,0
conv_1605633,@115850 @AmazonHelp Never thought my speakers gonna work intermittently n u wouldn't replace just coz its 4 days past replacement period,refund_return,rule_single,True,4
conv_1181463,@AmazonHelp hello i got a charge on my bank account for 888 dollars??? im so confused i need this to be fixed,billing_payment,rule_single,True,2
conv_854476,"@115851 @115850 @AmazonHelp 

You team has failed to deliver.. order no- 404-7205179-6184304. It is roaming around Bng since two days.",escalation_needed,rule_multi,True,1
conv_1444404,"@AmazonHelp Bonjour, ma commande n'a toujours pas été expédiée il est déjà 16h, vous comptez respecter le délai indiqué ou pas ?'",non_english,rule_single,True,0
conv_1850522,Dear @115821 my refund has not been credited to my bank account even after 25 days. Plz refund my amount. @115850 @AmazonHelp #Refund,refund_return,golden,True,1
conv_798698,@AmazonHelp hello im trying to cancel something my card keeps declineing how do i cancel it?,billing_payment,rule_single,True,4
conv_1733160,@AmazonHelp where is my xbox one X. No more pre orders from me. Prime customer too. Very disappointed at you incompetence! 😡,prime_subscription,rule_single,True,2
conv_1320446,@AmazonHelp why is the Kindle Oasis no longer available to Portugal addresses?,technical_device,rule_single,True,1
conv_2761723,"Hey @120533 je fais comment pour l'acheter vu qu'il est disponible quand prime
#amazon @AmazonHelp https://t.co/OaXpXKPmNK",non_english,golden,True,0
conv_989869,"@AmazonHelp Liebes Team, ich möchte euch um Hilfe bitte. Meine letzte Lieferung ist eine Katastrophe und ich bekomme trotz Chat und Mail keine weiteren Informationen. Was ist denn mit dem üblichen Service passiert?",non_english,rule_multi,True,0
conv_2418449,@AmazonHelp is this email legit? Don’t want to find money going out my account again when I haven’t signed up for prime https://t.co/m4YlapaCmI,prime_subscription,rule_single,True,2
conv_2767585,"@AmazonHelp Bonjour, j'ai cru commander sur votre site une coque pour un moto E4, et j'ai reçu une coque pour le moto E4 plus. Que me proposez vous de faire, j'ai du faire une erreur je crois, sans être sûr ? Merci.",non_english,rule_single,True,0
conv_1459077,@AmazonHelp what's the point of prime if deliveries don't happen next day? Now being told a few days but need it before I go abroad...,prime_subscription,rule_single,True,1
conv_742390,"@AmazonHelp In der Suche standen 2,99
Hab aber 3,99 zahlen müssen https://t.co/8nKwWSzymh",non_english,rule_single,True,0
conv_551990,@AmazonHelp the iPhone app won’t let me buy anything? Buy now brings up an error and when I try to buy via basket it just takes me back to the basket.,non_english,rule_single,True,1
conv_676732,"@AmazonHelp is this the official disney / John Williams ost for pre-order

Star Wars: The Last Jedi https://t.co/cOGLLVsCuS",order_problem,rule_single,True,0
conv_1320691,@AmazonHelp @115850 product reached to the center where is my refund ?? https://t.co/sB40w0Pd7l,refund_return,rule_single,True,1
conv_421527,@AmazonHelp Ich erwarte eine Prio Sendung heute … aber bis jetzt ist sie noch nicht in Auslieferung? Können sie mir helfen ?,non_english,rule_single,True,0
conv_909516,@AmazonHelp i didn't received my refund which according to amazon has been transferred on 20Aug17 and now no response from amazon @10265,escalation_needed,rule_multi,True,2
conv_840868,"@AmazonHelp Bonjour, ma commande (406-7268361-2837107) est arrivé défectueuse (manga avec un gros coup de cutter). L'article a été remplacé.",non_english,rule_single,True,0
conv_2567005,"@AmazonHelp trying to set up my Mother’s Amazon Fire Stick. Brand new TV, how can we fix this? https://t.co/6FhyczmFYV",technical_device,rule_single,True,0
conv_994374,@AmazonHelp hi! My kindle on my win10 is saying my password and email are wrong even though it's the exact password I use for amazon. Help!?,technical_device,rule_conflict,True,2
conv_836850,@AmazonHelp my large still hasn’t been delivered after being promised it last night 3 days overdue now https://t.co/5BsaZKq3T4,delivery_issue,rule_single,True,1
conv_149101,Can't buy anything on amazon India my accounts keeps getting blocked. I'm sick of this. Can't do any shopping. Need help and I need an account for support. Very bored about it. @AmazonHelp @115851,account_access,rule_single,True,2
conv_2638423,"@AmazonHelp Hey, I found what seems to be a pretty serious security flaw in your new sign-in page. If you have two accounts, you can enter the password to either and log in successfully, regardless of which email address you enter.",account_access,rule_single,True,5
conv_2705739,@AmazonHelp Ordered something that never showed. Emailed the seller last Wednesday and still haven't heard back. Can you guys help get my money back?,refund_return,rule_multi,True,1
conv_2124782,"This is my third @115821 fire stick from @127271, each one gave me this message. Amazon customer support tell me to keep exchanging them... @AmazonHelp @138244 https://t.co/eP7mc8Zy8O",technical_device,rule_single,True,1
conv_1420480,"@AmazonHelp hi team! I live in the UK, is it possible to buy a gift voucher for my parents in India? Can they spend in there? Thanks",escalation_needed,rule_single,True,0
conv_1990250,Primer foto oficial con mi lente @320930 y mi Moto G5 Plus 😁 cc @AmazonHelp https://t.co/x84iObdksT,non_english,rule_single,True,0
conv_2747111,@AmazonHelp this happened when I attempted to use my gift card. Thanks. https://t.co/qb9KRecEhA,billing_payment,rule_single,True,1
conv_2925613,"Dear @AmazonHelp ... I ordered a Lightning Deal and was charged full price. Help, please?",billing_payment,rule_single,True,3
conv_942145,@AmazonHelp NO WHERE on the product page did it say the glasses couldn’t be returned. Now I’m stuck with a pair I can’t even use! 😡😡,refund_return,rule_single,True,1
conv_473335,"@AmazonHelp my order arrived broken in half, and the seller has advised me to contact you about a refund. Can we get this sorted please?",refund_return,rule_single,True,4
conv_158719,@115850 @AmazonHelp I tried selling my phone on amazon individual seller and the phone i sold was returned to me totally destroyed. Bymistake i selected the wrong color and SAFE-T claim wont admit my claim for unknown reasons. I request you to look into the matter ASAP. Thanks. https://t.co/ry6MyBk3Il,refund_return,rule_single,True,3
conv_224190,"@AmazonHelp Original dlvry dt 4 my ordr ws 3rd, thn tld 2 wt till 6th. Now bn tld pkg is lost. Came 2 know only bcs I cald. Exclnt follow up",delivery_issue,rule_single,True,2
conv_1208741,"@AmazonHelp help! Le ""compteur"" est ré initialisé au bout de combien de temps ? https://t.co/8O206Z1Zdh",non_english,rule_single,True,0
conv_2630088,"@115850 Hey Guys ! i have a quarry reg iphone8+, it's mention that 8k CB in city card. I wanna know even if i don't wanna enroll jio offer will CB still applicable ?@AmazonHelp",billing_payment,rule_single,True,0
conv_529116,@AmazonHelp my fire stick remote has just stopped working and I’ve only had it 2 months?!,technical_device,rule_single,True,1
conv_1035123,I did not receive cashback of1500 INR on using SBI card for buying OnePlus 5 device on Amazon. @115850 @AmazonHelp @115821 . Bad service.,account_access,golden,True,3
conv_2184675,"@AmazonHelp bonsoir, vous m'expliquez le nouveau concept de livrer le contenu du colis, ouvert, hors du colis !? https://t.co/oRLy9a6ndC",non_english,rule_single,True,0
conv_551999,"Tried my first #amazonpantry box, and incredibly disappointed. Not only did it come a day late, something exploded in the box and half of the food I paid for is ruined or squished, and EVERYTHING is sticky. Unacceptable @AmazonHelp @115821 larabars are expensive. https://t.co/iWtsolmXyy",delivery_issue,rule_single,True,2
conv_671710,"@AmazonHelp hi team, I had ordered a watch through Amazon US with 2-day expedited delivery.. but the delivery was delayed by a day.. in that case, I could have gone for Standard delivery instead of a wasting $9.99 for a 2-day delivery! ☹️",escalation_needed,golden,True,1
conv_447270,I wait almost a week (with Amazon Prime) just to get this crap?  Unacceptable. @AmazonHelp @UPSHelp https://t.co/baguBxx8ny,prime_subscription,rule_single,True,2
conv_1608677,"@AmazonHelp Bonjour, j'ai acheté un casque @213709 ManO'War, le serre tête à lâché, à qui dois-je m'adresser ? Vous ou @213709 ?",non_english,rule_single,True,0
conv_683820,"Hallo @AmazonHelp Wie kann ich denn eine angeblich vor 2 Wochen versandte, nicht nachverfolgbare + nicht angekommene Bestellung stornieren?",non_english,rule_single,True,1
conv_445587,"@AmazonHelp ordered 4 items yesterday using prime, needed to be delivered today, 2 not dispatched and two now showing Friday delivery??",delivery_issue,rule_multi,True,4
conv_1135184,"@AmazonHelp si canceló un pedido(aún no a sido enviado, era un preventa para HOY) y pido el reembolso se me entrega en mi tarjeta de debito?",non_english,rule_single,True,0
conv_996739,@AmazonHelp Amir in your chat customer service department is useless and made my problem worse.,escalation_needed,golden,True,1
conv_2965299,I got charged for amazing prime this month but I'd already cancelled my free trial explain please @AmazonHelp,prime_subscription,rule_single,True,1
conv_399086,@AmazonHelp hey there. Could you please tell me why Amazon Prime Now is currently not delivering in my area? I have a WA13 postcode. Thanks!,prime_subscription,rule_single,True,2
conv_2454075,"@AmazonHelp Hallo, mein am 2.10. vorbestellter Echo Plus soll vsl. am 8.11. geliefert werden. Würde ich ihn jetzt vorbestellen, käme er...",technical_device,rule_single,True,0
conv_572875,@AmazonHelp I'm very confused. I ordered a Christmas gift for my friend and it shows that its delivered with a picture of a door. But she checked and that's not her door and no one around has seen it either? It says it came by AMZL US...,delivery_issue,rule_single,True,0
conv_2901107,@AmazonHelp @BofA_Help my money hasn’t been refunded back on my account,billing_payment,rule_single,True,2
conv_1512071,"@AmazonHelp Hi, I set up an Amazon Seller Account that was never activated. Despite this I have been charged twice. Please contact me.",billing_payment,rule_single,True,0
conv_1777657,@AmazonHelp - I am unable to order gifts for my husband or son because you display all purchases. Is there a way to secretly purchase so they can't see it? Maybe a password at a purchase level ?,account_access,rule_single,True,0
conv_69787,"Amazon.in is the biggest fraud in this country guys boycott this company they are cheating us by delivering empty boxes and not even giving the refund for this , i will upload the cctv camera footage of my house and show it to everyone @AmazonHelp",escalation_needed,rule_multi,True,0
conv_579843,Hey @115850 @AmazonHelp been calling yr cust care for over a month now to get an issue related to my Amazon pay balance resolved but there hasn’t been any signs of a solution! Don’t ask me to fill anymore forms please. I will DM my contact &amp; you better call me! Tired!!,billing_payment,rule_single,True,1
conv_1117980,@AmazonHelp @115850 I returned an ASUS power bank and am yet to receive the refund.Been a month. what the hell is going on?,refund_return,rule_multi,True,1
conv_799705,"Once again the @115830 @AmazonHelp delivery system falls flat. Says its to be delivered yesterday, no package, now it's being delivered today.

Why pay prime if you're going to do this?",delivery_issue,rule_multi,True,2
conv_1763248,@AmazonHelp Why am I being ignored??? 4 days on the trot I've asked for help!!! Even Amazon themselves asked you to help me! #hello,escalation_needed,rule_single,True,0
conv_538538,"Ich verstehe das nicht, @AmazonHelp. Warum ist das Paket seit dem 29.11. unterwegs und warum bekomme ich keine Erklärung, über ""Lieferung ist verspätet"" hinaus? https://t.co/HAAcKBkomL",non_english,rule_single,True,0
conv_2263092,@AmazonHelp hi folks please could you help me about a refund currently processing? Thanks,refund_return,rule_single,True,4
conv_803965,@AmazonHelp Courier team careless and already careless amazon team. Proof attached https://t.co/3ntxMYabli,escalation_needed,rule_multi,True,2
conv_2628903,Thank you to @AmazonHelp and @126705 for ruining my day off and not delivering my sims 4.,resolution_confirmation,rule_single,True,4
conv_2235589,@AmazonHelp who do I email a complaint too,escalation_needed,rule_single,True,1
conv_2570421,@AmazonHelp I am getting a damaged product plz help amazon my registered mobile no. Is 7018265542 plz call so that u can understand me better,order_problem,rule_single,True,1
conv_856592,Thank you @115821 NOT A WAY TO PACK A @125815 DISGRACE #NOTHAPPY @AmazonHelp https://t.co/XN6Lm93C9J,resolution_confirmation,rule_single,True,1
conv_2562251,"If a @727143 seam seemingly came undone on its own is that covered for warranty replacement, even if purchased through @115821? Actually, I'm not sure it was ever attached. @AmazonHelp #Maxpedition #PygmyFalconII https://t.co/96oDXV1pn9",refund_return,rule_single,True,1
conv_1623886,@AmazonHelp I need help refunding an item I received the wrong colour watch and I’m getting no replies to emails ??,order_problem,rule_single,True,1
conv_535119,Awful customer support from @AmazonHelp looks like they’ve lost my package before it even got the the courier and keep lying to me 👍,delivery_issue,rule_single,True,5
conv_2503572,"@115821  @AmazonHelp  @139798 

Still not received my refund from the 27th of july. I have made a complaint to the financial ombudsmen. Maybe the sun can look into Amazon for us customers that are getting ripped off and not getting refunds!",escalation_needed,rule_multi,True,2
conv_2789083,@AmazonHelp bravo les mecs. J'ai ma livraison prime en point relais parce que le livreur a pas sonné. À quoi ça sert de proposer un service payant si vous êtes pas capable de le réaliser?,non_english,rule_multi,True,0
conv_2171119,@115850 @AmazonHelp my cashback of Rs 200 for prime day has not been credited to my account yet. Issue is pending since 10 days &amp; your escalation team is very unhelpful. To whom will the escalation desk escalate the issue? CEO of Amazon? Is this a joke? Stop cheating customers! https://t.co/H9ICEKLuci,escalation_needed,rule_multi,True,1
conv_512382,@AmazonHelp I ordered a package and it said it was supposed to be delivered Thursday 30th but I still haven't had it delivered??,delivery_issue,rule_single,True,2
conv_1411486,"@AmazonHelp poor service regarding return and replacement of Wrong product ""purchased NIKON D3300 but received CANON EOS 1300D"". [2 times failure in returning same product to correct address] https://t.co/DI4rfVSke8",refund_return,rule_conflict,True,2
conv_1176294,"@AmazonHelp I’m signed into MY ACCOUNT, which ALLOWS me to enter the app, use to be a play button on top of “add to watchlist”  FIX IT https://t.co/FlfLYE4IRs",non_english,rule_single,True,0
conv_2725051,@AmazonHelp I have received commitment from your team the I will receive a product on time after confirming the same from seller. Now seller has cancelled my order at last moment. Very Bad Experience. Order #   171-2386244-1015509. Kindly resolve the issue asap,escalation_needed,rule_single,True,3
conv_671790,@AmazonHelp my Alexa is not working,technical_device,rule_single,True,0
conv_2279427,I am fed up with @119625. I had to sign out from @115850 then need to sign in @119625. I had to do it everytime. I tried to contact with support team but they are not responding well. Please help me @115821 @AmazonHelp my prime subscriptions is wasting.,escalation_needed,rule_multi,True,1
conv_247545,"@AmazonHelp still waiting for a parcel to arrive, what time do you deliver till?",delivery_issue,rule_single,True,1
conv_281202,Looks genuine @AmazonHelp just let me go get my bank account details..... 😱 https://t.co/ZtA8iE2boO,billing_payment,rule_single,True,2
conv_775356,"Pathetic srvc @AmazonHelp @115850  @119625 ,they don't do what they say.
The msg was recd on 22nd and still no refund initiated.1/2 https://t.co/rv00ZJpur2",refund_return,rule_single,True,2
conv_234153,@AmazonHelp My order was meant to arrive yesterday but didn’t. Will it arrive today? I don’t pay for prime for nothing.,delivery_issue,rule_multi,True,2
conv_2910388,Hi @AmazonHelp I just accidentally deleted a book I was reading on my kindle...how can I get it back without paying for it again 🙈,technical_device,rule_single,True,1
conv_911967,@132994 @115850 @AmazonHelp @115821 sales fake oneplus cable in INDIA.. BEWARE.. RT for awareness. gv my money back https://t.co/zuqUBKLFdZ,refund_return,rule_multi,True,2
conv_1768917,"@AmazonHelp trying to cancel my video subscription, keeps telling me im not a prime member, how do i just cancel it?",prime_subscription,rule_single,True,1
conv_380991,"@AmazonHelp j'ai un soucis avec mon paiement, c'est la première fois que ça m'arrive, help!!",non_english,rule_multi,True,0
conv_279204,@115850 @AmazonHelp people who ordered echo today got discount twice then why no suchthing for ppl who ordered previously? Badthing,technical_device,rule_single,True,0
conv_2481767,@AmazonHelp why after 6 changed passwords can I still not sign in to my account? I'm stuck in a  reset password loop.,account_access,rule_single,True,1
conv_782312,Bonjour @AmazonHelp il y a 1 semaines javais mis dans mon panier un mega pack pc gamer de chez megaport il n'y en a plus en stock...,non_english,rule_single,True,0
conv_21944,@115851 @AmazonHelp @115850 @115821 fire the india sales team. For last 6 days they schedule and cancel the pickup. 404-7148114-1043526,escalation_needed,rule_single,True,1
conv_2734021,"@AmazonHelp @115821 So, despite the below - still no resolution - a total joke!
Lizzie, I am sorry a resolution has not been made. We'd like for our team to directly look into this. Can you use the following link to provide details of the issue? https://t.co/aXTMeOaVsY ^DY",escalation_needed,rule_single,True,1
conv_558483,@AmazonHelp Good Evening I've a parcel which appears to be delivered but I've not received anything at all. There's nothing inside or outside.,delivery_issue,rule_single,True,2
conv_2260870,"@AmazonHelp low-key though, i ordered this early september i think, i've tried contacting the seller multiple times no response and i think the only review on the product said their product never came https://t.co/V839nLqvSM",escalation_needed,rule_single,True,1
conv_578467,"@AmazonHelp You need to start taking fraud more seriously, your call handlers dismissed fraud on a card we never registered with you",escalation_needed,rule_multi,True,0
conv_1040121,@AmazonHelp you need someone to correct the labels for the products you're selling. I clearly got the wrong item again. https://t.co/kVpidIngOE,order_problem,rule_single,True,0
conv_1960739,"@AmazonHelp Order id - 13-0110763-3018678, Followed 4 times to pickup the old kindle. Label not sent and for 1st one it is falsely failed..",technical_device,rule_single,True,1
conv_1425065,@AmazonHelp @115850 worst service. Not getting refund for cancelled order. Amazon asking check with bank &amp; bank asking for amazon or arn.,refund_return,rule_multi,True,0
conv_2880443,@AmazonHelp I have had 3 items in the past delivered to my neighbour instead of my own house.I would like to make a formal complaint about this because this has happened again yesterday whilst I was at home in the evening.I specifically requested evening delivery but no delivery,escalation_needed,rule_multi,True,0
conv_1565949,"@AmazonHelp @215945 
Bonjour,
Produit commandé sur Amazon, on me signale « produit livré » mais pas de livreur, rien dans la BAL.",non_english,rule_single,True,0
conv_2281093,"@AmazonHelp Asking to turn off lights in spare room. “More than one device”. Can’t delete, only disable, so annoying! Help! https://t.co/dk6Rv611pK",technical_device,rule_single,True,0
conv_1570850,"@AmazonHelp Tengo mi cuenta bloqueada, mande fax pero no me responden. Que hago?",non_english,rule_single,True,0
conv_873782,@AmazonHelp since the update is there a way I can search for only amazon prime videos to stream tv shows? If not I suggest you bring it back,prime_subscription,rule_single,True,0
conv_507076,"Any German owners of a FireTV stick that are able to actually watch a video? I am stuck with the (non accessible) US catalog even if my location is correctly set as Germany. Error is 5505, but I /should/ have fixed it

@AmazonHelp @116618 any help?",technical_device,rule_single,True,2
conv_758984,Stellar work here @115817 @UPSHelp @AmazonHelp #shipping #fail https://t.co/fgSnVmKR15,delivery_issue,rule_single,True,0
conv_592148,"@AmazonHelp 
I wnt to port my amazon account with my all amazon balance to FLIPKART AS I AM A AMAZONPRIMEMEMBER,The reason is that many of my orders which I did on LOOT got cancelled and some of them I received were wrong
Do I need to give my ADHARCARD WITH MY THUMB IMPRESSIONS?",order_problem,rule_single,True,3
conv_268703,@AmazonHelp trying to add prime to our order and can't seem to add! Help!,prime_subscription,rule_single,True,1
conv_1193961,@AmazonHelp I’m not able to register my kindle. Saying it can’t find my account but it’s the correct login &amp; password? Logged into it on the computer and it works.,technical_device,rule_conflict,True,0
conv_2477440,"@AmazonHelp it's been 2 months but i have not got my refund for order id 403-0127943-8684361
Even customer care executive assured for a refund but a whole month has passed since then but i did not get my refund
Worst online shopping experience with u @115850",refund_return,rule_single,True,3
conv_401628,"@AmazonHelp Tried multiple time to reset password, says code has been sent to my email to verify its me. But it is never there. Please help!",account_access,rule_single,True,1
conv_285088,"@AmazonHelp hi, my account has been blocked a long time ago and he still is, can you help pls",account_access,rule_single,True,1
conv_224253,Hey @AmazonHelp why does my Echo randomly start talking when I'm not using it? It's distracting and annoying.,technical_device,rule_single,True,0
conv_254049,"@AmazonHelp I've been trying for the past few days to reinstate my prime membership, but it's still telling me there's an error. Help?",prime_subscription,rule_single,True,0
conv_592183,My delivery says it was given to me but there is no not of where they have left it and I have been out. 🙃 @AmazonHelp,delivery_issue,rule_single,True,1
conv_2312787,@AmazonHelp My Amazon account was locked a few days ago and I never got the email that tells me how to unlock it. Please help.,account_access,rule_single,True,1
conv_2852077,@AmazonHelp If I use 1 Click ordering will it charge my Payment method I selected in the 1 Click ordering settings or does it take from Amazon balance first if I have any? Cause I never used 1 Click ordering yet but I want to test it out. Please let me know how it works thanks.,billing_payment,rule_single,True,2
conv_2823935,@AmazonHelp any ideas when someone will update me about the driver who damaged my car and drive off? was reported last and not a word since,order_problem,rule_single,True,0
conv_2595430,@AmazonHelp  still no response from ur side after giving u all my product details wat type of service u ppl have,escalation_needed,rule_single,True,1
conv_440131,@AmazonHelp I’m trying to place an order but keep saying I need to verify my account and code will be emailed but nothing coming through!,account_access,rule_single,True,2
conv_2883287,"@2005 @AmazonHelp  what is d use of AMAZON PRIME when ur customer satisfaction z nt so prime.
Being a prime member I shud get my products on prime schedule time(27 Nov) but still not have my product.I paid you 
Almost 1000 bucks bt still you r nt committed to your service",prime_subscription,rule_single,True,1
conv_315333,"@AmazonHelp I've got a delivery due today as it didn't arrive yesterday, is there anyway to change the address?",delivery_issue,rule_single,True,1
conv_2727966,ARRRGGGHHH FFS!!! 3 deliveries in 3 days wrong. Told to return the last one and re order the item again which I’ve done and you e sent the wrong item again. I’ve ordered the 40feet filaments and you’ve sent the 20 foot filaments twice. @AmazonHelp @118373 #CustomerService https://t.co/82tgD8CR5e,refund_return,rule_conflict,True,1
conv_2943143,"@AmazonHelp Hi, I just noticed a transaction on my Credit Card for €10.59. I have no order recently amounting to this amount. How can I find out what this was for?",billing_payment,rule_single,True,2
conv_280988,@AmazonHelp  So #Alexa calling and messaging has finally arrived in the UK..... Except on my device,technical_device,rule_single,True,0
conv_1558047,"@AmazonHelp hi I am trying to set up multi-room music across my echo and dot but when I select one, the other becomes unavailable. Help?",technical_device,rule_single,True,0
conv_57425,@AmazonHelp hi I have an echo plus  and cannot use the £3.99 echo only music option. Can you tell me how? Only gives option for £9.99version,technical_device,rule_single,True,0
conv_2176710,@AmazonHelp  I haven't received the cash back for OnePlus 5 prchsd on Sept  of RS 2000 yet(axis bank)? Could u solve the pblm pls...,billing_payment,rule_single,True,0
conv_277273,"Anyone else having problems with""look inside"" asking you sign in for more pages with no effect. @115821 @AmazonHelp",account_access,rule_single,True,0
conv_2609330,"@115850 @AmazonHelp @115821 - Every hour a new mail comes with different message.
Being a Prime member i dint expect to suffer like this.
Even after paying you in advance i am not getting My phone nor my refund.
#thatsnotdone https://t.co/IfGlFaEefD",refund_return,rule_multi,True,1
conv_1058849,Dearest @AmazonHelp why is this taking a week? I pay for prime and selected a prime item. I'm going to cancel prime at this rate. https://t.co/6CsWfTnIpp,prime_subscription,rule_single,True,0
conv_649652,I just called Intelcom Courier about my @116090 package that was allegedly scanned at the Ottawa warehouse Nov 11. 'Phil' said it is getting delivered tomorrow between 8 am and 9 pm. Anyone want to wager on the outcome? @AmazonHelp you need a new courier business partner.,delivery_issue,rule_single,True,1
conv_1380699,HEADS UP: @AmazonHelp refusing to honor their warranty on an Echo Dot with the blue ring of death. Buyer beware.,technical_device,rule_single,True,0
conv_507100,Piratage de compte Amazon Email et mot de passe changés par le pirate. SAV déjà appelé +48h. J'espère pouvoir récupérer la gestion de mon compte Prime rapidement @120533 @AmazonHelp,non_english,rule_multi,True,0
conv_1850489,"@AmazonHelp 
Now a days amazon wasted lots of my time. I will make you pay for it amazon.",billing_payment,rule_single,True,3
conv_69952,"So, we own Past Perfect Music label, the trademark &amp; distrib/manuf. @115821 keep saying ""due to our inability to verify info provided &amp; info re...prior selling history &amp; listings...your (music) listings affected...are inactive"" Why? Loads of our CDs stuck waiting FBA @AmazonHelp",account_access,rule_single,True,0
conv_1399348,"Well, just got off the phone with @AmazonHelp because someone hacked my Amazon account and has been using my Prime.",prime_subscription,rule_single,True,1
conv_122018,"@AmazonHelp hola! Hoy hice una compra pero mi producto no coincidió con el de la página, inicié el proceso de devolución pero por cuestiones de tiempo me quedo con el. Me gustaría cancelar la devolución, gracias.😁",non_english,rule_single,True,0
conv_2924496,@AmazonHelp @AppleSupport is there a compatibility issue with current iOS devices and fire tv sticks as far as screen mirroring? The fire tv stick won’t show up in my mirroring options,technical_device,rule_single,True,0
conv_1058817,"Zwei Bestellungen mit Lieferdatum morgen und sie sind bis jetzt nicht verschickt. Alles auf Lager. Was ist denn bei euch los, @AmazonHelp ?",non_english,rule_single,True,0
conv_2388944,I’ve been soooo disappointed with my amazon prime trial. Absolute no go @AmazonHelp,prime_subscription,rule_single,True,1
conv_2609288,@AmazonHelp battlefront 2 pre order expected today but now says might not come til 21st. If that’s the case you owe me a prime refund. Shocking service.,refund_return,rule_conflict,True,4
conv_827124,"@AmazonHelp 
Received a Defective Phone
Delivered Yesterday, Returning
Process is lengthy.
Plz Do the needful",delivery_issue,rule_single,True,1
conv_2609361,"Still no response @amazonhelp I want to order something for tomorrow, only Monday delivery is offered through Prime. https://t.co/vfYhgIpK9a",escalation_needed,rule_multi,True,1
conv_2709538,@AmazonHelp the audible books I've purchased/subscription aren't showing up in my spouses Amazon audible app. She's in my Amazon household.,non_english,rule_multi,True,0
conv_463386,"@AmazonHelp OK, how TF do I report a missing package again? Really? Again? What TF is going on with your delivery people? This is a locked bldg. Delivered? To who? Who the fuck got it?",delivery_issue,rule_multi,True,3
conv_787125,@AmazonHelp my account has been locked pending verification of my CC. I have sent the required fax 3 times. what more do you want? @115821,account_access,rule_single,True,3
conv_446638,@UPSHelp my 20 day ordeal to have my own @AmazonHelp Kindle delivered to me from 1.5 hrs away has culminated in your driver leaving the pkg in front of my apt bldg on a busy Philly st where it was stolen,delivery_issue,rule_multi,True,0
conv_262164,"@AmazonHelp Hey Amazon, why can't I reply to msgs I receive from ur customer support on the website? Need help w Prime CC, not a Chase issue",prime_subscription,rule_single,True,1
conv_1503942,@AmazonHelp boa tarde. voces auxiliam em entrega que será feita pelos Correios?,non_english,rule_single,True,0
conv_319080,"@AmazonHelp my refund on
Order# 404-5098246-7969104 from @115850  not received over a month since pick up.",delivery_issue,rule_multi,True,2
conv_513522,"@AmazonHelp How many freaking times do I need to sign-in? I've checked the box, but each time I wish to check something, I have to sign in. Fix this.",account_access,rule_single,True,3
conv_300521,@AmazonHelp I was given a digital https://t.co/SDqnVMT9Ev gift card. is there any way to redeem it with my https://t.co/5WFTNlLYfO account?,billing_payment,rule_single,True,3
conv_641821,"Hi @AmazonHelp. I bought an electrical product on 4th October and it's stopped working properly. Can you help please, as I can't see an option of how to return on the website? Thanks for your help!  https://t.co/RjNcgtwVi5",refund_return,rule_single,True,8
conv_1112713,@AmazonHelp @118706 is giving me the run around. I have two packages that can’t get. I ordered prime because I wanted it by Saturday.,prime_subscription,rule_single,True,1
conv_1135229,Mais je commande chez vous pour recevoir mon colis le jour de la sortie et vous êtes pas foutus de le livrer à temps. @AmazonHelp https://t.co/2sEphxOsqV,non_english,rule_single,True,0
conv_163546,"@AmazonHelp Hola, por que  no dejais elegir la empresa de transporte en el proceso de compra?",non_english,rule_single,True,0
conv_790239,"@AmazonHelp No action taken on the delivery delay issue.13 days since order placed. Apathy 2wards nonprime members.😏
Cust service lies a lot",delivery_issue,rule_single,True,1
conv_2776337,@AmazonHelp I have been double charged and left penniless. The person I spoke to was worse than useless how do I make a formal complaint,escalation_needed,rule_multi,True,0
conv_709984,"@AmazonHelp hola, me han cobrado un recibo de Amazon prime cuando yo no he usado nunca el prime, como puedo solucionar esto?",non_english,rule_multi,True,0
conv_1677127,"Hey @AmazonHelp, I don't like being lied to. Don't have your people promise refunds for sending me damaged books, then go back on their word",order_problem,rule_single,True,1
conv_1544588,@AmazonHelp I can’t login to my account. It says to change my password so I do. Then it says password incorrect. Repeat and no change.,account_access,rule_single,True,2
conv_2717997,@AmazonHelp ça fait près d'1 semaine que j'attends Et qu'on me ballade sur le service client pour un colis : n° suivi 6Z00249608173 annoncé en livraison le 15 avant 20h!,non_english,rule_single,True,0
conv_946642,"@115850 My issue is still unresolved , can you please comeback on this @115851 @AmazonHelp my concern is already conveyed to ur CS Team https://t.co/sUV1lqm9Ol",escalation_needed,rule_single,True,2
conv_1953326,@AmazonHelp  I recently subscribed to prime and awaiting the cash back of 499.. please advice,prime_subscription,rule_single,True,1
conv_1558760,"@AmazonHelp @115850 
6200 rupees deducted from my atm card while adding money on amazon pay.",billing_payment,rule_single,True,3
conv_549542,@AmazonHelp I didn’t know a product didn’t have free returns - I assumed all prime items did. How can I get into contact with someone?,prime_subscription,rule_single,True,1
conv_350761,"@120533 @AmazonHelp @115821 @132743 Les colis qui se perdent dans les boites aux lettres des acheteurs, c'est toujours fameux ca ! @132743 , pouvez vous confirmer ? https://t.co/yLd8YjNC1B",non_english,rule_single,True,0
conv_679041,".@AmazonHelp  Still no resolution to my issue from your team, or even any offer of compensation. Just made my latest purchase off eBay Global Buy. Congratulations, @115850, you've just made me a loyal  @122599 customer. At least they know how to compensate their customers.",escalation_needed,rule_single,True,1
conv_2586326,@AmazonHelp email at 22.31 stating not able to source the item... go on amazon and here it is! I orderd this prime on monday.... explain? https://t.co/eOQFryFDzK,prime_subscription,rule_single,True,2
conv_1083232,"@AmazonHelp Just used online chat to ask a question about Prime billing. Tried to rate customer service after, but there's no submit button. https://t.co/fxO3DTMtz4",prime_subscription,rule_conflict,True,2
conv_2664646,@AmazonHelp J'ai besoin de votre aide sur un mail suspect suite à une commande.,non_english,rule_single,True,0
conv_2451307,"@AmazonHelp @115850 why am I being charged 1300 at an mrp of 478,doesn't that amount to cheating? https://t.co/TZGvB7sLM1",billing_payment,rule_single,True,1
conv_982933,"@AmazonHelp 
UPI payment option available?",billing_payment,rule_single,True,0
conv_879207,@AmazonHelp @115821 what about Amazon prime Kannada movies.. #wewantkannadamovies #amazonprime,prime_subscription,rule_single,True,0
conv_995405,"So I have the Echo Dot read off my calendar each day, and I have no idea where it’s getting event times from 🤷🏻‍♂️@AmazonHelp",technical_device,rule_single,True,0
conv_2578497,@115821 @AmazonHelp is the worst in responding to a package complaint,escalation_needed,rule_multi,True,1
conv_2166111,"@AmazonHelp Customer service reset password to allow same email with US &amp; AUS accounts. worked yesterday, but CAN’T LOG IN TO ANYTHING TONIGHT.   ?????",account_access,rule_single,True,3
conv_1071163,@AmazonHelp Hello can you please help me i purchased too many bits to twitch at sametime and now my account is locked by the german amazon.,account_access,rule_single,True,3
conv_1422837,Screw you @115830 @AmazonHelp - I tried to sell something and now you have LOCKED ME OUT OF MY ACCOUNT. HOW DO I GET BACK IN?,account_access,rule_single,True,9
conv_304374,How do I call a delivery person back??? They tried to deliver but I didn't see their call and I need it tomorrow @AmazonHelp,delivery_issue,rule_single,True,3
conv_2630062,@AmazonHelp Why have you renewed my subscription without notice and taken the money?,prime_subscription,rule_conflict,True,0
conv_1299401,@AmazonHelp I don't receive same phone . Local phone delivered by company . I will logge FIR against Amazon and team https://t.co/zHD6VOPQ56,escalation_needed,rule_multi,True,1
conv_1634652,Thanks @115830 @AmazonHelp for insisting you have delivered my ethernet switch and leaving me  £90 short! It ain’t here!,resolution_confirmation,rule_multi,True,1
conv_1243761,@AmazonHelp hello bought your new fire tv today. When watching Netflix the fire tv just restarts itself randomly? Happened 3 times tonight,technical_device,rule_single,True,2
conv_1383849,"@AmazonHelp contacted you about my echo. Was told someone would get back to me within 2 days. Over a week ago, heard nothing",technical_device,rule_single,True,2
conv_364654,"@AmazonHelp wrost services after 4 days no COD facilities provided , now going to quite Amazon, uninstalled Amazon app.
Good byee https://t.co/Euw7XEp1N4",non_english,rule_single,True,2
conv_428323,@AmazonHelp and now treating me for being an Indian customer by sending fraud emails from Amazon UK is really hurtful and somewhat absurd,escalation_needed,rule_single,True,0
conv_504915,"@AmazonHelp 1 order delayed. and another late, what am i paying for Prime for, you better get your act together.",delivery_issue,rule_multi,True,1
conv_2601540,"@AmazonHelp - my wife’s account is coming up as “locked, please check your emails......” but she hasn’t received any instructions. What does she need to do as she is doing my head in!! Many thanks. G",account_access,rule_single,True,1
conv_2763536,@AmazonHelp should I return first before the item if I get a new &amp; same replacement?!,refund_return,rule_single,True,3
conv_314380,"@119356 @115851 @115821 @AmazonHelp Mr Bezos, C d wrk㏌g of Amz IN.They don't th㏌k necsary even 2 acknwledge/reply Prime customer's complaints.So arrogance 4 a serⅵce proⅵder com. is NOT good.I'm go㏌g 2 CANCEL my order 405-3403223-0443514Commitment mea㎱ commitment !No Excuse Pʪ.",prime_subscription,rule_single,True,2
conv_173480,@AmazonHelp I can't sign on to my account. When I ask for a password reset no email comes with a code. Help!!,account_access,rule_single,True,1
conv_1307254,"@amazonhelp great you have a new distro center here but how can you screw up this bad? This is unacceptable, why do I pay for prime? @115821 https://t.co/Yd0QHXSqWR",prime_subscription,rule_single,True,0
conv_1432249,@115850  fraud against my order ORDER # 171-6754781-7118762..Again amazon not fullfill the commitments.@amazonhelp,escalation_needed,rule_single,True,5
conv_799647,@AmazonHelp if I order something on my prime membership that says nextday I'm confused how it now says 2 to 3 days?,prime_subscription,rule_single,True,8
conv_2381789,@AmazonHelp https://t.co/l4YSs7jxsJ,billing_payment,golden,True,4
conv_2422793,"@115821 @AmazonHelp @115850 .what kind of return policy given by #AMAZON my return is pending from 17-10-2017 till date kindly provide proper service else close the company.
Order no. - 405-7600107-4303564.
MOBILE NO. 9425936656",refund_return,rule_single,True,1
conv_2350862,"@AmazonHelp I'm looking at an item and it says ""Ships when available in 1-2 days."" Does that mean there's an estimated date for it to be  available? I have Prime. This is the item
https://t.co/eUdd6EGHDV",prime_subscription,rule_single,True,3
conv_834858,"@AmazonHelp prime account, ordered last Friday, keeps being “unexpectedly delayed” but you have them in stock on your website. Will I even be getting my order?",prime_subscription,rule_single,True,0
conv_2777491,@AmazonHelp I need help with a refund that was requested more than 10 days ago.,refund_return,rule_single,True,4
conv_2724534,"@AmazonHelp 

Amazon i need help i m very old amazon user and not even get free trial of amazon prime atleast provide me trial period of 2 days so i can spend rs 999 for amazon prime",prime_subscription,rule_single,True,2
conv_322299,"Hi there @AmazonHelp 
I won a Gift card and I'm unable to add it in Amazon money! 
Please help",billing_payment,rule_single,True,0
conv_206188,"@AmazonHelp I ordered something that stated it was be here in two days, which was Saturday. It was Prime. Now I look and it’ll be here Tues.",prime_subscription,rule_single,True,5
conv_1140940,"@AmazonHelp Can't login and having trouble resetting my password, can you assist?",account_access,rule_single,True,2
conv_872662,De sobresaliente la ayuda y actitud de @116928  @AmazonHelp. Ya podían aprender muchos otros... #AsíSí,non_english,rule_single,True,0
conv_2305743,"@AmazonHelp i need some assistance. My amazon account is locked, i provided all necesary documents. But i havent recived and email yet. Normally this wouldnt be a problem but i need to make an urgent purchase.",account_access,rule_single,True,2
conv_2283979,"@115850 @115821 @AmazonHelp
ORDER # 403-0674563-5641150
Ordered on 9th Nov NextDayDelivery
This order is Cancelled 
Do not to Subscribe #AmazonPrime wastage of money
@118702 Experience #SameDayDelivery Awesome
@118702 @4030 focus on service not on #Sales 
@15828",billing_payment,rule_single,True,3
conv_422307,"@115850 @AmazonHelp I was expecting my product to be delivered tomorrow but not received. Tracking id B47067172 is this, unable to track. https://t.co/dLPjr1Bu3g",delivery_issue,rule_single,True,1
conv_233482,@AmazonHelp I Was in Payment Page in Net Banking entered Login Details but The Page didn't Load up,account_access,rule_conflict,True,0
conv_1604066,@AmazonHelp Can't recover my account. My Password is crct. Even tried resetting the password. Password scsfully changed. Still can't login. https://t.co/OFQxIxCRUm,account_access,rule_single,True,2
conv_1238766,"@AmazonHelp Guys, I'm still waiting on my account to be unlocked. I've received an email asking me to supply a bank statement to confirm the use of a visa card. The visa card is a @141806 voucher, so I cannot provide the info you need.",account_access,rule_conflict,True,4
conv_105006,"@AmazonHelp my order shipped on Monday and was due today, the shipping info has nothing more than passed to carrier since the apparent dispatch. Ru able to look into this more? Thanks",delivery_issue,rule_single,True,1
conv_1723364,@115821 @amazonhelp I have an issue and why your service and support team isn’t supporting me ? Am I not a valuable customer to you ?,escalation_needed,rule_single,True,1
conv_1738930,@115821 @AmazonHelp  Mr Amazon fucking service i have purchase a blood machine till now i did not get my refund fuck,refund_return,rule_single,True,1
conv_99827,@AmazonHelp @115850 @115821 I want to know the return/refund time duration?,refund_return,rule_single,True,2
conv_2401321,@AmazonHelp I bought 499 rs amazon gv from zeta app if I bought membership through this gv will I get 250 cb ?,non_english,rule_multi,True,3
conv_278736,@132734 @115850 @AmazonHelp NoT FaiR DeaR TeaM PLeaSe UpDaTe SoOn,escalation_needed,rule_single,True,3
conv_2820477,@AmazonHelp can I get prime at 499 I missed earlier as I was unaware of hike and also on cash load how 20% calculated to the amount paid or left.... Please help your genuine customer.mail id- __email__,prime_subscription,rule_single,True,2
conv_2336971,"@AmazonHelp help please! Newest Fire stick update = the picture doesn't fit on the screen anymore, calibrating doesn't work #firestick",technical_device,rule_single,True,2
conv_2616383,@AmazonHelp Hi I emailed the customer service team on Sunday and have still not had a reply?,escalation_needed,rule_single,True,0
conv_629466,@115850 @115851 @AmazonHelp @115850 @115851  Agent pr agent change kr rhe ho without information msg and mail pr agent ka number kuch delivery agent koi aur..what is my product security disappointed,delivery_issue,rule_single,True,4
conv_752971,@AmazonHelp VISA DEBIT RETAIL PURCHASE Amazon.ca Prime 727831280489..... #Fraud,escalation_needed,rule_multi,True,0
conv_2279069,@AmazonHelp I got £10 free on my fire stick last week I redeemed it but can't see it anywhere? How do I check?,technical_device,rule_single,True,2
conv_423240,@AmazonHelp @120534  J´ai une commande en cours et un retard de livraison sur une commande premium de 3 semaines ! HELP !!,non_english,rule_single,True,0
conv_1338006,"@AmazonHelp Seit Mittwoch ""Zustellung heute"" - was ist denn los? (306-1933920-7614758 und 028-0766269-3589129)",non_english,rule_single,True,0
conv_266850,@AmazonHelp ¿Por que me sigue apareciendo ese mensaje? https://t.co/qw32fqLzVP,non_english,rule_single,True,0
conv_1258551,"@AmazonHelp you have flawed mechanisms unsuited to indian circumstances, update yourselves, i've been cheated of money by your people(contd)",billing_payment,rule_single,True,3
conv_2518036,"@AmazonHelp hola, es normal que haya realizado un pedido, pero aún no han realizado el cobro? Ya tiene 10 días, gracias",non_english,rule_single,True,0
conv_566697,@AmazonHelp what is the point of a Prime membership if my “guaranteed fast shipping” ends up being this?? https://t.co/YhaPZCcWg3,delivery_issue,rule_multi,True,1
conv_576468,@AmazonHelp I talked to your Indian customer support representative and he said that he is not able to find contact number of seller. Do you really verify sellers before registering? I'm unable to claim my warranty for order of crossbeats headphone as it stopped workng in 5 mnths,account_access,rule_single,True,2
conv_1875447,"@AmazonHelp Hi, I need to return an item that's defective but wasn't given the option to arrange a Hermes pickup .. can you help?",refund_return,rule_single,True,1
conv_2103637,"@AmazonHelp Buenas noches, me llego un paquete abierto de amazon y sin el producto adentro, me gustaría saber que puedo hacer al respecto.",non_english,rule_single,True,0
conv_741617,"@AmazonHelp Need a 'verify your identity' code, tried several times, nothing has arrived in 30mins. Help?",account_access,rule_single,True,1
conv_2236345,"@AmazonHelp When I told your employee Judith that, with her help, I was able to reactivate one of my Echo Dots, she exclaimed ""I am so happy!"" I appreciate the personable and highly-competent customer service this morning.",technical_device,rule_single,True,1
conv_726320,@AmazonHelp @115850 @115851 This is the real amazon. Think twice before using it. My money they cheated. Others please beware. Fraud https://t.co/mk3UE8HMl6,escalation_needed,rule_multi,True,1
conv_1559280,@AmazonHelp I got a WW2 Multiplayer upgrade pre-order incentive activation code from you but it isnt working on the call of duty website.,order_problem,rule_single,True,1
conv_593347,"@AmazonHelp guys, why is my wait for a replacement for a faulty item as long as you’ve made it? It isn’t my fault that the item is faulty.",refund_return,rule_single,True,4
conv_1057314,@AmazonHelp How do I make a formal complaint if the Customer Service is doing nothing?,escalation_needed,rule_single,True,1
conv_86013,@AmazonHelp I paid and ordered footwear and this is what you deliver??!!! I am totally disgusted and shocked! Give me a refund right now! #Cheaters https://t.co/l6tYHkUFzi,delivery_issue,rule_multi,True,7
conv_2762126,@AmazonHelp recently purchased a laptop which promised a cashback of Rs.3700+ in pay balance in 72hrs. Pls look into this. Account: __email__,billing_payment,rule_single,True,3
conv_909507,@AmazonHelp kindly check DM Team,escalation_needed,rule_single,True,3
conv_2471660,Purchased an N 99 Mask from @115821 Its broken and the product has no return policy. @AmazonHelp Could you take this up!,refund_return,rule_single,True,1
conv_985132,@AmazonHelp I would like to know if I can get 5.1 content with Fire TV stick.?,technical_device,rule_single,True,0
conv_158786,I tried to order a game to be delivered next day with Prime @ 5:10PM Friday - I have to wait until Monday?!?! @115821 @115830 @AmazonHelp https://t.co/XKqiOHvz6c,delivery_issue,rule_multi,True,1
conv_1195140,@AmazonHelp All I'm able to load is a weird html (sort of) page on yr site. Super annoying. Same on chrome/explorer/kindle/desktop/netbook,technical_device,rule_single,True,3
conv_746813,"@AmazonHelp my order is still not fucking delivered , I want a fucking proper service",delivery_issue,rule_single,True,0
conv_649726,"@AmazonHelp I have received a plastic gift card but have accidentally torn off part of my claim code, is there any way I can still use this with my serial number?",billing_payment,rule_single,True,2
conv_2832818,"AMAZON IS THE COMPANY OF MOTHERFUCKERS, BUYERS NEED TO PAY FOR THE MISTAKES OF THE SELLERS, @115821 @AmazonHelp @115850 #CustomerService https://t.co/zxKlRrmg28",billing_payment,rule_single,True,0
conv_697955,"@AmazonHelp If we pre-order a book and get a guaranteed delivery date, it's not cool to be told at 18:29 on that date that it's been delayed",delivery_issue,rule_conflict,True,1
conv_288193,@AmazonHelp @115850 do you not provide a complaint no after raising an issue? Or confirm the issue is raised? CCE Mr. hemant INFORMED SO,escalation_needed,rule_single,True,0
conv_133701,"@115821 This is unexpected response from your side, how can such a company keep customer's product. Its mean you have no tracing &amp; follow up facilities of any product, its untrustworthy response. Totally fraud case
@AmazonHelp @120320 @2517 @146140 https://t.co/DlWkihn9HS",escalation_needed,rule_single,True,2
conv_2950682,@115850 @AmazonHelp Disgusted with Amazon for sending a torn book which they tried to patch up with sticker. I an not taking the trouble to go through the return process at all . Let's see what you do as a reaction to such substandard service https://t.co/Xl1x7wSfby,refund_return,rule_single,True,3
conv_2742960,"@AmazonHelp @115850 i hv renewed by @119625 subs, but didnt get my cashback in Amazon pay... Why???",billing_payment,rule_single,True,0
conv_1552153,@AmazonHelp @115850 @115823 why did not get my money back in my account. It's more then 5 working day I have waited.. https://t.co/Z0sCz41P1y,refund_return,rule_multi,True,1
conv_2273445,@AmazonHelp hey I have just added 1200 into my Amazon pay account.. how do I pay using my Amazon pay balance??,billing_payment,rule_single,True,3
conv_954133,@AmazonHelp need help. Serious fraud transactions on my saved card with your company. Pls help.,escalation_needed,rule_multi,True,2
conv_1745036,"@AmazonHelp I’m having issues with Prime Music, on iOS. Songs not playing, searches hanging.",prime_subscription,rule_single,True,0
conv_51613,@AmazonHelp .. Team I am not satisfied with customers care services...  No help from ur end..  Regarding refund issues,escalation_needed,rule_multi,True,1
conv_1744062,"I’ve tried every way I can think of to get my account with @115830 unlocked, not they’re just ignoring me-please help me I just want to spend my money?! @AmazonHelp #amazon #worstcustomerservice #whywontyouhelpme
https://t.co/QIEikJ3i7h",account_access,rule_conflict,True,3
conv_414009,@AmazonHelp Replacement package not delivered. This is getting ridiculous. https://t.co/SPvizUE6Ty,delivery_issue,rule_multi,True,0
conv_1731593,@115850 @1141 @AmazonHelp Ty for listenin to my complaint.I got my bk tday in a nyc cardbd bx wid a sweet coupon bkmrk.Very happy!,escalation_needed,rule_single,True,1
conv_166423,"@AmazonHelp tried to buy an MP3 &amp; the following error comes up: ""We were unable to process your purchase with your current payment information. Please enter a valid payment method and an address which are both local."" - my payment method &amp; address are valid. Help?",billing_payment,rule_single,True,1
conv_2731222,@117795 @AmazonHelp you've emailed me saying I have requested #Amazonprime and a receipt for£159. I haven't this is not required. Take the money and I'll Sue!,billing_payment,rule_single,True,4
conv_575333,"@AmazonHelp i cant sign my account, it says ""Account Locked"". Can you help me?",account_access,rule_single,True,1
conv_1081382,"@AmazonHelp sto avendo problemi con un buono regalo su Amazon con 18 app.
Dopo aver creato il buono su 18app l'ho convertito sul sito amazon",non_english,rule_single,True,0
conv_2715201,@AmazonHelp @115850 you should give the option of sending Amazon pay balance to another amazon pay user or bank account.,billing_payment,rule_single,True,1
conv_2981917,"@AmazonHelp Hi, for Prime discounts on video games, are they only applicable for pre-orders or are they also applicable for new games within two weeks from the release date?",prime_subscription,rule_single,True,1
conv_1581366,@AmazonHelp hi! who can I talk to about amazon credit card questions?,billing_payment,rule_single,True,0
conv_894624,"Hey @AmazonHelp I just got charged my Prime membership fee twice in a row, one hour apart.",prime_subscription,rule_single,True,0
conv_158818,"@AmazonHelp @115850 
You can't stop me from giving genuine review. You charged me more than MRP of this product and now not allowing me to put genuine review. 

Then how buyers will know the reality of your site when reviews are selective? https://t.co/vIUFnAgjRG",billing_payment,rule_single,True,1
conv_854329,@AmazonHelp c’est la troisième fois que je trouve mon colis comme ça vos livreurs sont débiles ou quoi ? https://t.co/ojqIvALN2P,non_english,rule_single,True,0
conv_2532206,@amazonhelp I had purchased a smart band. The product is extremely pathetic and the replacement is defective. Tell me how to get the refund.,refund_return,rule_single,True,2
conv_2539583,@AmazonHelp bonjour j'aimerais changer le nom de facturation d'une commande svp,non_english,rule_single,True,1
conv_2310281,@115821 @AmazonHelp I don't think I've ever had as much complications and aggravations as dealing with your CS and this ridiculous 2 step verification I'm forced into. Now I can't login because my phone was stolen and thus can't get the code you keep sending. Ridiculous.,account_access,rule_single,True,2
conv_2468592,"@AmazonHelp Hey, how can I order something on my phone whilst not appearing on a Kindle, which my girlfriend now owns, seeing all my purchases?",technical_device,rule_single,True,3
conv_969254,"@AmazonHelp Hi, @118117 directed me your way for an Echo Dot code that doesn’t work. Code is E742-DL52ST-BWRAZB.",technical_device,rule_single,True,0
conv_2260769,Second #Kindle of mine @115821 bricks with an automatic update. How is that even possible? There's no test for updates? @AmazonHelp,technical_device,rule_single,True,0
conv_2784510,@AmazonHelp Why is the customer support line nothing but an endless stream of promotional offers now? At the end of a call it tells me to call a separate number. That number does nothing but misidentify me without any ability to correct. Prime is a waste of $,prime_subscription,rule_single,True,3
conv_712922,"@AmazonHelp Once again, your courrier has ""delivered"" a package that's not actually at my house.... second time I've had this issue with you",delivery_issue,rule_single,True,3
conv_774647,"@AmazonHelp Tech support calls are hard enough in English, speaking to people in the Philippines about a fire stick in nearly impossible.",technical_device,rule_single,True,0
conv_86186,"@AmazonHelp My wife bought a birthday print at home gift card &amp; when I downloaded it, it was a Happy Holidays card! Chat was NOT helpful. What can be done????",billing_payment,rule_single,True,1
conv_2347782,"@AmazonHelp I just placed an order, but  i realized the wrong card was the first one that was used, I've changed the card in the order status Which of my cards will be used for the order?",order_problem,rule_multi,True,2
conv_25004,@AmazonHelp had an email saying payment has been reversed but has been taken AGAIN this morning.,billing_payment,rule_single,True,1
conv_466666,"Cool, ordered a replacement for my last order that got marked delivered without actually being delivered (took a police report to get refunded!) and the new one didn’t show up either. I’m done @amazonhelp",delivery_issue,rule_multi,True,2
conv_2618173,Thanks @AmazonHelp for sending this CHRISTMAS gift that now my son has seen ! Raging!!!!! Who sends this like that with no packaging around it !? https://t.co/RAIxy29mFc,resolution_confirmation,rule_single,True,0
conv_2823114,"@AmazonHelp Bonjour, j'ai commandé un casque 2 fois (car le lendemain prix moins chère) et donc j'aimerais en renvoyer un (payé plus chère) seulement il risque d'arrivé tous les deux en même temps si je renvois n'importe lequel avec le bon de retour du plus chere c'est grave?",non_english,rule_single,True,0
conv_602311,@115851 @115821 @AmazonHelp dears I ordered 7 items last Wednesday all in stock when following up on shipping I noticed 4 weren't shipped although checking stock they were in stock now customer service are rude about me asking about my order which I was charged  this not good https://t.co/yVPV57o0c0,delivery_issue,rule_multi,True,1
conv_423829,@AmazonHelp Dear are you irresponsive.I asked about my order status of order number ORDER # 404-5940794-4552302. You have shipped it through,delivery_issue,rule_single,True,1
conv_2965284,"@AmazonHelp hello I want to send a gift to an american friend,  Im in the uk but Im worried about any hidden charges to pay",billing_payment,rule_single,True,2
conv_298423,@AmazonHelp  Why can't I buy and download the entire Outlander (by Diana Gabaldon) for my kindle?,technical_device,rule_single,True,0
conv_1523995,Anyone @AmazonHelp know how to get rid of this book. It's one of the free new prime books. I cannot delete &amp; stays queued been there ages. 😕 https://t.co/reKTv0IUi2,prime_subscription,rule_single,True,0
conv_758373,"@AmazonHelp waiting since last 3 days for the delivery of my order, still no update.. too much disappointed with the services..",delivery_issue,rule_single,True,2
conv_836161,@AmazonHelp  - I have raised return request on ORDER # 403-5632031-5850769. How to check the status ? And how to contact Amazon?,refund_return,rule_single,True,6
conv_2627665,@AmazonHelp Re: storage plan change. I have Amazon Prime; do I now pay $24.99/yr for photo storage in addition to Prime's annual fee? The information is contradictory/unclear. Thanks!,prime_subscription,rule_single,True,0
conv_2666878,@115830 @AmazonHelp perhaps you can shed some light on the situation as contacting the customer service team through the website has been very unhelpful,escalation_needed,rule_single,True,3
conv_1748614,@AmazonHelp I can’t find the option to cancel ITV hub in my amazon prime subscription.,prime_subscription,rule_single,True,0
conv_1125087,@AmazonHelp do you want to tell me why you have took £100’s of my money to be told “we have never had it we don’t know what has happened” 😀😀 ?? FRAUDS,billing_payment,rule_single,True,1
conv_607403,"@AmazonHelp Bringt #Alexa mal bei ""Alexa, spiele NIE wieder deutsche Musik"". Vielen Dank. :D",technical_device,rule_single,True,0
conv_522527,"@AmazonHelp I Want To Know Why I Can't Log In To My Account. I Reset My Password Already, But It Still Says It's Incorrect.",account_access,rule_single,True,4
conv_1259690,"@AmazonHelp hello, I sent an item back Monday,  which you have received however this is not showing as a refund?",refund_return,rule_single,True,1
conv_662669,@AmazonHelp why can’t Alexa routines turn my Hue lights off? It can only turn them on or dim them.,technical_device,rule_single,True,0
conv_1883241,@AmazonHelp hi how long does it take for pending verification to be processed,account_access,rule_single,True,6
conv_16477,"@AmazonHelp installed the alexa app,but it doesn't take my India address alexa weather gives me report of Seattle instead of Pune.",non_english,rule_multi,True,1
conv_2534545,"@AmazonHelp @115821.com @98233 It has been over 2 weeks since the 2 step verification process has not allowed 100s of 1,000s of Amazon sellers like me to access their seller accounts; thereby, losing potentially $100s. I've had it. I am contacting the media.",account_access,rule_single,True,5
conv_844091,"@AmazonHelp Dears, there are some transactions done on my credit card from Amazon, and I didn’t link this card to my account.",billing_payment,rule_single,True,1
conv_1738384,@115830 @AmazonHelp You've took £450 out of my bank account yesterday and still not dispatched my Project Scorpio!Thanks for robbing me.,billing_payment,rule_single,True,1
conv_348037,When did @AmazonHelp #Amazon customer service become so poor. Prime membership waste of money delyed packages false promises #badservice,prime_subscription,rule_conflict,True,4
conv_2241946,@AmazonHelp I’m registered on my laptop but not the mobile app. https://t.co/OqdFoQ0oe7,non_english,rule_single,True,3
conv_570809,@AmazonHelp do you guys see LiteCoin as a payment method any time soon?,billing_payment,rule_single,True,0
conv_1100586,@AmazonHelp I went to upload my release for the 28th the last hour of the 3 day deadline. I'm locked out. I have 1000's of readers who will get the 4 page placeholder. Can someone please help me. I'm desperate,account_access,rule_single,True,0
conv_273869,"@AmazonHelp :-  Terrible feeling team.being  prime member, Delivery from global store has brought such shame to me.really unprofessional.",escalation_needed,rule_multi,True,1
conv_1200964,@115821 @AmazonHelp Guy name Baidurya Phukan Ripp Amazon &amp; People money. Catch &amp; take action. I give more proof. He's from Guwahati. https://t.co/3fD6Rmu6Ek,billing_payment,rule_single,True,1
conv_392180,@AmazonHelp @115850 @115821 poor show no response. I returned prdct after no reply. They wasted 1 mnth. Poor srvc to prime member.,escalation_needed,rule_multi,True,0
conv_442874,@AmazonHelp hi! Do your prime subscriptions not run on a constant year to year basis?,prime_subscription,rule_single,True,0
conv_1008916,@AmazonHelp I received an item that was apparently a gift from Amazon. How did this happen? Do I get charged?,billing_payment,rule_single,True,0
conv_334903,@AmazonHelp I’m trying to reset my password. They sent a verification email but it doesn’t show up in my emails.,account_access,rule_single,True,0
conv_2069762,Hey @AmazonHelp can your account just magically link to someone's phone or do they have to put in the email and password?,account_access,rule_single,True,3
conv_479318,@AmazonHelp Hola. ¿Hay alguna forma de contactar con el mensajero para saber a qué hora tiene previsto hacer una entrega? Muchas gracias.,non_english,rule_single,True,0
conv_1737110,@AmazonHelp Hi. Who do I contact regarding a complaint? Your customer service team are unable to help me and won't transfer me to management,escalation_needed,rule_single,True,0
conv_317293,"@AmazonHelp my Alexa is flashing green and I asked her why said it’s an incoming call or to do with a drop in, can u help it won’t stop?",technical_device,rule_single,True,0
conv_2310287,@AmazonHelp if I cancel my amazon prime does my membership get cancelled straight away or does it continue and cancel before the next date that I’m supposed to be charged? @14249 @173744,prime_subscription,rule_conflict,True,1
conv_421353,@115850 @AmazonHelp This is the type of service amazon gives. Did not give my refund. Amazon makes mistake customers suffer. Filing a case https://t.co/BbgO5VeLBa,refund_return,rule_single,True,2
conv_2318246,"@AmazonHelp Hi, I sent my credit card statement more than 48hs ago and still no news from the account specialist",escalation_needed,rule_multi,True,8
conv_656847,"@AmazonHelp if payment done by credit card, and order cancelled. how and when refund ????",refund_return,rule_multi,True,1
conv_75830,The keypad on my Kindle fire has disappeared.  The whole thing seems locked.  Anyone out there who can advise? @AmazonHelp,technical_device,rule_conflict,True,0
conv_2290810,@AmazonHelp First @232617 order and not impressed. Ordered red wine received toffee liqueur. I understand mistakes happen but have been on hold for 12 min trying to get a refund...don’t think will be ordering again https://t.co/9zgE2nV5gY,refund_return,rule_single,True,4
conv_1623705,"@AmazonHelp hi, in trying to play blippi kids music on my Alexa but it won’t play it anymore, it just started within last few days",technical_device,rule_single,True,2
conv_2612306,"@AmazonHelp J’ai retourné un colis depuis presque 2 semaines mais il n’est toujours pas arrivé sur votre plateforme donc le remboursement ne peut pas être fait. Je soupçonne un vol du transporteur, j’ai la preuve du dépôt avec moi help merci",non_english,rule_single,True,0
conv_2461284,"@AmazonHelp Hey,Special Amazon promo offers not given to me when I was purchased a smartphone on great Indian sale period.I tried but amazon &amp; idea but no response yet. https://t.co/n7t8B5rPLA",escalation_needed,rule_single,True,2
conv_2603164,@115821 @AmazonHelp,billing_payment,golden,True,2
conv_2277875,@AmazonHelp How do I return a damaged item from 3rd party seller?,refund_return,rule_conflict,True,2
conv_295331,@AmazonHelp my parcel was meant to arrive today and it still hasn't?,delivery_issue,rule_single,True,1
conv_74750,@AmazonHelp I've got a payment about to go on out from my bank for £1 to amazon...i haven't bought anything for £1?! The last thing I bought was paid in full so...?,billing_payment,rule_single,True,2
conv_286332,"Hey @AmazonHelp, placed an order on 3rd for Prime delivery - still not arrived! Birthday present for today. What can you do?",delivery_issue,rule_multi,True,1
conv_2790427,@AmazonHelp hello I was wondering if I buy something with a credit/debit card and I don’t have the money at that time in the bank will i have to just pay my bank after I purchased my item from amazon,billing_payment,rule_single,True,1
conv_229978,@AmazonHelp we haven't received our cash back for shopping with you on 23/09/17 as we paid you by card please see to this as soon as possibl,billing_payment,rule_single,True,0
conv_2831628,"@AmazonHelp I really hope to get a replacement, if it's possible. Thanks.",refund_return,rule_single,True,3
conv_502534,"@AmazonHelp I wasn't provided with an 'Authorization Label' for my return, the site only gave me a postage label for the outside of the box. Does this mean the former is not necessary on this particular return or is this an error? (Amazon Locker drop-off)",refund_return,rule_single,True,1
conv_2142191,@AmazonHelp Hi I keep getting charged each month for no reason. How can I stop this?,billing_payment,rule_single,True,0
conv_836483,"@115850 @AmazonHelp Guaranteed 1-day delivery not done, hence cancelled the order. Now even after 7 days no update. Is the way you work? https://t.co/eVXGYpwulY",delivery_issue,rule_single,True,7
conv_43706,"@AmazonHelp Hi Amazon, do you have an e-mail address I could send an e-mail to regarding a return?",refund_return,rule_single,True,3
conv_995417,@AmazonHelp tem algum número que eu possa usar para ligar para a transportadora direct e combinar o horário da minha entrega?,non_english,rule_single,True,0
conv_593424,@AmazonHelp Hi I am meant to be getting my parcel by 8pm today and Hermes tracking says it will be delivered tomorrow. Can you chase for delivery or refund please? Thanks,delivery_issue,rule_multi,True,1
conv_2385471,@AmazonHelp what happened to prime savings on video games? No longer 20%savings on new releases? Looks like I'm cancelling #Amazonprime,prime_subscription,rule_single,True,2
conv_921206,"@AmazonHelp when will the return pick up happen? When I called the given number, person says someone else will come but he doesn't know who! https://t.co/LFrOyQOPuB",refund_return,rule_single,True,0
conv_789305,@AmazonHelp @115850 worst delivery experience..till now product not delivered full of false promises https://t.co/awKz5SonhM,delivery_issue,rule_single,True,2
conv_788253,"@AmazonHelp On my return, I don't understand ""3 copies of required commercial invoice"" and I'm not the only one https://t.co/tw2Y3au2YW",refund_return,rule_single,True,0
conv_674350,@AmazonHelp we have had a notice of delivery to our receptionist Ian yesterday. We have NO reception NO Ian and NO delivery. Tracking ID H80004607144 please help.,delivery_issue,rule_single,True,2
conv_1064856,@AmazonHelp Sir I haven't got the money I am call again and again to Amazon they always says to to wait for 2 days and so on .,billing_payment,rule_single,True,1
conv_704303,@AmazonHelp hey so I know add on items can only be bought with larger orders but I don't have to be a prime member right?,prime_subscription,rule_single,True,1
conv_80724,@AmazonHelp Amazon it's already more than 24 hours since I contacted you and yet still no response.,escalation_needed,rule_single,True,0
conv_2634845,how tf do you expect me to change my password if i dont know my current password 😑 @AmazonHelp,account_access,rule_single,True,2
conv_306907,"@AmazonHelp I made a claim against an order the seller cancelled, but have no idea whether I am actually getting my money back. Help please",refund_return,rule_multi,True,0
conv_603208,@AmazonHelp I have not received an order. It’s 2 weeks late and I’m having no luck with contacting the seller. Can you help please?,delivery_issue,rule_single,True,1
conv_1313902,@AmazonHelp  got locked out of my amazon account for irrelevant reason. already sent all required documents to unlock my account but,account_access,rule_single,True,0
conv_763607,"@AmazonHelp my account info was changed without my consent and in order to contact your support I need to log in which I can't do, any help",account_access,rule_single,True,1
conv_570785,@AmazonHelp How do I register a complaint against a delivery driver who says they attempted delivery but my home cctv cameras show they never came to the house - and we were in...?,escalation_needed,rule_multi,True,6
conv_11060,@AmazonHelp still have not received my package I paid extra for guaranteed next day. Won't do that again,delivery_issue,rule_single,True,2
conv_67443,"@AmazonHelp 
I bought a product in July. It's now broken. But there's no option to get a replacement or raise a complaint. What do i do??  !!!",escalation_needed,rule_multi,True,0
conv_1127958,@AmazonHelp Hi there... It's embarrassing that I filed a return 17th due to defective product.. However I am still waiting...,refund_return,rule_single,True,1
conv_2418446,@AmazonHelp I went to cancel my Amazon Prime membership as my free trial has expired &amp; was offered another 30 days free. Will this commit me to an annual membership or can I cancel again after the trial if I want to? Thanks!,prime_subscription,rule_single,True,2
conv_2302229,@AmazonHelp I want to cancel a pre-order but can’t find the option on the website to do so. Please help!,order_problem,rule_single,True,3
conv_2713173,@115850 @AmazonHelp @115851 Your so called prime is failed in Delhi to deliver just 1 shoes... After paying there is no clue whe the product is. Its showing delivered.. However i haven't received my item. Stop this prime if dont have guts and refund my money.,prime_subscription,rule_conflict,True,0
conv_425082,"On the phone w/ @AmazonHelp @115821 and not getting an acceptable explanation why Prime shipping for an ""in-stock"" item will take 8 days and ""one-day"" shipping takes a week. WTF? https://t.co/zaOTMiVtFL",delivery_issue,rule_multi,True,1
conv_1106451,@AmazonHelp Mr. Lokesh of Leadership Team from Amazon India Customer service ended our chat conversation and left without providing any help,escalation_needed,rule_single,True,2
conv_888372,"@AmazonHelp hey! it seems im having some issues login in, any help would be appreciated.",account_access,rule_single,True,2
conv_2297452,normal que le site es de la misère @AmazonHelp ?,non_english,rule_single,True,0
conv_293778,"@AmazonHelp Hello, I've just taken up a prime free trial, if I cancel now will my free trial continue until the end of the 30 days??",prime_subscription,rule_single,True,0
conv_563009,@AmazonHelp I’ve purchased various movies but only one looks bad when streaming. Why? Can it be fixed?,technical_device,rule_single,True,0
conv_2636949,"""My name is 'Sameer' and I am incharge of investigation team so you can go in nearest police station, my words are final "" 
That's the word by a @115850 @AmazonHelp exutive. And he is saying ""you can't do anything because you are a customer""
So thanks @115850 for helps.",escalation_needed,rule_single,True,1
conv_2371364,"Oye @116875 @AmazonHelp que onda con tu servicio, tu asistente del chat me dejó tirado sin darme una solución sólo abandono la conversación que puedo hacer",non_english,rule_single,True,0
conv_2283700,"Is this anywhere legal?? 
MRP changed &amp; Delivery charges applied when during checkout they didn’t apply. @115850 @AmazonHelp #cheats https://t.co/mrYVF3DXJC",escalation_needed,rule_multi,True,0
conv_387968,@AmazonHelp hi wondering what's going on with my refund still haven't received it 3 days on I usually get it by now,refund_return,rule_single,True,2
conv_1172163,"@AmazonHelp Ordered 14-Oct, AmazonCC asked me to wait till 17-Oct then 24-Oct and now 26-Oct to work on escalation for not receiving product https://t.co/nfPd3U003j",account_access,rule_single,True,2
conv_255484,"@AmazonHelp hii,i need u help.. why my account is locked after i checkout?",account_access,rule_single,True,6
conv_298989,WTH does delivery verification mean anymore? It's NOT on my porch. And tomorrow I'll watch the delivery person place it there. Like the last 2 times. @AmazonHelp https://t.co/NmmFJuYFHg,delivery_issue,rule_multi,True,0
conv_1305601,"@AmazonHelp if an order is suppose to be here tomorrow and I want to cancel it, can I just hit return?",refund_return,rule_single,True,2
conv_1322538,@AmazonHelp My https://t.co/GXVXNgh8mt  account has been locked for using my virtual debit card . Is using virtual debit card wrong?,account_access,golden,True,2
conv_581162,BITCH LET ME SIGN IN!!!!!! @AmazonHelp,account_access,rule_single,True,4
conv_2281571,"@115850 want to gift echo dot to my best friend, can you please send me an invite asap and help me to make her birthday (just a week left) special with Amazon's little masterpiece? @115851 @115821 @115833 @AmazonHelp",technical_device,rule_single,True,1
conv_441022,"@AmazonHelp I’ve bought a kindle book instead of a real book, can I change it please?",technical_device,rule_single,True,5
conv_2899660,"Hey @AmazonHelp, you are off my Christmas card list😡📦 https://t.co/s4biaDPOIu",billing_payment,rule_single,True,0
conv_1427877,"@AmazonHelp Bonjour !

Un de vos collègues doit m'appeler aujourd'hui, vous pouvoir savoir quand il va m'appeler ?

Les infos sont en DM ^^",non_english,golden,True,0
conv_1226569,"@AmazonHelp Oi, gente. (: Seguinte: quero muito comprar um Kindle hoje, mas tenho lido alguns relatos de problemas com aparelhos compra+",technical_device,rule_single,True,0
conv_2119243,Yet another terrible experience with @AmazonHelp team. Safe to say 9 years of prime membership is over.,escalation_needed,rule_multi,True,1
conv_52251,@AmazonHelp Having some issues with your jobs portal using social login with LinkedIn.,account_access,rule_single,True,2
conv_21905,Anyone here who has used Amazon Echo or Echo plus? How is the experience? Have a couple of questions that their @AmazonHelp rep doesn't know,technical_device,rule_single,True,0
conv_2468645,@AmazonHelp I ordered two items from your website but it's not come up on my bank account as a pending transaction?,billing_payment,rule_single,True,4
conv_317626,@AmazonHelp have ordered one plus 3t from Amazon sale on no cost emi. Now bank is charging amount with interest. What is the benefit of it?,billing_payment,rule_single,True,1
conv_494910,"bonjour @AmazonHelp et @132988 , le dépôt relais à refusé mon colis, qui était ""garantie livré"" aujourd'hui ? Comment ce passe la suite ?",non_english,rule_single,True,0
conv_970300,"@AmazonHelp It's 7 days since my last complaint about returning the phone . 
@115850 wants me to continue using this defective product.",escalation_needed,rule_single,True,0
conv_1080305,"@AmazonHelp Hello, one question. Bought two gift cards at GameStop. Will they apply to my preorder detail before Amazon charge and ship?",billing_payment,rule_single,True,1
conv_169618,@115830 @AmazonHelp Live Chat has to be the worst customer service I have ever received! Item hasn’t turned up after weeks now they have refunded the wrong amount! Seriously!? 🙈🙈🙈,order_problem,rule_single,True,0
conv_434430,@AmazonHelp top tip - I don't think it is and I want my stuff as well as a refund on my prime membership,refund_return,rule_multi,True,2
conv_379413,@115830 @AmazonHelp a random £1 payment from Amazon has come out of my account. Why? #help,billing_payment,rule_single,True,0
conv_2398268,@AmazonHelp how can I see when my prime account is due for renewal?,prime_subscription,rule_single,True,1
conv_2292138,Hola @AmazonHelp @116928 no me parece lógico que me hayáis entregado un paquete así. Espero explicaciones. #BlackFriday https://t.co/ALNUc7Symg,non_english,rule_single,True,0
conv_595757,"Dear @115821 and @AmazonHelp,
I have an order that was placed on 11/27 under 2 day shipping and i still havent recieved it, its currently at a UPS in my city but they wont deliever it, kind of upset about how long this taking, can you get it from them and deliver it today w/ AMZL",delivery_issue,rule_single,True,1
conv_728315,"@119356 @115821 @AmazonHelp Ordered Canon 80D with 18-135mm lens instead got 700D. Now after 15 days exchange/refund denied. 
Disappointing",refund_return,rule_single,True,2
conv_581926,"@AmazonHelp Hi , It's me again! so regarding my shipment which was in the custom , today i checked with DHL and they said it's not shipped yet which is weird! and i went back to the tracking page and i found this  ""Not yet shipped""

I meant what's happening here? Please advise?",delivery_issue,rule_single,True,3
conv_882543,@117634 @AmazonHelp Trying to buy Kindle unlimited yearly subscription but getting an unknown error everytime. Please help. https://t.co/QgKvjyRXLP,technical_device,rule_conflict,True,0
conv_2278690,@AmazonHelp messed around by a seller. They said they would refund but then not making any sense ? Can u help?,refund_return,rule_single,True,2
conv_677615,@115821 @281644 @AmazonHelp amazon has very worst customer support.. also we wont get connected asap.. they making us wait for very long time/disconnecting.. i have made a payment and now the product is cancelled..BS response from agents,billing_payment,rule_single,True,1
conv_752929,"@AmazonHelp I have an easier question about the Kindle Fire 7 for Kids, can I select apps from the computer to download on the kindle?",technical_device,rule_single,True,0
conv_1591763,@AmazonHelp will I not receive my South Park fractured but whole because of the hurricane #Ophelia  ? You better not be keeping me from FBW https://t.co/7a4IZUq6lu,account_access,rule_single,True,2
conv_1288174,Thanks for shipping me an empty box @115821 @AmazonHelp https://t.co/hQ8dE1DVLr,resolution_confirmation,rule_multi,True,0
conv_2728988,"@AmazonHelp 
I activated the Amazon Trial prime and £ 1 was deducted from my Visa card !",prime_subscription,rule_conflict,True,0
conv_140013,@AmazonHelp Struggling to see the point of having Amazon Prime if my item hasn't been dispatched 48 hours after my order was placed. I would love to have my new TV for Blue Planet on Sunday please,prime_subscription,rule_single,True,4
conv_2970565,"Hey @AmazonHelp how can I track my order when it's not on ""MY"" account? I can't login because our corporate purchasing dept bought it. Lil help?",account_access,rule_single,True,7
conv_1694500,@AmazonHelp We need to talk. Can you spare someone to give me a call? I have a kind of complaint/suggestion.,escalation_needed,rule_single,True,0
conv_365630,Trying to figure out how to get support for my son kindle fire kids edition. @AmazonHelp,technical_device,rule_single,True,1
conv_1439452,"i pre orderd an item on amazon. and now its telling me to review my payment method????
what @AmazonHelp",billing_payment,rule_single,True,1
conv_322606,Terrible experience with @115850 customer service and delivery service:@133929 !! Order #402-7304771-125872. #@115850 @AmazonHelp https://t.co/p4q9Cham0I,delivery_issue,rule_single,True,2
conv_641810,"@AmazonHelp me han enviado un libro usado, que no es de la editorial que yo quería con el código de barras tapado con una pegatina etc etc. Un desastre por no decir otra cosa.
Hay algún servicio de Amazon donde me puedan ayudar ?",non_english,rule_single,True,0
conv_1600994,@AmazonHelp I have a problem with a pre-order. Ive had to wait until release day today to be told it hasnt been dispatched.,order_problem,rule_single,True,2
conv_427010,"@AmazonHelp I canceled prime 3 months ago &amp; you guys charge me every month still, I call you guys refund me and say sorry then do it again.",prime_subscription,rule_conflict,True,0
conv_18120,I'm facing more bullshitting by @115850 Another package of mine is shown 'delivered' yesterday @AmazonHelp Somethings wrong at amazon...,delivery_issue,rule_single,True,4
conv_931434,@AmazonHelp I had £3 kindle credit when I signed up but now that I want to buy something it has disappeared. Why is that?,technical_device,rule_single,True,0
conv_641729,"@115830 @AmazonHelp see tweet above. Return me my money, deliver my goods I ordered and also return me the delivery fee your customer support thought they could sneak it to 'help' me!!! 😡",delivery_issue,rule_multi,True,1
conv_246440,"@AmazonHelp Buonasera, in Italia le spedizioni sono affidate anche a SDA? Causa sciopero ho di recente avuto inconvenienti e volevo sapere",non_english,rule_single,True,0
conv_468820,@AmazonHelp hi if you couldn’t deliver a parcel today will you try tomorrow or do I have to rearrange delivery?,delivery_issue,rule_single,True,1
conv_2531761,@AmazonHelp @115850 @115851 Return is intentionally not being picked up for last 5-7 days. Order 404-7148114-1043526.,refund_return,rule_single,True,1
conv_102904,Day 3# Day light Robbery by Amazon #Delivered Fake Bose Speakers #Not interested in replacing to orginal product #@115851 Solve my problem @AmazonHelp can't solve.They don't have power. @118342 @119341,delivery_issue,rule_single,True,2
conv_1936604,"Hey @AmazonHelp I saw I guy hurling packages over fences yesterday - Bill Kennedy near I-20, ATL - QA/QC much? https://t.co/sSkAuH2J49 https://t.co/r6iZvhlzK6",billing_payment,rule_single,True,0
conv_1418588,@AmazonHelp can I sign up for Prime Student if I already have an Amazon account?,prime_subscription,rule_single,True,0
conv_273861,@AmazonHelp Um what is the point of sending me a Fire TV Stick if the remote that comes with it DOESN’T WORK??! Battery change does nothing.,technical_device,rule_single,True,2
conv_1633341,"@115850, I have requested for one return and scheduled pick up time was 12th Oct 2017 (Thursday) between 15:00 to 18:00 hrs..@AmazonHelp",refund_return,rule_single,True,0
conv_2616351,"@AmazonHelp Hi, I pre-ordered the Pokemon Ultra Sun via yourselves and the day it’s supposed to arrived I received an email stating it won’t be until Monday now. Is there anything that can be done? It would have been quicker to purchase on release now rather than pre-order.",order_problem,rule_single,True,2
conv_1508665,404-3108289-2613901 order no Amazon fraud not refund my money while pickup is delivered to amazon warehouse @115850 @AmazonHelp @115821,escalation_needed,rule_multi,True,8
conv_2980981,@117634 bought a kindle in April. Stopped working after 3-4 months. U replaced for a refurbished one without telling it was refurbished and it doesn’t work fine either. I reported but no one at @AmazonHelp cares. Great experience and customer service,technical_device,rule_single,True,1
conv_440442,@AmazonHelp I am so sick of getting damaged books from Amazon .This latest one looks like it was used as a frisbee. No more!!,order_problem,rule_single,True,0
conv_499940,Por favor @AmazonHelp contratad a una empresa normal no a incompetentes para los envíos 😑 llevo toda la mañana en casa por culpa de @137605 para nada. https://t.co/0rBWMVkB9y,non_english,rule_single,True,0
conv_2551065,"Hey @AmazonHelp, in der Fire-TV-Stick-Bildschirmschoner-Diashow gibt es ein Bild mit dem Titel ""Elbe nähe der Region Böhmen, Schweiz""

Da ist irgendwas falsch. Entweder es ist nicht die Elbe, oder ihr meint die sächsische Schweiz.",non_english,rule_single,True,0
conv_357381,@AmazonHelp app on Roku tv pauses every min or two up to 2 or 3 min then repeats. Does this for every show. Tv has been factory reset.,non_english,rule_multi,True,0
conv_737172,"@115850 @AmazonHelp i purchased a mobile phone on 28th aug under zero cost EMI offer with 12 emi, now bank is asking full payment plz look",billing_payment,rule_single,True,4
conv_780624,@115821 @AmazonHelp  I think u ppl r so rude..that ur escalation team asked me that u can buy product from market...  #poorserviceamazon,escalation_needed,rule_single,True,1
conv_793321,"@AmazonHelp please look into USPS delivery in 11217 zip code. Parcels not delivered. Delivery notices not left. Tracking disappears into thin air. Consistent problems with USPS, it's a systemic issue in this area.",delivery_issue,rule_single,True,0
conv_528289,@115821 @AmazonHelp absolute cheating guys...u r selling defective products and multiple calls to customer care resulted in u people not being able to find my order details...to hell with amazon... fraud and cheating,escalation_needed,rule_single,True,1
conv_384750,"@AmazonHelp Hi amazon are waiting for me to return a package then they can replace it....i'm waiting for someone to pick it up,but when?",delivery_issue,rule_multi,True,3
conv_1693640,@AmazonHelp I've pre ordered Xbox One X with you and it still has not dispatched and the money hasn't been taken. Is this normal?,billing_payment,rule_single,True,1
conv_28902,"@115850 @AmazonHelp @115821 
I am Prime Member &amp; Paid an Order Using Pay Balance but got this as Refund for a Cancelled Order What's This https://t.co/vuy3mKbAX3",prime_subscription,rule_conflict,True,1
conv_737988,"@AmazonHelp 
Morons are seating at the customer care center, can't handle simple pickup and refund process... Amazon sucks",refund_return,rule_single,True,3
conv_1314594,@AmazonHelp I am slightly frustrated with the availed service.please contact me I have an issue.,escalation_needed,golden,True,0
conv_381413,@115850 @AmazonHelp Gt my firestick tv 10 days bk now power adpter stop working.Wn I askd 4 rplacemnt thy suggstd buy new1 later wl refund,refund_return,golden,True,1
conv_2923537,@AmazonHelp Please stop sending movies and video games out in padded envelopes. The protection is not sufficient and almost everyone of the cases arrives with minor cracks or chips. 3/3 were damaged in my last order. Boxes ftw. Thanks,order_problem,rule_single,True,3
conv_2408675,@AmazonHelp Amigos una pregunta. Perdí mi celular en el llevaba la cuenta E-mail de donde me registré con ustedes. Como le puedo hacer para que me digan el correo que registré?,non_english,rule_single,True,0
conv_2171916,"@AmazonHelp Day 3 of waiting for my Xbox One X Scorpio Edition, guess prime means nothing.😑 #XboxOne #Amazon",prime_subscription,rule_single,True,1
conv_2571337,@AmazonHelp I sent u private message yesterday.  Can u resolve the a-z harm to me from the repeated fraud perpetrated on your platform?,escalation_needed,rule_single,True,1
conv_1986332,@AmazonHelp Could you please help me reactivate my seller account? It keeps taking me in loops and I've already reset the PW,account_access,rule_single,True,0
conv_1818262,@AmazonHelp I ordered a gift card about an hour ago and it said it would be here within 5 minutes but it’s still not here,billing_payment,rule_single,True,0
conv_1415998,"@AmazonHelp @115850 
i want recived a wrong product your service is bad",order_problem,rule_single,True,2
conv_746774,"Bonjour @AmazonHelp , Impossible de me connecter à mon compte depuis aujourd'hui. J'ai changé de mot de passe plusieurs fois mais rien https://t.co/V23HWAxO0R",non_english,golden,True,0
conv_1398870,@AmazonHelp hi can you verify if my payment for an order same day went through?,account_access,rule_conflict,True,1
conv_2492212,Why did @115850 @118919 remove sorting options from their app? No more price sorting 😢 @AmazonHelp @115821 😒 https://t.co/aRQkAc6mov,non_english,rule_single,True,1
conv_1160661,"Man @AmazonHelp, #Prime ist aber sehr unzuverlässig geworden. Wieder warten... Wichtige Bücher hole ich mir jetzt woanders!!! 📚",non_english,rule_multi,True,0
conv_2733912,@AmazonHelp hello.. can u tell me why i received password assistance code on my gmail ?,account_access,rule_single,True,2
conv_572921,@AmazonHelp y'all deliver on sundays or nah? Cause y'all lost my package and I kinda need it for work tomorrow 😬😬😬,delivery_issue,rule_single,True,2
conv_627759,@AmazonHelp habe eben 2 Dinge zurückgesendet. Eines sollte mit Hermes &amp; eines mit DHL gesendet werden. Habe beides mit DHL - ist das OK? Denn Hermes habe ich innerhalb meines Umkreises keine Filiale.,non_english,rule_single,True,0
conv_389350,I love how well you hid my parcel it’s not like it’s expensive or anything @AmazonHelp https://t.co/7kyHqdliKB,delivery_issue,rule_single,True,0
conv_361382,@AmazonHelp when is prime not prime? When you receive something 48hrs later.. #badservice #sorryisntenough #prime #unhappycustomer,billing_payment,golden,True,4
conv_2810742,Dieser Moment wenn du begierig auf den Anruf vom Amazon Social Media Team wartest xoxo @AmazonHelp,escalation_needed,rule_single,True,0
conv_345482,"@AmazonHelp SF Hub is terrible &amp; rarely delivers Same Day packages. What's this ridiculousness, delay then falsely marked as delivered https://t.co/pswaiWKGXQ",delivery_issue,rule_single,True,1
conv_2150928,@AmazonHelp @117634 There is alignment issue in the kindle version of #HitRefresh. Please resolve.,technical_device,rule_single,True,0
conv_1424979,@AmazonHelp Why does this one item say it ships to my country on one device but on other devices it says it doesnt?,technical_device,rule_single,True,2
conv_861180,"@AmazonHelp My Kindle Fire HD 8 Tablet (bought in July) keeps crashing, while watching downloaded @129773 content. Help!",technical_device,rule_single,True,0
conv_2727070,@AmazonHelp How and where do I make an official complaint?,escalation_needed,rule_single,True,1
conv_1239357,@AmazonHelp damn it! Annoyed just trying to buy a DVD and it set up PRIME I don’t want this... cannot cancel it or even remove my bloody credit card details... please contact me to sort this out!,prime_subscription,rule_conflict,True,0
conv_1701066,@AmazonHelp ur email support team is useless. Creating more trouble rather than providing resolution. 1/n,escalation_needed,rule_single,True,1
conv_118745,Hello @115821 &amp; @amazonhelp We need an escalation of a fraud case. Someone is using our personal information and getting assistance from you is incredibly frustrating,escalation_needed,rule_single,True,5
conv_407925,@AmazonHelp Somebody got in my account and purchased some playstation giftcards on my card ending in 7310 and I want that to be refunded,billing_payment,rule_single,True,2
conv_717176,Thanks for fucking up my package and damaging one of my items. Much appreciated... @115821 @AmazonHelp,resolution_confirmation,rule_multi,True,1
conv_2110987,"@AmazonHelp @115850 @119625 Still waiting for my prime membership to reflect in my account. There is no major difference in #AmazonIndia and #Flipkart in terms of worse #CustomerExperience, I guess they competing in this too.

#AmazonEcho https://t.co/IZpkV2TK01",prime_subscription,rule_single,True,1
conv_884883,@AmazonHelp is there any way to hide folders from showing up in Prime Photos? I can hide individual ones but not whole folders,prime_subscription,rule_single,True,0
conv_287382,Poor Amazon India Delivery. No communication for not delivering #amazonindiabadcustomerexperience. @AmazonHelp @115850,delivery_issue,rule_single,True,2
conv_1010783,Thanks a lot @AmazonHelp for not delivering my package on time.........again!!!!,resolution_confirmation,rule_multi,True,1
conv_149202,Why is my Amazon Prime showing next day delivery as Monday?!  @AmazonHelp @115830  not been a good week as a Prime member 😐,delivery_issue,rule_multi,True,0
conv_783804,@AmazonHelp why has Amazon locked my account. How do I reach out to Amazon for resolving this?,account_access,rule_single,True,6
conv_538482,@AmazonHelp I've received a letter to tell me I'm eligible for another free month trial of prime video but when I follow the link https://t.co/v4AmrO7WVu it leads me to a page to sign up for a full subscription,prime_subscription,rule_single,True,0
conv_1637228,Amazon Prime Video is so confusing @amazonhelp,prime_subscription,rule_single,True,1
conv_1002919,@AmazonHelp was promised a refund but been couple weeks hasn't come through. Closed account so can't contact. What number can I ring?,refund_return,rule_single,True,1
conv_2303651,@AmazonHelp my husband e-mailed you. Still no response. They said 6 hours? #along6hours https://t.co/agIJgNHJXN,escalation_needed,rule_single,True,1
conv_257161,"Sometimes,refunding the money doesn't solve the problem. It's all about the need.Wastage of time #406-5454364-0037135
@115850 @AmazonHelp",billing_payment,rule_single,True,1
conv_318645,@AmazonHelp Order ID 403-4503589-7936334. I paid using Amazon Pay balance. Please let me know when I will be getting 15% Cash back?,billing_payment,rule_single,True,1
conv_1404766,".@AmazonHelp
.@115850
Haven't received the cashback for last 2 Amazon pay top ups though I was eligible. My email id is __email__.",billing_payment,rule_single,True,1
conv_1111339,1) @115850 @AmazonHelp.... One of the wrost service experience i ever had on any ecommerce platform.,resolution_confirmation,golden,True,3
conv_40410,@AmazonHelp Hi I’ve had a suspicious looking email claiming to be from Amazon confirming prime which I haven’t bought. Can I dm screenshot?,prime_subscription,rule_single,True,2
conv_21966,@1402 @AmazonHelp I ordered iPhone SE 128gb space grey and this is what was delivered. https://t.co/C2yRY0Xy84,delivery_issue,rule_single,True,1
conv_1301814,@116439 @AmazonHelp can’t find the link for Thursday night football on my fire tv in the uk,technical_device,rule_single,True,1
conv_138151,"@AmazonHelp Ich habe eine Blu Ray bestellt, die kam auch an, aber ich sehe nirgends den 1€ Gutschein für Amazon Video, der laut Aktion dabeisein sollte. (nicht das erste Mal bei DVD/Blu Ray Kauf)",non_english,rule_single,True,0
conv_2135590,@AmazonHelp I'm a prime member. I was wondering if the prime music and videos will work while I'm abroad? I'll be traveling to South Korea.,prime_subscription,rule_single,True,1
conv_280388,Social media is surely more responsive than call centres.Thankyou @AmazonHelp Twitter handling team. https://t.co/uO7jKiqpKs,escalation_needed,rule_single,True,12
conv_1598701,@115850 @AmazonHelp @115821 how amazon delivery did fraud that updated status as delivered to customer without issue d product. Ref. Scn. https://t.co/K52GDcAQyy,escalation_needed,golden,True,3
conv_2408696,"@AmazonHelp Bonsoir, 
Abonné Prime, j'ai précommandé chez vous un produit fin septembre. Il devait m'être livré ce jour, ce qui n'est pas le cas. Pouvez-vous m'assurer que je bénéficierai bien des services pour lesquels j'ai payé ? Je vous remercie.",non_english,rule_multi,True,1
conv_183067,@AmazonHelp you already has prepaid recharge option in Amazon pay India please add mobile bill payment option too. Thanks in advance,billing_payment,rule_single,True,2
conv_2911667,"@AmazonHelp hey. I tried to login and it says ""we cannot find an account with that email"". I sent a scam email I got to stop-spoofing@amazon",account_access,rule_single,True,1
conv_447153,"@115830 @AmazonHelp 12 days since placing my order and no delivery, meant to be delivered last Friday, didn't arrive, tracking then said sorry will be delivered by today, today still no package. What is going on?",delivery_issue,rule_single,True,3
conv_361375,@AmazonHelp So @118706  failed to deliver an item and marked it as delivered. What should I do?,delivery_issue,golden,True,0
conv_2245412,"@115821 @AmazonHelp ordered a TV from you guys, arrived broken. Called to return, was told I was get a refund and could buy a new one. Went to buy a new one and it won’t ship until february? Surely there’s something you can do about this",refund_return,rule_single,True,1
conv_2298427,@AmazonHelp hi. I put a purchase in with amazon UK yesterday night and it said it’s been declined however I’ve got 2 serperate amounts coming out of my bank? Any idea what’s happening? The money was in there but I’m now £24 odd down,billing_payment,rule_single,True,0
conv_2543901,@AmazonHelp Amazon I am not sure why my query is not being followed up. I am feeling frustrated as my request for Kindle Replacement hasn't been carried out. I contacted customer care twice yet no one has come back!!,refund_return,rule_multi,True,1
conv_2882645,"@AmazonHelp Hi, How many work days are needed to complete a payment of an order with all items in stock?

This order to @116316 since 26-Nov isn't dispachet or complete the payment yet! Thanks! https://t.co/YRkZNEHgMF",billing_payment,rule_single,True,1
conv_2273457,"@AmazonHelp Can I sign up for student prime as I have an NUS card but I'm only 17? Surely if I have an NUS card, I should be eligible for student prime?",prime_subscription,rule_single,True,2
conv_1249713,Pls enable cast options for Prime video😒😒😒 @AmazonHelp @117795 @115850,prime_subscription,rule_single,True,0
conv_590005,"@AmazonHelp bonjour, j'ai un problème

Hi, i've got a problem",non_english,golden,True,0
conv_98812,"@AmazonHelp @115850 @115851 doing fraud.
Sending currior with same agent &amp; its delayd always.When call,Promise of action but no action.",escalation_needed,rule_single,True,10
conv_2704909,"@120533 @AmazonHelp  Livraison en 1 jour au Luxembourg avec Prime, dispo ou pas ? L’option ne s’affiche pas sur les adresses au Lux. https://t.co/dxViwQCtTx",non_english,rule_multi,True,0
conv_1748151,"@AmazonHelp @123813 @116875 para cuando estará disponible  fire tv stick basic edition en México?, ojalá sea en #ElBuenFin !!!",non_english,rule_multi,True,0
conv_17234,Going to take this in the consumer court...total fraud from amazon @AmazonHelp i will sue you guys for this ... https://t.co/R8hCqnIS4i,escalation_needed,rule_single,True,1
conv_1298489,@amazonhelp @116090  contact page on amazon goes to login and the issue is login. Illogical much?,account_access,rule_single,True,1
conv_2826471,"@AmazonHelp Hej, I ordered a Nintendo Switch as part of the Cyber Monday deal. I got though and placed an order but you cancelled it as you had a problem with my card. Do I have any rights to re-order or do I just lose out? The site says I did 'claim the deal.'",billing_payment,rule_single,True,0
conv_899496,@AmazonHelp Warum gibt es auf dem iPad seit dem neuesten Update der App nur noch die vertikale Darstellung?,non_english,rule_single,True,0
conv_523414,Echo stopped working and @AmazonHelp basically told me tough luck.  So disappointed in customer service.,technical_device,rule_single,True,4
conv_948450,@AmazonHelp finally got my invite for the #EchoLook - wondering: can you have multiple user profiles on one device? i.e. me + my boyfriend,technical_device,rule_single,True,0
conv_2542948,"@AmazonHelp hi, my prime membership ends today but have two epsiodes of lucifer still to watch which I downloaded. Will I lose these",prime_subscription,rule_single,True,1
conv_1399374,"@AmazonHelp received 20₹ instead of 101₹ for recharging Jio using Amazon pay
My email: __email__",billing_payment,rule_single,True,1
conv_2633217,"@AmazonHelp reset my passwords 3 times, still not be able to log in. Please help.",account_access,rule_single,True,1
conv_2361879,"@AmazonHelp Hey guys - I've been trying for a month to get information about Amazon Prime Video Australia, can you please help? I've gotten no answer",prime_subscription,rule_single,True,0
conv_1862531,@AmazonHelp how do I add a gift card to a pre-order I’ve already made?,order_problem,rule_multi,True,0
conv_1328609,@AmazonHelp The bigger you are the worst the service ordering from prime a crapshoot deceptive ishipping info unexplained delays not worth $,prime_subscription,rule_single,True,1
conv_2852083,@115850 @AmazonHelp @115821 attached pics clearly showing the fraudulent by amazon. https://t.co/lIuCZhYIPI,billing_payment,rule_single,True,1
conv_1031549,"@AmazonHelp  @115850 My office was closed due to Diwali holidays and I did not receive any this item.
Bewildered!
Pls revert urgently. https://t.co/MuNZsKO4mV",account_access,rule_single,True,1
conv_1786641,.@115821 @AmazonHelp PLEASE allow customers to opt out of USPS deliveries. I would honestly pay more than to deal with those scammers. smh.,billing_payment,rule_single,True,1
conv_63811,"@115821 @AmazonHelp Thankyou very much sir, for ur concern about my problem. As you mailed me for my account details i linked it with my account. Please have a look and talk to ur investigation and bank team to make my refund process fast.",escalation_needed,rule_multi,True,7
conv_65751,"@AmazonHelp pls help to get my parcel delivered,no response ,no contact details shared , don't Kno when I get my order :(.",escalation_needed,rule_multi,True,11
conv_2176675,@AmazonHelp hi! I ordered something yesterday and I have prime so I was told it would be here today! However it still hasn't even been dispatched yet? Help!,prime_subscription,rule_single,True,3
conv_1543261,2 orders in a row @AmazonHelp? I’m done with Prime. Cancelled https://t.co/8CwKUSWKxm,prime_subscription,rule_single,True,1
conv_934408,@AmazonHelp @115821 No service at all then y u people r charging extra 4 prime membership? Any answer? https://t.co/1x4hchd7Ky,prime_subscription,rule_single,True,3
conv_1085148,"@AmazonHelp J'ai une livraison prévue avant 20h, il est 19h57, le livreur arrive dans 2 minutes ou encore une commande foirée?",non_english,rule_multi,True,0
conv_2397040,@AmazonHelp Can't get beyond this screen for 3 items on Amazon Business. Gift card (Samsung Pay promo) verified. Credit card loaded. Help? https://t.co/E5MeA32lGS,billing_payment,rule_single,True,1
conv_739715,@AmazonHelp just an FYI if you are going to offer nfl Thursday streaming make sure it works. Mine just buffered forever last week. #norefund,technical_device,rule_single,True,0
conv_140038,5 días para entregar un paquete de @AmazonHelp que tenía compromiso de entrega de 24 hrs a través de @137605 ya sabéis en quiénes es mejor NO confiar vuestros regalos de Navidad a no ser que los queráis en verano.Vergonzoso.,non_english,rule_single,True,0
conv_2815542,"@AmazonHelp I've now received the wrong product twice in a row. The first time I was told that I had to return the incorrect item and place a brand new order. Did that, now I've received the incorrect item again. How do I resolve this?",refund_return,rule_conflict,True,1
conv_2471672,"@AmazonHelp help - my account seems to have been wiped, none of my previous orders or Prime membership are on there anymore. What should I do!",prime_subscription,rule_single,True,5
conv_2798350,"@AmazonHelp you gotta get your shit together here in SoCal, two orders and this second one is damaged on arrival",order_problem,rule_single,True,2
conv_856569,@AmazonHelp @115850 my email id __email__ i hd added money frm bank bt nr able to access accnt. pls help,billing_payment,rule_single,True,4
conv_1737600,@AmazonHelp @115850 Wrong image used for the wrong product name. Electric heating pad is the description. https://t.co/pRGWkuQl6o,order_problem,rule_single,True,1
conv_230840,@116439 Can I use someone else's @116618 on my fire stick? @AmazonHelp,technical_device,rule_single,True,3
conv_420791,@AmazonHelp hi i was gonna pre order wwe2k18 deluxe edition 4 playstation 4 but it says unavabile,order_problem,rule_single,True,1
conv_2294242,@AmazonHelp I cannot access my account - I have 2 accounts w same email from long ago. Can't reset my password for my account that has prime,account_access,rule_multi,True,0
conv_497276,@AmazonHelp @115830 I ordered something via Amazon Prime midday on Friday 24th November and still have no goods. Tracker says “dispatched for delivery tomorrow” but has said this since Monday 27th November. Please can you advise?,delivery_issue,rule_multi,True,1
conv_362052,@115830 I add over £20 worth of items eligible for free UK delivery. You're still trying to charge me £3.99 though?! @AmazonHelp #Why 🤔,delivery_issue,rule_multi,True,2
conv_1610994,"@AmazonHelp merci pour la livraison rapide. Par contre pour offrir ça risque d'être délicat, vu l'état... https://t.co/2L4RQoqFZb",non_english,rule_single,True,0
conv_1061385,"@AmazonHelp Mi cuenta fue bloqueada y me pidieron enviar unos fax al 206-266-1838, pero vivo en Colombia y acá los Fax no existen hace mucho",non_english,rule_single,True,0
conv_1301223,"@AmazonHelp I forgot to cancel before my free trial ended. It says ""Prime Membership has been suspended"" but it won't let me End Membership.",prime_subscription,golden,True,0
conv_2042088,@AmazonHelp is Audible free with a Amazon Prime membership? It’s only letting me download one audio book and I have prime.,prime_subscription,rule_single,True,1
conv_108255,"Wofür bezahle ich eigentlich meine Prime-Gebühr, wenn es teilweise fünf Tage dauert bis ein Paket ankommt? 🤔 @AmazonHelp",prime_subscription,rule_single,True,0
conv_847789,@AmazonHelp hi - I just received this email but I don’t have an amazon prime subscription I don’t want to open it as it might be spam https://t.co/iwHILmNedl,prime_subscription,rule_single,True,0
conv_2852103,@AmazonHelp um??? you guys charged me twice in less than a min for prime which i didnt even sign up for??? help.,prime_subscription,rule_single,True,1
conv_788224,"@AmazonHelp Amazon delivery is very poor for “Prime members” also DO NOT BUY PRIME service , still not received product from 7 days.",delivery_issue,rule_multi,True,1
conv_2980923,No pick up for return order for 6 days. @115850 @AmazonHelp,refund_return,rule_single,True,2
conv_238917,Hi @115850 the payment for a recent order did not go through earlier but now the money has been debited twice. Kindly help. @AmazonHelp,billing_payment,golden,True,6
conv_811618,@AmazonHelp due to a billing address mistake and though I tried to rectify it have received no confirmation and have no way of following up! https://t.co/SVvi9Y4W4U,billing_payment,rule_single,True,3
conv_317634,@AmazonHelp hi ordered something on 16/08 still hasn't arrived. Messaged seller 3 times with no response. 👎,escalation_needed,rule_single,True,1
conv_2213722,@AmazonHelp I have a question about the codes I will be receiving for the pre order of EA Star Wars Battlefront 2.,order_problem,rule_single,True,3
conv_1384849,I never ever experienced so much customer service frustration than now with @115830 @AmazonHelp #amazon protect team. 1/2,escalation_needed,rule_single,True,1
conv_1100616,@AmazonHelp @115850 @115821 @115823 i did my jio recharge through amazon pay but idint get any cashback.. bt my recharge includes rs90 cashback. please look at this.. order id: 171-8667826-0846752,billing_payment,rule_single,True,2
conv_527626,@AmazonHelp  Im really getting mad. Im out $30 . first you say you cant send my package because of payment even tho u took it and i have proof . you you cancel my Prime membership that i also have proof. why are you stealing my money,prime_subscription,rule_conflict,True,0
conv_287863,"@AmazonHelp hi, I cant get amazon prime video 2 play on my Nvidia shield, the app was preinstalled but keeps saying ""a problem has occurred""",non_english,golden,True,0
conv_2532192,"@AmazonHelp Hello, you are charging me on my credit card AMAZON DIGITALSVCS and I do not have that service",billing_payment,rule_single,True,0
conv_407435,@AmazonHelp Got an email saying today's order was cancelled because it was fraudulent. But it wasn't. How do I reinstate the order?,billing_payment,rule_single,True,2
conv_793854,"@AmazonHelp had apparently cancelled my replacement request for the G80 🤔
Sent a new request, hopefully this time it works.",refund_return,rule_single,True,0
conv_1240540,"@AmazonHelp my order has been picked since 24th and the product has still not reached your warehouse and because of that your team is not refunding my money. Its been 18 days now and the service is just pathetic, i am just given fake dates.",escalation_needed,rule_multi,True,2
conv_684710,"@AmazonHelp ""Amazon doesn't contact customers and say the price went up and we'll need to take the difference from the one you've ordered"" Great way to start the Holiday, I expected better from your customer service team.",escalation_needed,rule_single,True,2
conv_2645610,"@AmazonHelp I need immediate assistance for a $107.89 charge that I did not authorize. You took $$$ from my social security &amp; preventing me from getting medications, or food",billing_payment,golden,True,0
conv_434470,"@AmazonHelp a parcel was supposed to arrive by the latest Saturday and it still hasn’t arrived, please help locate it as I’m waiting",delivery_issue,rule_single,True,1
conv_160242,"@AmazonHelp Hi, I’ve just ordered an Amazon Fire stick. But notice you’ve also taken £1.00 out of my account on a separate transaction. May I ask why ? Thanks",technical_device,rule_single,True,0
conv_2615171,"@AmazonHelp hi, who can I speak with to make a complaint about an order made via primer which hasn't been delivered on time and I'm advised by a courier who delivered half an order that it will now not be delivered on time?",escalation_needed,rule_multi,True,1
conv_2850613,"@AmazonHelp Got an email confirming a returnless refund had been processed as a gift card balance, about 3 hours ago, and not yet showing - Just as query, roughly how long should I give it before becoming concerned?",refund_return,rule_multi,True,4
conv_2828046,@AmazonHelp Someone is spamming my phone with SMS verification codes.,account_access,rule_single,True,5
conv_695201,"@115850 @AmazonHelp If re order 4087261960-8669144,d bank debits accont, BT Amazon says ""payment declined' shd Amzn pay Rs5000 as damages?",billing_payment,rule_single,True,1
conv_2602211,"@AmazonHelp 5 times this month deliveries have been delayed does prime mean nothing now 
One was ment to be here today 17th now says 17th-22nd",prime_subscription,rule_single,True,4
conv_533243,"@AmazonHelp your delivery driver that was bringing my package didn't even bother to knock on my door and then claimed delivery was unsuccessful, I spoke to someone on customer services who wasn't helpful, this has really annoyed me and I will be reviewing my account with Amazon.",delivery_issue,golden,True,1
conv_280348,"@115850 @AmazonHelp @115850 day 9. No response.. option for u 
1) return me my prime lost inventory 
2) pay me for it 
3) i need to go legal ?",prime_subscription,rule_conflict,True,0
conv_2887959,@AmazonHelp hi not sure if you guys are the right account but my fire stick is no longer working #help tried the usual things but no luck,technical_device,rule_single,True,1
conv_314015,"Dear
Amazon team i call continue amazon hepline no but disconted call
Today now call me back
9773388355
7666616852
(1)@AmazonHelp @115850",escalation_needed,rule_single,True,3
conv_455531,good thing I pay for prime just so my order can arrive late 🙄🙄 @115821 @AmazonHelp,delivery_issue,rule_multi,True,8
conv_848208,@AmazonHelp sent DM about an item I have no idea on if I cancelled successfully or not.Please respond.,refund_return,golden,True,1
conv_1415195,"@AmazonHelp Help! It appears Alexa ordered something I’ve never even looked up before! And, overdrafted my acct!",technical_device,rule_single,True,1
conv_1395580,Why does it take 5 days for prime item to ship when is supposed to be 2 days.Why pay extra for prime when the perk doesn't work @AmazonHelp https://t.co/ogPYS6HKeS,prime_subscription,rule_single,True,2
conv_2205545,"@AmazonHelp When will I be able to access my account, already suffered lot of loss case - 4505724421, __email__ no reply",account_access,rule_single,True,1
conv_1266424,@AmazonHelp I forgot my password for my account (__email__) and every time I reset my password I got this msg,account_access,rule_single,True,1
conv_2023107,"@AmazonHelp 
A completed order was made before few hours but nothing deducted from the credit card?! is this normal situation?",billing_payment,rule_single,True,3
conv_1156690,@AmazonHelp  been waiting on a refund from you guys since Friday do you know how long this will be,refund_return,rule_single,True,1
conv_2702081,"@AmazonHelp I've been locked out of my account and it says to check my email for instructions, but I haven't received an email telling me how to get back into my account",account_access,rule_single,True,4
conv_2723936,@AmazonHelp Why am I unable to login ? Why no response from Amazon after filing complaint ?,escalation_needed,rule_multi,True,6
conv_1750495,"@115821 @AmazonHelp hey i did not use prime and i got charged.

please cancel my prime and refund me that i got charged yesterday.",prime_subscription,rule_conflict,True,4
conv_1287240,"Hi @AmazonHelp, I was wondering if I should be worried about my current pre-order. The title is due for release on Friday. https://t.co/ypGg5xxtlz",order_problem,rule_single,True,1
conv_1256965,"@AmazonHelp What is the refund status of Order# 406-8719185-6477969? 

It's been 5 days and I do not have any updates.",refund_return,rule_single,True,2
conv_2550280,"Also wird das Spiel doch nicht mehr heute verschickt??? Langsam echt frustrierend, da schon 22 Uhr 🙃 @116316 @AmazonHelp",non_english,rule_single,True,0
conv_503495,@AmazonHelp guaranteed one day delivery turns into a week later cause of a courier that is obviously terrible by looking at your page. I have 16 Xmas gifts for my team for a party tomorrow in their warehouse and they won’t answer the phone.,escalation_needed,rule_multi,True,2
conv_2891917,@AmazonHelp How come I can’t use my £10 promotional credit you gave me to buy a gift card! How daft is that!?,billing_payment,rule_single,True,1
conv_2350894,"@AmazonHelp @115821 75% of my recent orders have arrived late and your chat team has no answers.  Amazon used to make my life easier, now ordering from Amazon is #WorseThanComcast",escalation_needed,golden,True,4
conv_451879,"Thanks @AmazonHelp for wasting my entire day waiting for a parcel.  Ordered Tuesday with my Prime membership, guaranteed delivery today.  Tracking showed as out for delivery this morning.  9pm your tracking now says Dec 1st-4th.  Hardly Prime service.",resolution_confirmation,rule_multi,True,3
conv_2797209,Hey @115821 @AmazonHelp  can y’all help me understand why my prime items are gonna 4 days to get to me instead of the 2 days that I selected ?  Please 😔,prime_subscription,rule_single,True,2
conv_575943,"I am really dissatisfied with Amazon for having given me a refurbished model of Note 8 twice, even the replacement issued was refurbished.  I really hate to say that being an Amazon prime customer, hasn't paid back off much.
ORDER1 # 114-1472962-1281006 @AmazonHelp",refund_return,rule_multi,True,4
conv_2555174,"@AmazonHelp Care to explain why you've cancelled 4 consecutive orders I've made this week, each time telling me the problem is fixed (via a useless automated response to my detailed complaint) and then doing the same thing over and over again?",escalation_needed,rule_single,True,4
conv_2192614,"@AmazonHelp Please help with my account. Amazon is taking money and leaving my account in zero balance, amazon has promised a reimbursement and now they are backing up",billing_payment,rule_single,True,8
conv_1129290,Hi @AmazonHelp! I used my personal account to buy a book that I want to read on my work ipad w/ work account. Can we fix this? Tnx!,resolution_confirmation,golden,True,2
conv_126038,"Impress with fraud done by @115850 @AmazonHelp,Amazon india site show price higher then MRP,please look at below screen shots.I ordered from amazon india only.
Amazon price(MRP):-145
Real price:-135 https://t.co/B9ujhlR4DF",escalation_needed,rule_single,True,1
conv_683833,Sir/madam I have been cheated with the product as I have not got my mobile inside the box..I have made the payment..when I contacted customer care they r not ready to help me.is this the service of Amazon..@AmazonHelp,billing_payment,rule_single,True,2
conv_897093,"@TwitterSupport @115821 @AmazonHelp 
The artwork for my new Paperback edition isn't showing like my Kindle is. Can you help please? Thanks.",technical_device,rule_single,True,0
conv_1467437,@AmazonHelp Surely as a Prime member I should be able to get an item delivered before Monday. Not sure what I pay for anymore when the service has deteriorated so much,prime_subscription,rule_conflict,True,0
conv_2002564,Qué espere al 3 a quejarme? Sí hoy no recibo solución de @AmazonHelp y de @137605 cancelo paquete. Buscaré  producto en otro lado.2/2,non_english,rule_single,True,0
conv_1506315,"@115821 @AmazonHelp 

I forgot my password to get into my Kindle account. Now,  you want me to contact Customer Service. 

But when I try,  you tell me to log in again.  How can I log in if you've locked me out????? 

This is stupid.",technical_device,rule_conflict,True,4
conv_918907,@115850 @AmazonHelp in trouble plz help need bill for invoice no IGHyd71527819315594 (jay parkash joshi) jan-2017 https://t.co/HF72O7BXTi,billing_payment,rule_single,True,1
conv_486823,"@AmazonHelp @115850 
The order #408-4782919-2477933 is out for delivery,but no response from amazon delivery agent .kundly help us with this.
Tracking id :911149840801",escalation_needed,rule_multi,True,3
conv_27826,@AmazonHelp I’ve found a parcel at my door that’s not mine.Googled address and it’s not recognised. How do I return it ?,delivery_issue,rule_multi,True,1
conv_1210196,"@AmazonHelp Hello, I accidentally purchased the full price prime and I am still a student, could someone help me please?",prime_subscription,golden,True,1
conv_511674,Thanks a lot @115830 for failing to deliver 3 items today that were ordered on Thursday morning with Prime next day delivery without even emailing to say they wouldn't be delivered. Worked from and everything to be in for them. @AmazonHelp https://t.co/2TK22HCzyN,resolution_confirmation,rule_multi,True,0
conv_694385,"I have talked to customer care they are not helping me as it is self returned its really pissing me off 
@115850 @AmazonHelp",refund_return,rule_single,True,12
conv_2317393,@115850 @AmazonHelp AWB237287734643 ordered an electric  kettle but has stopped working early. The return policy isn't responding. Customer service isnt solving the issue. Pls respond at the earliest.,refund_return,rule_single,True,5
conv_1271554,"@AmazonHelp hi, i got an amazon fire tablet as a gift and i just signed up for it with my card and personal info. will i be charged for amazon prime since its included on my tablet?",prime_subscription,rule_single,True,3
conv_471541,"@AmazonHelp just sent me a refund for the wrong item, at the wrong price 😶",refund_return,rule_conflict,True,3
conv_2754669,@AmazonHelp The email ad that Amazon Prime just sent was very confusing,prime_subscription,rule_single,True,0
conv_1672886,"@119356 @AmazonHelp @115850 Hey AMAZON , I did a mistake buying some thing from fake like you , tell me how can I save my money",billing_payment,rule_single,True,1
conv_1325871,When you complaint on social media against Amazon this is how they solve your problem with an automated mail @AmazonHelp 😂 https://t.co/YgCSDgdIhW,escalation_needed,rule_single,True,1
conv_393064,@115850  @AmazonHelp  the courier service which u r using for delivering my product is pathetic still not reach to me i m a prime member,delivery_issue,rule_multi,True,1
conv_1011670,@AmazonHelp I get this message every time I re-log in to cancel amazon prime. I need to cancel by today https://t.co/bkdD1HUdIw,account_access,rule_multi,True,0
conv_2032936,@AmazonHelp trying to pay for storage on amazon photos but always receive a JavaScript error and got stucked. https://t.co/bfVd7DuSYo,billing_payment,rule_single,True,0
conv_780853,"@115850 @AmazonHelp Wow! didn't know that auto order cancelation is as well part of Prime benefits. 

O.ID:406-7327998-8113902",prime_subscription,rule_single,True,4
conv_2780557,"@AmazonHelp bonjour, puis-je avoir de l'aide à propos d'une facture s'il-vous-plaît?",non_english,rule_single,True,1
conv_355339,@AmazonHelp Here's another phishing /fraud email .. NOT from Amazon! Hope you can stop this Amazon or be aware! Thanks! https://t.co/OzBF1ejhNJ,escalation_needed,rule_single,True,4
conv_1374065,@AmazonHelp comprei meu kindle ha pouquíssimo tempo e a bateria dele não dura nem três semanas (SEM USAR). Isso é normal?,technical_device,rule_single,True,0
conv_821150,"Can I stream the @143798 game through my PlayStation 3 via @116618 if I'm a prime customer? @AmazonHelp 

Or browser only?",prime_subscription,rule_single,True,0
conv_707394,"@AmazonHelp hiya, package was due “by 8pm” today and hasn’t turned up, no tracking updates. Phone# for carrier doesn’t work. Can you help?",delivery_issue,rule_single,True,0
conv_155205,hey @AmazonHelp leider war DHL zu unfähig meine Blitzangebot Bestellungen zuzustellen und schickt sie gerade an euch zurück. Gibt es eine Möglichkeit diese woanders hinzuschicken aber für den Angebotspreis? Oder muss ich nun den vollen Preis zahlen?,non_english,rule_single,True,0
conv_2580483,"@AmazonHelp I got 2 games that release tomorrow on pre-order, it's 10:30pm here in the UK and neither of them have even started processing still says 'preorder' am guessing I won't be getting either of them tomorrow? :(",order_problem,rule_single,True,2
conv_241723,@115821 @115850 @AmazonHelp  My old order #1__credit_card__ for which damaged piece was delivered. Placed new order #1__credit_card__ 1k cashback awaited https://t.co/WAKbVKqwZ6,delivery_issue,rule_conflict,True,1
conv_722156,Aww man @AmazonHelp my prime pantry box arrived with soap leaking all over the inside and boxes smashed inside :-( https://t.co/y6TLZahWPI,prime_subscription,rule_single,True,1
conv_1774350,"@AmazonHelp Hello.  If I purchase an Amazon egift card for a friend in Norway with a gmail account, can he use it to purchase from Amazon.",billing_payment,rule_single,True,1
conv_442830,"@AmazonHelp Your Leadership advisor named ""Arun"" has lied to me. He failed to add the gift card amt of Rs.150 which was promised. Kindly listen to the call and confirm actions taken.",billing_payment,rule_single,True,1
conv_972829,@AmazonHelp   @115821 @115850  dont purchase products from amazon they are selling defective products.   when will i get my money refund. https://t.co/SHkP0Uc6mF,refund_return,rule_multi,True,6
conv_2934494,"@115850 @AmazonHelp 
Ordered a product on 8 Nov, recieved worst quality product returned on 16 Nov till now didn’t got my refund back
Total waste of time and money
Order Id - 403-9475540-1940353
#DisappointedByAmazon",refund_return,rule_multi,True,2
conv_511683,"@AmazonHelp just joined twitter to make a complaint. new prime user, order due yesterday never arrived, was promised today, along with another order due today, neither arrived today either. What exactly is meant by 'GUARANTEED' delivery dates?",escalation_needed,rule_multi,True,8
conv_2954483,@AmazonHelp @115821 @115830 so I tried to get some help and now Amazon or someone pretending to be Amazon is asking me for all my personal and card details. #somethingisnotright https://t.co/CuQ6FMsN5w,billing_payment,rule_single,True,1
conv_1197512,@AmazonHelp your chat support is pointless.  I did not receive the help NOR explanation I needed.,account_access,rule_single,True,1
conv_520729,@115821 continues to fail delivering my prime orders on time. their site does provide a way to contact customer support. it's like they don't give a 💩 @AmazonHelp,prime_subscription,rule_single,True,1
conv_2306477,Hi @115830 @AmazonHelp I received the e-mail re: £20 credit after the Xbox One X debacle. I tried to order something Prime-able but it wouldnt take off the £20? The email says it would be auto added at checkout but T&amp;Cs suggest a code needs to be used? Please assist.,account_access,rule_multi,True,1
conv_826591,"Dear @115821 @AmazonHelp  - stop sending packages via #amzl - tired of having to call customer service to track down ""delivered"" packages.",delivery_issue,rule_single,True,0
conv_2956898,@AmazonHelp Hi there! Can you help me out with an order that I need to return but I'm not 100% sure how to proceed?,refund_return,rule_single,True,5
conv_281612,"@AmazonHelp hey so the Her album I preordered has been on ""shipping soon"" for 3 days...what's the hold up??",delivery_issue,rule_single,True,1
conv_176384,@AmazonHelp why are certain prime videos unavailable on the kindle fire? Says this video unavailable on this device. But same video is available on iPad,technical_device,rule_conflict,True,1
conv_1310080,"@AmazonHelp un pedido que estaba programado para llegar hoy, no llegó... eso es normal?",non_english,rule_single,True,0
conv_2622455,@115850 @AmazonHelp Now that I've linked card n account details why the heck my ac is blocked. What do u guys wnt frm me?,account_access,rule_conflict,True,1
conv_449971,"Thanks a lot @115830 for delivering this exactly like this, no box. Not such a surprise for my son now 😡 @AmazonHelp https://t.co/eBE0KHBirN",resolution_confirmation,rule_single,True,2
conv_784746,"Credit where it's due, I've found @AmazonHelp consistently helpful and patient. #Kindle now fully restored to health. Thanks ?Mei/May 😌",technical_device,rule_single,True,2
conv_389646,@AmazonHelp Why do you use @2150 for deliveries in NYC? They are useless! 2nd botched 1-day delivery.,delivery_issue,rule_single,True,0
conv_2570139,@AmazonHelp what is the procedure in getting a refund,refund_return,rule_single,True,4
conv_1762326,@AmazonHelp Are you kidding me! You call this proper packaging of an expensive electronic device? What a joke. SMH. https://t.co/OL1YDMCQiZ,technical_device,rule_single,True,1
conv_1687066,"@AmazonHelp bonjour, ma preco pour la Xbox One X n'est tjr pas expédié mais est censé arriver demain. Pouvez-vous m'éclaircir ??",non_english,rule_single,True,0
conv_1922777,"@AmazonHelp Hi.I have my account locked for security proposes. I followed email instructions, but still my account is locked. Can u help me?",account_access,rule_single,True,1
conv_361729,.@AmazonHelp Bought Lenovo laptop+arr Fri USELESS: crashed 1st time+crashes constantly. Keeps install Windows+filled harddrive Need REFUND!,refund_return,rule_single,True,2
conv_2406842,Great job @115821 @AmazonHelp leaving my parcels on the doorstep for the whole world to see!!! Glad we pay delivery for no actual reason,resolution_confirmation,rule_multi,True,0
conv_32332,@115890 @115787 @15913 @115821 @AmazonHelp I pre-ordered my console like 5mins after it was announced. So why am I not receiving it,account_access,rule_single,True,1
conv_1732584,@AmazonHelp Having trouble logging in to change password keeps saying is web address https://t.co/2rj11AUv40 correct please rectify asap,account_access,rule_single,True,4
conv_2280024,"@AmazonHelp Hey, my acount has been locked for security reasons. Says I need to check my email but I have been sent nothing!",account_access,golden,True,3
conv_34577,@AmazonHelp How does one get a refund on a never delivered package when you require us to send it back for the refund?,delivery_issue,rule_multi,True,1
conv_2855168,"Hi @AmazonHelp, I got a great new kindle paperwhite. What do you recommend for cleaning the touchscreen, please? Will a microfibres cloth/eyeglasses cloth be ok?",technical_device,rule_single,True,2
conv_49144,Can you help me? My account unlock because my billing address. I sented every day my bank statement but noone answer and fix it! @AmazonHelp,billing_payment,rule_single,True,1
conv_1743665,@AmazonHelp ou es mon colis en 1j pour aujourd’hui svp ?,non_english,rule_single,True,0
conv_1412530,"@AmazonHelp my kindle paperwhite keeps trying to force update every 5/10 mins repeatedly. Has been doing it since Tuesday, please help",technical_device,rule_single,True,0
conv_2726745,"Another fraud by @115821 , handset not delivered, but status showing as Delivered... Chor #Amazon @AmazonHelp @115850 https://t.co/cJiPumzQoZ",escalation_needed,rule_multi,True,0
conv_1303742,@AmazonHelp I have an Audible account but I can't sign in because it suddenly doesn't recognize my email address. What can I do?,account_access,rule_single,True,3
conv_1200287,"@AmazonHelp  my refund for Ordered on Oct 14, 2017 (406-1457979-2714737)
is not in compleate please help my num is 7523058111",refund_return,rule_single,True,2
conv_476059,@AmazonHelp please help my husband joined Amazon Flex but can’t start due to this being all he gets when logging in .he can’t even add a location he wants to deliver please help .tried other devices https://t.co/HodXisxrfs,delivery_issue,rule_single,True,0
conv_385883,@AmazonHelp I’ve still not had any contact from your service team.,escalation_needed,rule_single,True,1
conv_1201191,"@AmazonHelp Surprise, another complaint, saying item dispatched since last week, not arrived, told to reorder@higher £, on phone, no help",escalation_needed,rule_multi,True,1
conv_77406,"@AmazonHelp  your customer support team prove this all power in your hand and customer is helpless, is there any place or athuority where i can complain your bad customer service",escalation_needed,rule_single,True,13
conv_2386068,@AmazonHelp I'm Requesting a Manager/Director to call me in regards to my recent Order. Formal complaint has been sent to Ms Long regarding.,escalation_needed,rule_single,True,2
conv_1753343,"@AmazonHelp waiting since past 10 days for a return pickup and subsequent refund. Called twice, no positive response so far. Pls assist.",refund_return,rule_single,True,1
conv_477685,"@115850 @AmazonHelp  @120543 @20666 @1198 @118342 sir, my parcel's tracking id- AW919025074IN was supposed to be delivered at PIN-249135 PO Bhatwari, District Uttarkashi by 24th Nov. However instead of PO Bhatwari it is being tossed from Haridwar2",delivery_issue,rule_single,True,4
conv_1477980,"@AmazonHelp Bonsoir, la livraison de mes commandes ont toutes été décalées sans aucun mail pour prévenir. J'en avais besoin ojd https://t.co/AJ1FMGka5N",non_english,rule_single,True,0
conv_2697958,"@AmazonHelp after #harassing for a week @115850 has #refunded my money. Now they r not sharing result of invstgtn , no #harassment  #compensation #such a #worst #company",billing_payment,rule_single,True,1
conv_2292321,@AmazonHelp If you continue to use OnTrac I'm cancelling my Prime account. Please forward this to a 2nd tier customer satisfaction rep.,prime_subscription,rule_single,True,1
conv_606181,"To @115850 @AmazonHelp attached the pics of conversations which I was going throughout but yet I DIDNT GOT MY REFUND OF ₹38000/- I mean to say that does money grow on plant..
Your peoples cheat and why do we wait for our money REFUND now my money's. https://t.co/np1RD0dQ0g",refund_return,rule_multi,True,20
conv_216059,@AmazonHelp Why are the prices for my subscriptions different in the email than on my subscription page? It’s more than a 10€ difference! What price will I be charged?,prime_subscription,rule_conflict,True,1
conv_1434072,"@AmazonHelp I reloaded $25, where is my $5 for reloading with Amazon Cash?",non_english,golden,True,4
conv_2115544,@AmazonHelp @115821 @115787 @15913 First my console was left outside and now (from a collector's POV) my box is Damaged. Who do you guys hire to handle our packages? Ridiculous https://t.co/AU8zGFvVoX,order_problem,rule_single,True,2
conv_472447,@AmazonHelp Hey guys. I am disappointed the past few orders I make with you guys which leads to issues because you authorize payment and then take it back only to charge me again . It’s confusing and inconvenient I am disappointed 😞,billing_payment,rule_single,True,3
conv_505953,.@AmazonHelp it's confusing why your staff member Simone would lie about my refund. Should I expect to lied to when ordering items from your company @115821?? https://t.co/R0amWG20PF,refund_return,rule_single,True,3
conv_22574,That's @AmazonHelp return experience summed up in 2 images. The pick up person has been rescheduling and cancelling on his own. @115850 https://t.co/fM0w6AUv1t,refund_return,rule_single,True,2
conv_266045,@AmazonHelp called your customer service line because shipper forced open baby gate breaking it. Your agent offers to cancel Prime,prime_subscription,rule_single,True,0
conv_2910384,".@AmazonHelp bought something back in Aug and after the 2nd use the charger stopped working, how can i get a replacement?",refund_return,rule_single,True,2
conv_234514,"Looking for mizuno wave rider 19 running shoe , it’s unavailable on  @115850. I am prime..don’t want to visit other sites. @AmazonHelp",billing_payment,golden,True,0
conv_662738,@AmazonHelp well I ordered my package it never came I am very dissatisfied with the other people that deliver your product,delivery_issue,rule_single,True,0
conv_2836947,@116928 @AmazonHelp se puede cambiar la direccion de envío de un paquete que está en reparto???,non_english,rule_single,True,0
conv_379416,@AmazonHelp Returned a product on 7th Oct. Still no info provided about refund.,refund_return,rule_single,True,3
conv_999123,@AmazonHelp Hilfe! Wie buche ich als Prime und Fire TV Kunde den Eurosport Player für einen Monat? Finde über die Suche nur einzelne Videos.,technical_device,rule_conflict,True,0
conv_2052256,@115821 @AmazonHelp Why can't I no longer access my account? It says email doesn't exist even though it was working perfectly fine this A.M.,account_access,rule_single,True,2
conv_2482738,Just turned on my #Kindle and there is a strange mark on the inside of the screen. Any advice? @117634 @AmazonHelp @7108 https://t.co/Y9EVQn28CY,technical_device,rule_single,True,0
conv_182574,hey @AmazonHelp - i am locked out of my account and i want to cancel my audible subscription ASAP. pls advise what to do. thanks.,account_access,rule_multi,True,1
conv_1296250,"Oui @AmazonHelp, moi aussi je suis désolée que mon colis soit en retard...#prime https://t.co/Tm32OO1ZbH",non_english,rule_multi,True,0
conv_1349172,"@AmazonHelp Hi,ich habe ein Problem mit meinen geliehenen Amazon Video Filmen. Wo kann ich mich für Hilfestellungen hinwenden?",non_english,rule_single,True,0
conv_1607902,@115850 @AmazonHelp my order dated 8th oct which I returned more than 2 weeks ago but still I have nt received my refund yet.So plz help,refund_return,golden,True,1
conv_2377209,@AmazonHelp Someone hacked my account and changed the email and password so I no longer have control of it at all. Someone help me please get my account back and tell me how I go about getting in contact with someone to help me.,account_access,rule_single,True,0
conv_180480,"@AmazonHelp 

Still havent recieved my parcel. Could you track where abouts this is please. The tracking number is A10040684583",delivery_issue,rule_single,True,3
conv_2384116,Eagerly waiting for my #EchoDot from @115850. It would be great to have @7664 on Alexa. Any plans @7664? @AmazonHelp @115833,technical_device,rule_single,True,1
conv_535800,@AmazonHelp PRIME is a joke now. NOTHING arrives on time or in one piece.,prime_subscription,rule_single,True,1
conv_1172685,"@AmazonHelp Hello, Amazon pay works on other sites very well but on a site it do not works, it asks me for a credit card but I always pay",billing_payment,rule_single,True,1
conv_163486,@115850 @AmazonHelp Cheap email sent by Account Specialist #poor #approach #cheaptactics #unethical #insane,escalation_needed,rule_single,True,6
conv_616906,"@AmazonHelp Nearly a week gone past and still no solution from #Amazon as to why my prime membership was cancelled without my say so! Sorry, but some incompetent CS representatives do more harm than help!",prime_subscription,rule_single,True,0
conv_366006,@115850 1 hour to process amazon pay balance into the account !! Seriously?? Order no : 405-7666923-7204367 @AmazonHelp,billing_payment,rule_single,True,1
conv_2747205,"Hey @AmazonHelp, do I need a separate account to order from https://t.co/XHYDzbz2WD? My log in details don't seem to work when I try to sign in on there",account_access,rule_single,True,1
conv_1943833,"@115850 @AmazonHelp #amazonprime 
Tried Prime Membership 3rd time now. Failed. 
I think you should Gift me prime membership for 1 yr now. https://t.co/SV0Yc25ekm",prime_subscription,rule_single,True,7
conv_2487026,@AmazonHelp Does this connect to a mobile for streaming audio? Says Bluetooth not supported at top. But down bottom says bluetooth in specs. I'm confused. https://t.co/Bb2rkD5Gbk,technical_device,rule_single,True,0
conv_2669605,@AmazonHelp Hi! I have a question. How can I purchase products with MaestroCard within Europe zone? I dont see any payment options for MaestroCard.,billing_payment,rule_single,True,1
conv_2119265,@AmazonHelp I received the wrong item and returned it but I still haven’t been refunded.,refund_return,rule_conflict,True,4
conv_644084,@AmazonHelp received my parcel like this 2day.Looks like its already been opened &amp; in a poor state. #rubbishdelivery #goodjobitsnotbreakable https://t.co/Ifiv0VHvHm,delivery_issue,rule_single,True,3
conv_1190310,"@115850 @AmazonHelp 
Today's pickup also cancelled by your team, because of that serial number issue. Fed up with amazon https://t.co/HaiCXDUj6y",escalation_needed,rule_single,True,0
conv_459917,@115821 @AmazonHelp @123644 your two day Prime delivery guarantee is worthless. I'm going to have my entire order charged back.,prime_subscription,rule_conflict,True,2
conv_1543982,"@AmazonHelp I bought TCL LED 2 days back, d aux audio out doesn't work. I connect spkr and no sound, Is replacement an option? Suggestions?",refund_return,rule_single,True,1
conv_320361,"@AmazonHelp hi, I’ve had an email and I believe somebody has hacked into my account. They’ve changed my email and password&amp; I can’t access",account_access,rule_single,True,0
conv_2889371,"Hey @AmazonHelp yesterday and today when I’ve tried to log in or reset my password the website says I don’t have an account and I definitely do. And when I try to go to customer support I have to log in to get there, which if I could do I wouldn’t have to go to customer support.",account_access,rule_single,True,2
conv_2881882,"@241399 @AmazonHelp @115821 perfect service and customer experience, you are selling defected items and different than the products we purchased, and the reply from ur CC agents ""sorry it will take between 14-30 days to refund you and take back the item from you"" https://t.co/7UZAi20aLO",refund_return,rule_single,True,1
conv_232686,"@AmazonHelp bought a power bank few months ago, used twice and now it won’t charge. Seen loads of other reviews same problem, what do I do?",billing_payment,rule_single,True,0
conv_2816323,@AmazonHelp I can’t use my MasterCard gift card to reload my amazon account. I don’t know what I am doing wrong. It’s a fully loaded $50.00 gift card.,billing_payment,rule_single,True,1
conv_2970545,"@AmazonHelp i cancelled an order before it dispatched yet i still haven't gotten the money back into my account, it still says the transaction is pending",refund_return,rule_multi,True,3
conv_2482107,"Alexa is trash, I ask for blues brothers sound track and get the phosphorescent blues by the punch brothers. @AmazonHelp @115821",technical_device,rule_single,True,0
conv_45547,@AmazonHelp #Kindle is basically trash once the screen starts fading as there's no repair services anywhere in the world Pathetic! #Amazon,technical_device,rule_single,True,0
conv_323742,@AmazonHelp Hi! I have been charged £12.99 by 'AMAZON DIGITAL DWNLDS 866' and I have no idea what it might be for. Can you please help?,billing_payment,rule_single,True,2
conv_686760,@AmazonHelp How do I physically gift Amazon Prime to someone so they can open something on Christmas Day?,prime_subscription,rule_single,True,3
conv_247033,@AmazonHelp @115850 it seems you are setting record for worst delivery. Order#403-9877059-1643504. No control over courier partners.,delivery_issue,rule_single,True,5
conv_2292115,"@AmazonHelp is there any work around to beat the credit limit on my Bajaj finserv card. Like paying a down payment from Amazon wallet ?. For example, consider If I have 35k credit limit, and want to buy 38k product with no cost emi . FYI in offline stores u can pay down payment.",billing_payment,rule_single,True,0
conv_1192298,@AmazonHelp What can be done if I received a damaged box inside the Amazon packaging? This is the fourth time it has happened.,order_problem,rule_single,True,2
conv_2603029,Bon @AmazonHelp pour chaque sortie de Pokémon vous comptez mettre en retard les livraisons ? C'est dommage mais j'vais retourner chez Fnac j'pense trop d'abus,non_english,rule_single,True,0
conv_2730233,@AmazonHelp @115821 how am I meant to login and send my request for support when the account in question is locked due to suspected break in? Asking from another account has them ask me to send the request from the account in question,account_access,rule_single,True,1
conv_269470,"Adventure of the pasta ladle I ordered: ""Attempted delivery"" today while I was home all day, no calls. My flight is tomorrow 😑 @AmazonHelp",delivery_issue,rule_single,True,3
conv_2276773,@115850 @AmazonHelp will my issue get ever resolved or your team has to take forever for this. Your way of working is just dropping a mail and doing nothing i have sent all the required doucment that you team has asked for then to resolving this issue is taking so long https://t.co/mJUNSziLxr,escalation_needed,golden,True,9
conv_643664,"@AmazonHelp pls improve your return services. 
It's been 5 days and no one picked package.
You said packages will be picked up yesterday.",delivery_issue,rule_multi,True,0
conv_546483,"Can't return a product , it shows only ""replacement"" option .Tried calling you and got to know  that you are expert in not giving a rat's ass. @AmazonHelp",refund_return,rule_single,True,0
conv_312960,@AmazonHelp Really disappointed. Tried same day delivery again and it looks like it wasn’t delivered (again). So much for surprise gift!,delivery_issue,rule_single,True,4
conv_421599,@AmazonHelp The delivery date for my item which I purchased on 6/10/17 is showing 17thNov. But it's supposed to be a Diwali gift!Please help,delivery_issue,rule_single,True,2
conv_2703136,@AmazonHelp why don’t the two books I’ve bought via my iPhone  for my kindle appear on my kindle while I’m in the USA ? What can I do?,technical_device,rule_single,True,2
conv_2213198,@AmazonHelp I've been charged £7.99 for Amazon prime when I don't even have an Amazon account let alone own Amazon prime?,prime_subscription,rule_single,True,2
conv_1085141,@AmazonHelp Why am I locked out of my account? All I tried to do was buy stuff? Isn't that how this relationship works? Are we on a break?,account_access,rule_single,True,1
conv_1463447,@AmazonHelp https://t.co/RkiT5HOMVs ist das euer ernst???,non_english,rule_single,True,0
conv_253435,"1- @AmazonHelp @115821 @115850, so this happened, i purchased op5 from u, &amp; also got full refund, and the phone, now the delivery center",delivery_issue,rule_multi,True,2
conv_996689,"@AmazonHelp I just ordered a book, but it appears I accidentally ordered the Kindle version by mistake. How do I cancel &amp; order hard copy?",technical_device,rule_single,True,4
conv_179949,@AmazonHelp hola el otro dia pedi unas luzes LED y me tenian que llegar ahyer. Lo entendi por la vaga y tal y hoy no ha llegado el pedido,non_english,rule_single,True,0
conv_2917148,@AmazonHelp Why do I have £1 pending in my bank account from you when I haven't bought anything???,billing_payment,rule_single,True,4
conv_276182,"Hey @AmazonHelp bought a suitcase for my Hol Sunday, paid extra for it to arrive yest.. And now it's saying it won't arrive unt 12th?",delivery_issue,rule_single,True,3
conv_1190239,"@AmazonHelp @1384 for order id 403-3632425-4923516, I paid full rs309 but got a refund of rs234 only, have you kept rs 75 as #Tip, you people are acting like #pickpocketers  ,
When asked for remaining rs75 I was told to wait 24-72 hrs, is this the way @115850 should work?",refund_return,rule_single,True,8
conv_2531965,"@AmazonHelp Had an issue with courier, complained and told that Amazon complaints team would be in contact...1 week later still nothing!",escalation_needed,rule_multi,True,0
conv_508103,"Hey @AmazonHelp
Why am I paying for ""Amazon Prime"" when literally NOTHING is getting here in 2 days anymore?
Couple things here and there is one thing, but when it's all taking a week, there's no excuse",prime_subscription,rule_single,True,9
conv_304562,@AmazonHelp Can't figure out how to set up the Authenticator app on my new phone. How do I get a new barcode for already enabled 2-factor?,non_english,rule_single,True,0
conv_1075196,@AmazonHelp I have 15 items that I've elected to return to a local drop off. Do I have to print the confirmations for every item?,refund_return,rule_single,True,1
conv_2412627,@AmazonHelp The Cheater Company Keep My Pay Balance and Close my account. The CIS Team Is Not Unhold my account. Fraude Company,escalation_needed,rule_multi,True,3
conv_616991,@AmazonHelp Hi there. This is the first time this “pending verification” thing happens to me! What’s going on? https://t.co/rUSe4MYVkI,account_access,rule_single,True,0
conv_527718,Merci @AmazonHelp pour l'incompétence de votre service client (qui fait le travail que je peux mieux faire par moi même) et de prendre une société de livraison pas assez intelligente pour appeler le client pour avoir des informations sur le lieu de livraison.,non_english,rule_single,True,0
conv_349910,"@AmazonHelp Hi, I've read that I can d'load a selection of free content from A'zon Audible as a Prime member, but can't see how on the app?",non_english,rule_multi,True,0
conv_2853683,"@115830 @AmazonHelp any chance you can sort this out? Really not happy at all, and an apology will not make things better. I really don’t expect this from Amazon and also after paying for Prime",prime_subscription,rule_single,True,3
conv_2485662,@AmazonHelp  is there any way to rest the set wireless network on @128308 ? Or factory reset Without wireless remote ?,account_access,rule_single,True,1
conv_2615178,"@AmazonHelp can you please confirm if this email is legit? I have no recollection of ordering Amazon prime, am aware I could have done in error. Just want to be sure. 😀 https://t.co/bTqRUVFmH9",prime_subscription,rule_single,True,3
conv_424294,@AmazonHelp Order# 403-4575924-9418735 Fraud seller as this shipment was not been shipped &amp; got the delivery from seller Courier 7838852939 https://t.co/LbrDp4SSHJ,escalation_needed,rule_multi,True,2
conv_1762315,"So @115821 @AmazonHelp for the third time in a week I have received the wrong product. Should be 5 lug @273569 spacers, anyone see a problem? https://t.co/bt5mEvt7Ea",order_problem,rule_single,True,2
conv_1423519,"Hi @115821 @AmazonHelp I’ve been charged twice for a purchase, how can I get this sorted? Thanks 🙏",billing_payment,rule_single,True,1
conv_315236,@115821 @AmazonHelp @115850 1/n absolutely crap cust service. I missed the deadline of return by 12 hr bc of technically installation,refund_return,rule_single,True,1
conv_1736,Two fake items in one day. Time to cancel my Amazon Prime membership. @AmazonHelp,prime_subscription,rule_single,True,0
conv_1068687,Requested u guys for a return pickup from last 2 weeks…@AmazonHelp twice scheduled n twice postponed.. what nonsense is happening..,refund_return,rule_single,True,1
conv_1473734,@AmazonHelp @115821 I’ve spent 45 minutes on the phone with customer svc trying to figure out an issue with my Prime account. Still no help!,prime_subscription,rule_single,True,2
conv_2691705,@AmazonHelp There's a reason I pay $100/year for Amazon Prime. Getting packages three days AFTER I leave for vacation is not one of them 🙄😤 https://t.co/rB3GiyvrY9,prime_subscription,rule_single,True,1
conv_2212222,"@115850 @AmazonHelp My prepaid product says delivered yesterday. But I have not actually received the product yet. Talked to Amazon Customer Care, no solution. Tried calling courier person, not receiving calls. This is fraud.",escalation_needed,rule_multi,True,5
conv_729171,@AmazonHelp How do you return/refund a mis-sold Kindle item? The Kindle link for a book WASN'T the same thing - but not return option 1/2,refund_return,rule_multi,True,0
conv_2752072,@AmazonHelp it looks like my Alexa account is in US. How do i get that moved to India? I need to use @4694 with Alexa.,technical_device,rule_single,True,1
conv_861305,@AmazonHelp I cancelled an order and never got my money back I have a screenshot to prove I cancelled it but the $ was never put back into my bank account? It said after 1 to 2 business days it's only been one day but my item never shipped I'm jw why it's taking so long? 😀,delivery_issue,rule_multi,True,1
conv_2310977,@AmazonHelp @228164 Hey its been 27 days i didnt receive my order nor i get my refund back so please into matter as i m sending dm thanks,refund_return,rule_single,True,2
conv_2710401,@AmazonHelp trying to buy a digital game code with gift card balance but before purchasing it requires a credit card number. any way to skip past that and go straight to gift card balance?,billing_payment,rule_single,True,1
conv_2462175,"@AmazonHelp There is supposed to be a deal for the Echo Dot today for £34.99, when will this happen? Found out it in the news.",technical_device,rule_single,True,2
conv_2119344,@AmazonHelp I am prime and live in the Netherlands. How can I make my profile reflect that?,prime_subscription,rule_single,True,0
conv_332003,Hey @AmazonHelp a card game I bought is missing piece. What’s the best way to get this fixed?,delivery_issue,rule_multi,True,1
conv_1412487,"@115850 @AmazonHelp is it your customer service? I am not able to verify my mobile number, i called CC more than 10 times. NO RESOLUTION",account_access,rule_single,True,0
conv_1924024,@AmazonHelp is there an issue with emails trying to reset my password and never get the code,account_access,rule_single,True,1
conv_2269162,@AmazonHelp Bonjour j'ai un soucis de livraison avec un de vos transporteur! On passe en DM?,non_english,rule_single,True,1
conv_2154057,@118919 @AmazonHelp ... the order has been picked up from my end on 23rd oct 2017 and the refund is still not done.. kindly help https://t.co/2uOFtfdAbs,refund_return,rule_single,True,2
conv_869858,@AmazonHelp It's been 5 days. I haven't got my cash back. I purchased prime membership &amp; added money to wallet on same day.,prime_subscription,rule_conflict,True,0
conv_2840277,"@AmazonHelp just got my Amazon Fire Stick on the Black Friday deal, it’s amazing ! Was thinking of buying my Dad one, but would it be locked to my account? Thanks 🙏",technical_device,rule_conflict,True,1
conv_485361,"@AmazonHelp @123967 An Amazon package via USPS was not delivered and the on-line notice indicated that the office was closed, except two of us were here at the time indicated on the notice. How should I report the error and avoid future problems?",delivery_issue,rule_single,True,0
conv_789753,"@115821 worst experience with Amazon,it's been 11 days fraud transaction happen on my card but no proper response from @AmazonHelp",escalation_needed,rule_multi,True,1
conv_2338170,@AmazonHelp i need to fax some info fro my account to be unlocked but i can't due to me not having a fax and can't find the req'ed stuff,account_access,rule_single,True,0
conv_283565,@AmazonHelp Where is my package ? It was supposed to be delivered today. ATS: 184120412520,delivery_issue,rule_single,True,1
conv_282501,@AmazonHelp oneplus 5 payment issue..auto debit issue https://t.co/Ez6eOo1RFL,billing_payment,rule_single,True,1
conv_2527602,@11679 @115850 @AmazonHelp please refund my money to Amazon pay balance not in recharge points https://t.co/ZVuYEjlQGF,refund_return,rule_multi,True,2
conv_542182,"What’s the point of having @115830 Prime if it still takes 3 days to deliver stuff? @AmazonHelp #AmazonPrime  #fail Seriously, my stuff rarely hit the one day delivery deadlines these days",delivery_issue,rule_multi,True,1
conv_2199084,@AmazonHelp The product I received is completely different from the online description and picture?? Not sure how to contact the seller(it was Prime eligible)...,prime_subscription,rule_single,True,3
conv_360223,@AmazonHelp I have processed a return of an item but it still hasn’t been collected it’s been outside for 4 days please can you help thanks,refund_return,rule_single,True,0
conv_282147,@AmazonHelp can you please remove these from my account?! They’ve been on my kindle PW home screen and won’t go away and I can’t delete them https://t.co/CTI4EypVyX,technical_device,rule_single,True,3
conv_609466,"Hey @AmazonHelp, ich weiß ja nicht, was da mit eurer Auslieferung in Berlin los ist, aber ich hätte langsam wirklich gern mein Päckchen... https://t.co/j52lnsHAFD",non_english,rule_single,True,1
conv_1890553,@AmazonHelp hi erm any help with my account being locked for no apparent reason ?,account_access,rule_single,True,4
conv_44530,Why isn’t my kindle unlimited working @AmazonHelp,technical_device,rule_single,True,1
conv_77470,@AmazonHelp @115830 have just made sure I wont order from them again. Awful customer service. An unidentified purchase was made using my card &amp; it was not made from my account. No help has been made to get back my money. Deeply disappointed &amp; angry. Thought more of the company,billing_payment,rule_single,True,1
conv_449932,@AmazonHelp hi. My account got locked and I faxed a statement + details 3-4 days ago. Can I check you received the fax please?,account_access,rule_single,True,5
conv_285045,@115850 @AmazonHelp  ORDR# 406-8734146-2073128 not delivrd on time. contacted 4 persons yet no response or confirmation. terrible service.,escalation_needed,golden,True,3
conv_2308269,@AmazonHelp still waiting for a fraud issue to be resolved after a week.  Was told up to 48hrs.  Do you even have a fraud department?,escalation_needed,rule_single,True,0
conv_988065,my amazon fire stick has zoomed in and idk how to fix it plz someone help me @115830 @AmazonHelp https://t.co/zmSGdAUocy,technical_device,rule_single,True,0
conv_1603887,Ordered prestige cooking top and from @115850 and received a damaged product @AmazonHelp @115821,order_problem,rule_single,True,1
conv_2928453,@AmazonHelp hello I wanted to cancel an order I made but I got only the return option. Could you please help me out?,refund_return,rule_single,True,5
conv_727102,@115850 @AmazonHelp @115821 Pathetic service 4m Amazon &amp; delivery! Product got out of stock &amp; u blame customer sayin it was refused. Shame https://t.co/TpsUByEOCO,delivery_issue,rule_single,True,1
conv_665633,Currently experiencing the worst service I have ever had and surprisingly it’s from @AmazonHelp . Delivery 4 days late and no1 gives a toss!,delivery_issue,rule_single,True,4
conv_1721643,Hey @AmazonHelp something about this math doesn't seem right. $3 list price but $6 Kindle price doesn't exactly equal $2 savings. https://t.co/3LTh5jCtte,technical_device,rule_single,True,4
conv_322983,@AmazonHelp the voice volume of my echo dot (connected to a sonos 5) has become almost inaudiable since I activated the sonos skill,technical_device,rule_single,True,0
conv_1145914,"@AmazonHelp I can't reset my password. Every time I reset it and try to login using
that password it says its incorrect.",account_access,rule_single,True,2
conv_2387999,Never a bad day with @AmazonHelp! Amazed by how quick their email support team is + always read the follow-up message in detail!,escalation_needed,rule_single,True,2
conv_1510479,@AmazonHelp bonjour j’ai reçu un mail pour un remboursement sur mon compte bancaire sauf que je n’ai jamais associé de carte a mon compte !,non_english,rule_single,True,0
conv_807348,@AmazonHelp I've made a complaint to the prime escalation team but they said they've done all they can and to contact head office (1/2),escalation_needed,rule_multi,True,3
conv_2310055,@AmazonHelp Will I be able to change the payment method of the order I placed recently?,billing_payment,rule_single,True,1
conv_574507,"@AmazonHelp I'm 45 minutes into a chat session trying to resolve an order where to wrong item was sent.  Don't know if these chat reps are not empowered or if a language barrier exists, but can someone help resolve a routine issue?  So frustrating!",order_problem,rule_single,True,5
conv_2342071,Hey @AmazonHelp I'm having a strange problem with my Echo Dot (only when connected to bluetooth speakers). The sound crackles a little and drops words but only when Alexa is speaking. Not when music is playing or the news capsule is being read. Can you help me solve it? Thanks.,technical_device,rule_single,True,1
conv_1429408,"@115850 @AmazonHelp please review Order

404-8576879-1321164

payed through sbi master card on mobile site am i eligible for sbi cashback?",billing_payment,rule_single,True,1
conv_1001980,"@AmazonHelp Is there a way to search just Kindle Unlimited books? I can't seem to find a filter other than Kindle, then hunting.",technical_device,rule_single,True,0
conv_873862,@AmazonHelp I'm trying to watch 12 Chairs on prime but the subtitles are about a minute off to the words. Is it an issue on my end or yours,prime_subscription,rule_single,True,2
conv_487684,"@AmazonHelp my delivery was late so I emailed the customer support to ask about it and they emailed back saying I should have it within 24-48 hours, haven’t got it so I rang you and now your saying a week, unacceptable when I’m paying lots of money for it.",delivery_issue,rule_multi,True,6
conv_1607897,"@AmazonHelp My order is supposed to come today, but it still says not yet dispatched wtf, I payed for amazon prime for nothing. https://t.co/G7lHetW6kP",prime_subscription,rule_single,True,1
conv_1331140,"Dear @AmazonHelp it's been 2 months since you have kept one of our payments pending, probably a fraud done by your employee, kindly help.",escalation_needed,rule_single,True,1
conv_675229,@AmazonHelp Any plans to let UK Subscribe &amp; Save orders be delivered to an Amazon Locker? It's the only convenient option for me.,delivery_issue,rule_single,True,2
conv_1206017,"@AmazonHelp Hi, I ordered from you (Prime) on 29. Sept and am yet to receive anything! (# 205-3747364-3009922)",prime_subscription,rule_single,True,3
conv_264723,"@4088 @37185 @AmazonHelp @37186 @37187 our account name buyerzone still suspended,no response yet..",escalation_needed,rule_single,True,6
conv_2290747,"Dear @AmazonHelp my replacement of Xioami redmi Note 4 Black Flip cover (Ultra Compact with Stand, Credit Card Slots &amp; Wallet) was cancelled and asked for refund. They said that they would give a cheque but it haven't arrived",refund_return,rule_multi,True,4
conv_318094,Why @AmazonHelp have you resorted to lying to try and placate me about a non delivery of Prime items??,delivery_issue,rule_multi,True,2
conv_142961,@AmazonHelp on est le 24/11....pas de nouvelles.C'est la troisième fois que mon article ne m'est pas livré. Je devais l'offrir ce soir. Que faire ? https://t.co/ba2ygL6erF,non_english,rule_single,True,0
conv_461255,"@AmazonHelp @118919 @123644  Hi Team, i have not received my refund even my order already pickuped.
Amazon become poor in services",escalation_needed,rule_multi,True,9
conv_320847,@AmazonHelp not sure why you advertise prime 2 day shipping anymore! Don’t think I’ve recieved anything in 2 day recently! #scamalert,delivery_issue,rule_multi,True,2
conv_2538175,@AmazonHelp Alexa routines sounded cool till I got this for everything I tried entering. https://t.co/yDUSBr1om8,technical_device,rule_single,True,2
conv_1866904,"@115850 @AmazonHelp After purchasing Echo Plus, when will prime membership will be activated ?",technical_device,rule_conflict,True,2
conv_446135,"@AmazonHelp , please any advice? I'd like to get my stuff and not have another mishap https://t.co/Z4hx63VWMx",billing_payment,golden,True,3
conv_2373396,"@AmazonHelp I have a bank charge for ""PURCHASE Amazon Digit Seattle WA"" How do I find out what it's for - I don't see any of my orders that match the amount.",billing_payment,rule_single,True,2
conv_1693548,Fucking HELL. My @AmazonHelp Prime membership came out of my debit card instead of credit. So much for food til next payday :(,prime_subscription,rule_conflict,True,0
conv_575406,Fraud @AmazonHelp never ever buy from https://t.co/eofEGP7HTP to deliver over dead. They will not deliver the package. They will not handle custom as they promise. They get your product lost. They will promise you to waive delivery if you buy again. They will cancel their promise,escalation_needed,rule_multi,True,6
conv_1861032,@AmazonHelp Return order requested on 7th nov still no response received and no one came for pickup. please help,escalation_needed,rule_multi,True,2
conv_440454,@AmazonHelp llevo una semana esperando 1paquete pq #MRW está pasando de todo.Yo he pagado para entrega d 1dia y  me encuentro con esto?,non_english,rule_single,True,0
conv_1474625,@AmazonHelp how long does it take for you guys to release money after an order has been cancelled? It's still pending in my account.,billing_payment,rule_single,True,2
conv_1327763,@AmazonHelp I started the return on an item but decided I want to keep it. What can I do to stop the return process,refund_return,rule_single,True,1
conv_478564,@AmazonHelp  I did visit moto service center they asked me that our jobsheet is our service denial letter and I sent it to you for 4 https://t.co/5Ku6Ag9D9q please start refund otherwise I will approach high court for protection of my consumer right.,refund_return,rule_single,True,3
conv_2025565,"@AmazonHelp I'm trying to switch from prime to prime student but all the ""join student prime"" links are broken &amp; just lead back to home page",prime_subscription,rule_single,True,2
conv_124015,@AmazonHelp why am debited for a prime membership to an account you guys suspended!,prime_subscription,rule_single,True,4
conv_1729607,@AmazonHelp Can I have a contact telephone number for your Executive Customer Relations Complaint team. I have an open complaint there,escalation_needed,rule_single,True,2
conv_424032,"Bonjour, @AmazonHelp. Suite erreur de @215945, je n'ai pu recevoir mon colis 5 jours après l'avoir commandé. Comment annuler? Merci. https://t.co/vyfK6W7vlH",non_english,rule_single,True,0
conv_665163,@AmazonHelp I ordered a set of 6 frames and one came broken. Can I just send back one or do I need to send back all 6?,refund_return,golden,True,3
conv_2205147,"@AmazonHelp I signed up for Amazon Household but I am unable to access Prime, why is this?",prime_subscription,rule_single,True,3
conv_611126,@AmazonHelp Hi when my today order will he delivered?,delivery_issue,rule_single,True,3
conv_1751823,@AmazonHelp Why does it take a week to ship the correct item when you completely screw up a Prime order? I need you to expedite this.,prime_subscription,rule_single,True,2
conv_544399,"Yo @AmazonHelp @115830 I ordered 40 book box set from you. (Due tomorrow) was delivered today, wasn't in. SO delivery driver apparently put IT behind wheely bin. Isnt there. On website it say it was handed to me. NOT THE CASE. I NEED those books. https://t.co/0HDEheUM5F",delivery_issue,rule_single,True,0
conv_918236,@AmazonHelp When will get cashback in Amazon Pay Balance? https://t.co/O1BpAqkWRU,billing_payment,rule_single,True,1
conv_17908,"Two DOA orders. First hard drive came bouncing in a giant box, second one crushed in a padded envelope... sigh. Refund on way. @AmazonHelp https://t.co/4bRVrNlrBy",refund_return,rule_single,True,0
conv_934310,@AmazonHelp Bonsoir j'ai acheter un article 150€ qui n'as pas pu être livré dans ma région et le remboursement n'est toujours pas fait.,non_english,rule_single,True,0
conv_2810717,@AmazonHelp Yet again a damaged Item has been sent across to me. You guys keep letting me down. T-Shirt print is completly messed up check the Trishul print. https://t.co/KiuK6WTf3M,order_problem,rule_single,True,3
conv_862505,@115850 @AmazonHelp #cheating  careless  orderd 5738 received 3738 replacement is also the same #AmazonEffect #bechoaurbhago https://t.co/TalRcEL43r,refund_return,rule_single,True,4
conv_843158,@AmazonHelp I have ordered redmi4 and memory card from my Amazon a/c7986147615 and later cancelled it.7 days passed but money not refunded.,billing_payment,rule_single,True,0
conv_1881153,"@AmazonHelp geting calls from this number 7481900260 for bank details and UID
Its a con plz chek and stop itor else many people will get dupped.",billing_payment,rule_single,True,1
conv_746781,@AmazonHelp @115850 how do I send my my Amazon pay balance to my bank account?,billing_payment,rule_single,True,0
conv_1483985,"@AmazonHelp I've changed my password, and I'm having trouble logging in. Can someone help, please?",account_access,rule_single,True,2
conv_168012,"@AmazonHelp 
What can i do? If i want to start delivery providing business with amazon .. because already i have tried alot of times to call Amazon support team and customer care, Kindly give me the information about ATS and procedures to start the business...",escalation_needed,rule_multi,True,0
conv_2965232,@AmazonHelp ordered by prime on Friday. It's still not turned up https://t.co/uEk2csKikB,prime_subscription,rule_single,True,5
conv_627837,"YO ESTOY FLIPANDO MI PEDIDO DEL LIBRO DE @28990 ESTÁ COMO ""ENTREGADO"" Y NO EN MI CASA. QUE ALGUIEN LO SOLUCIONE YA @116928 @AmazonHelp !!!!!! No es la 1a vez que me pasa",non_english,rule_single,True,0
conv_2719416,@AmazonHelp @115850 Used to think highly of your company before you mixed up my order,billing_payment,golden,True,2
conv_282806,@AmazonHelp  @115850 cud u plz solve prblm I am unable 2 use my gift card e1 I d'nt use Plz call/email so i cn share my details. Plz help.,billing_payment,rule_single,True,1
conv_149268,@AmazonHelp guess what? Still not here. Prime membership really is wonderful. #sarcasm,prime_subscription,rule_single,True,2
conv_799603,@AmazonHelp Toujours en attente de mon colis depuis le 16 novembre aucune réaction du Sav !!,non_english,rule_single,True,1
conv_1003613,"@AmazonHelp 
Such a pathetic service I have ever experienced in my tenure with Amazon.Escalation team disconnected my callwithout a courtesy",escalation_needed,rule_single,True,1
conv_387957,@AmazonHelp I ordered a product on 5 oct but the tracking id shows it till 6oct. Where's my product? https://t.co/XoKDO8osrc,delivery_issue,rule_single,True,2
conv_2367346,.@AmazonHelp  I talk with amazon care and raised a return of 25th november but amazon did not pick my item to return. First you sell me fake nike shoes  and now @115850  not giving my money back. https://t.co/8DxQ2gIbXF,refund_return,rule_multi,True,1
conv_437971,@AmazonHelp your staff are a joke fraud committed with a parcel and I am £189.00. Signing my wife’s name when she’s at work. #fraudstaff,escalation_needed,rule_multi,True,1
conv_1204116,"@AmazonHelp Hello,  why my Kindle order stay 'pending' and i haven't received any e-mails regarding this order.",technical_device,rule_single,True,1
conv_522617,"@115850 @AmazonHelp Reminder - Pls provide exchange services to this location as well. Its in Delhi/NCR only(131001). Amazon pantry, 1day delivery all available here but why not Exchange service. Do the needful https://t.co/z1m492wPvo",delivery_issue,rule_single,True,1
conv_718362,"@AmazonHelp hi do you do a refund the difference if a product is now cheaper after a couple off weeks like Currys,Argos John lewis ect do?",refund_return,rule_single,True,2
conv_1589691,@115850 @AmazonHelp @93294 @123288 please make a note of dis complaint #AmazonGreatIndianFestival is known 4 Quality! Please replace! https://t.co/J63X5wUE0i,escalation_needed,rule_multi,True,0
conv_2136218,@115850 @AmazonHelp Again u showed ur pathetic service. U r doing fraud.,escalation_needed,rule_single,True,1
conv_1366044,Still waiting for the promised refund for an order I NEVER made. Amazon have stolen my money. Disgraceful behaviour. Thieves. @115830 @115821 @AmazonHelp #Amazon #AmazonUK,refund_return,rule_multi,True,1
conv_1579667,"@AmazonHelp Hey, I'm trying to reset my password - it says its sent a code to my email address but it hasn't!",account_access,rule_single,True,0
conv_2571931,"@AmazonHelp I started the return process to return a book that I don't need, but this is the message I got. Do I really not need to ship it back? https://t.co/5FbhCeFcQh",refund_return,rule_single,True,3
conv_67575,@AmazonHelp incredibly frustrated that my item won’t be delivered today despite selecting nominated day delivery and also being lied to earlier today by one of your employees saying he had spoken to the driver and it will be here between 4-6pm and then confirming over email 1/2,delivery_issue,rule_single,True,5
conv_215023,Oye @116875 hasta cuando estará este descuento y la promoción de FIFA18? @AmazonHelp https://t.co/ClU9pUkHcG,non_english,rule_single,True,0
conv_399858,@AmazonHelp cancelled order. Didn't get refund money.,refund_return,rule_multi,True,3
conv_801606,"Why, @AmazonHelp is Prime now 2 days or more? Only a couple of items  I’ve ordered lately have come the next day.",prime_subscription,rule_single,True,0
conv_874633,@AmazonHelp 407-1840559-7509101. Product already pick up. But account details doesn't show about return. Because of that I can't able to,refund_return,rule_single,True,1
conv_163610,@153842 @AmazonHelp Is there any way to watch the Amazon Channels via the Amazon Video App on the PS4? I can't seem to find it.,non_english,rule_single,True,0
conv_2003958,@AmazonHelp my account has not been hacked yet disabled for 5 hours (got an email from account specialist).,escalation_needed,rule_single,True,4
conv_1315498,@AmazonHelp yo i cant sign in keeps telling me to change my pw when i do i try to sign in with the same password and its not allowing wassup,account_access,rule_single,True,1
conv_1737984,"@AmazonHelp Reset my password, try signing in it says incorrect password. Reset again same thing. Why????",account_access,rule_single,True,2
conv_755029,@AmazonHelp I'm trying to reset password but the email with confirmation code isn't arriving?,account_access,rule_single,True,2
conv_1207266,"ey yo @amazonhelp, remind me why i'm paying for prime? https://t.co/ELZveKf97o",prime_subscription,rule_single,True,1
conv_529071,"@AmazonHelp hi, can you help? My package was due Wednesday, then Friday, now it “May be lost”.",delivery_issue,rule_single,True,1
conv_2113722,@AmazonHelp Please kill the 2-step verification for sellers.  Annoying as hell.  Read your forums to see what sellers think.,account_access,rule_single,True,2
conv_2305755,"@AmazonHelp hi, I ordered a product on your website &amp; everything works fine but I’m not happy with it, is there anyway I can send it back and get my money back?",refund_return,rule_multi,True,2
conv_493238,"@132994 @115850 @3021 @132994 @115850 @AmazonHelp 
My friend ordered product on 28th November showing as delivered (handed to security) but didn't receive product..
OrderID 406-4970784-2395526
Is amazon promoting such Fraudulent activities in India?
#PatheticExperience #Shameful",delivery_issue,rule_multi,True,6
conv_1175591,"@AmazonHelp I have sent 2 emails and am locked out of my account, no response. Fix this.",escalation_needed,rule_multi,True,1
conv_1097322,"@AmazonHelp i love it when your support team transfers me four times to a dead line, really great service",escalation_needed,rule_single,True,0
conv_2622542,@AmazonHelp mail __email__ - 79 8471 8690- unable to login even after password change. always says incorrect even after changing password - tired,account_access,rule_single,True,1
conv_253948,@AmazonHelp  @120533 @132988 plus je commande chez vous plus vos livreurs repoussent la limite de la connerie humaine... https://t.co/0DSyGsGkUV,non_english,rule_single,True,0
conv_654277,@AmazonHelp is India customer team is sleeping or on holiday for think giving. not replying on call. or you have shut down your service in India.,escalation_needed,rule_single,True,1
conv_166487,@AmazonHelp  Used Amazon chat to resolve what appeared to be a duplicate charge on two different credit cards for my Prime membership. Just wanted a refund or explanation.  Result? Had my Prime membership cancelled. WTH? Why?,refund_return,rule_multi,True,1
conv_1351713,@AmazonHelp A fraudulent transaction of $99 has been done from my credit card for Amazon Prime on 17.1.2017. Why and how this happened?,prime_subscription,rule_single,True,3
conv_1638679,"@AmazonHelp i switched to a monthly prime payment and it said I would be refunded for the yearly charge, when should i expect it?",prime_subscription,rule_conflict,True,1
conv_138897,"@AmazonHelp 2 questions - 1) why can't I Send gift card from my Amazon pay balance?, and 
2) how can I complaint against rude Amazon customer representative",escalation_needed,rule_multi,True,2
conv_2971971,No @118706 has informed @AmazonHelp that my packages have been damaged before they even made an attempt to ship them out,order_problem,rule_single,True,4
conv_1388844,@115850 @AmazonHelp @127187  Whats the point in being a prime member when your order is always delayed and care says cancel/reorder,prime_subscription,rule_single,True,2
conv_444312,@AmazonHelp I purchased this frame last week (order no 204-9478442-026595000) and it has broken immediately upon arrival. Please get in touch re a refund. https://t.co/tDhOZ2mudx,refund_return,rule_single,True,5
conv_2631444,"@AmazonHelp Hi, I want to return my game I received today, but I refuse to lose out on £6 because you're making return it via hermes. Can you sort it for me please? https://t.co/T2CHuf10ID",refund_return,rule_single,True,2
conv_391179,"@AmazonHelp if something is ""free two day shipping"" with prime, why is it taking four days?",delivery_issue,rule_multi,True,3
conv_1883441,@AmazonHelp When will Prime Air be coming to the United Kingdom?,prime_subscription,rule_single,True,2
conv_1456324,@AmazonHelp Received emails saying orders being returned from Locker before the deadline. Not good enough. Is there a system error?,refund_return,rule_single,True,1
conv_570826,"@AmazonHelp I have a working debit card, but Amazon keeps denying it. I update payment, and nothing changes. What should I do???",billing_payment,rule_single,True,0
conv_2501883,"@AmazonHelp another Amazon order left in the wrong place. This isn't our ""Safe Place ENCLOSED Front Porch"". Nice of you to leave a note saying you'd done something you hadn't though. It's a step in the right direction! https://t.co/xJIQjST87n",order_problem,rule_single,True,0
conv_1598767,"There is certain expectation from @115821 , please do not let down customers with such low quality speakers on Echo plus @AmazonHelp",technical_device,rule_single,True,0
conv_649669,This is a piss take @AmazonHelp - this parcel has been with @120534 an hour away from my home since FRIDAY &amp; 20 minutes away today and remains undelivered! Get it sorted ffs! https://t.co/QOvQP0vxfO,delivery_issue,rule_single,True,2
conv_1599264,"@AmazonHelp I recently got an Echo. Alexa keeps on telling me that I have no open orders when I ask her, but I do have an open order. Help?",technical_device,rule_single,True,0
conv_766201,"Hey @AmazonHelp that's 3 times as many months that a package was ""delivered"" but I never got it. This was expensive. What's the deal?!",delivery_issue,rule_single,True,3
conv_2230542,@AmazonHelp hello my account has been blocked due to security reasons I tried to buy £20 on Xbox and it was pending verification,account_access,rule_single,True,2
conv_573945,@AmazonHelp @115821 are you guys sleeping...there is no resolution to any complaint...have you guys become permanent frauds and cheats...,escalation_needed,rule_single,True,0
conv_726961,"@AmazonHelp @115821 @115850  Still waiting for invite to buy Echo,Could you please share the invite,Eagerly waiting for the echo#Invite",technical_device,rule_single,True,0
conv_1167715,"@AmazonHelp was talking to someone yesterday on your chat to us, told I would get a refund, had no confirmation for this....",refund_return,rule_single,True,1
conv_1409110,"@AmazonHelp my kindle is low on storage but I've got an sd card with gigs available, help!!!!",billing_payment,rule_multi,True,0
conv_2858263,@AmazonHelp I'm owed a £200 refund for an order that never arrived. Spoken to 3 different customer services people now who have told me different things. Is anyone able to help me get this sorted please?,refund_return,golden,True,0
conv_2486993,"@AmazonHelp alguien que me pueda contactar de Customer Service para hablar algo sobre mi pedido? Gracias,",non_english,rule_single,True,0
conv_442932,@115850 @AmazonHelp  #407-6505936-5213964 Got duplicate product as in one month it got badly damaged..#AmazonIndia https://t.co/ZoW4ByirGH,order_problem,rule_single,True,2
conv_612719,Thank you to Narayanan @AmazonHelp for fixing my issue! Fast &amp; easy :D,resolution_confirmation,rule_single,True,0
conv_684700,@AmazonHelp @115850  I am unable to contact amazon as I want to cancle my order due to late in delivery plz cancle my order,delivery_issue,rule_single,True,1
conv_2604246,@AmazonHelp I have repeatedly requested for transfer of my money from amazon pay balance to my bank account.... and repeatedly promised by costumer care but not yet transferred.... poor customer care service,billing_payment,rule_single,True,2
conv_1263987,"@AmazonHelp Unable to return my item which is not working &amp; is of no use for me &amp; I don't need any replacement ,kindly return and refund it. https://t.co/n8qMbyTRiW",refund_return,rule_single,True,4
conv_1271885,"@AmazonHelp @115850 my order id is 403-4483179-3669121, I haven’t yet got my amazon pay balance cashback",billing_payment,rule_single,True,1
conv_1924039,"@AmazonHelp I NEEDED waterproof pants to show up in 2 days. I have prime, but they didn't. Now I have to work in cold rain. Not very prime.",prime_subscription,rule_single,True,1
conv_2171149,@AmazonHelp @115830 be getting legal advice with regards to both the criminal damage and threatening aggressive behaviour.,escalation_needed,rule_single,True,2
conv_2301082,"@AmazonHelp hiya, my mum's only  used £30 off her £50 gift card but now it's saying that it's empty? I'm really confused, could you advise what we can do? Thankyou!",billing_payment,rule_single,True,1
conv_2349538,"@amazonhelp. Took delivery of two books today. Ringing of doorbell followed by heavy banging on hall door followed by heavy banging on adjacent window. Very , very aggressive. Wife scared. Delivery said he was not aggressive but most certainly was. Formal complaint.",escalation_needed,rule_multi,True,0
conv_635749,"@115821 @6954 @1404 @AmazonHelp @115850 A GENUINE COMPANY ONCE IS SURE THAT PRODUCT IS FAKE, WOULD HV ASKD ITS  SUPLIERS TO REPLACE IT IMMEDIATELY &amp; WOULD HV SUSPENDED HIM. HOWEVER  AMAZON INSTEAD HARASSES ITS CUSTOMERS THEREBY SUPPORTING ITS   FRAUD  SUPPLIERS AS IT IS INVOLVED IN IT",escalation_needed,rule_multi,True,1
conv_752920,@AmazonHelp Preordered a book in Feb so it would arrive on release date (which was yesterday). Now not shopping until 10/15! Not acceptable,delivery_issue,rule_single,True,1
conv_295359,"@115850 @AmazonHelp @1145 @144776  Shamelessness reaches it peak with failed attempts by CSR team 2 deliver goods prepaid for,",escalation_needed,rule_multi,True,0
conv_1672844,@AmazonHelp can I transfer Amazon pay balance to a bank   account ?,billing_payment,rule_single,True,1
conv_352905,"@AmazonHelp Sir, how you can send me subscription item on one time purchase rate, after numerous reminders in these 2 days your side response is pathetic. After subscribing, rarely i see the amount of subscribed product you send.",prime_subscription,rule_single,True,5
conv_836925,"@amazonhelp I paid extra for same day delivery so it might not arrive for a few days. Please refund, thanks.",delivery_issue,rule_multi,True,2
conv_529202,"I subscribed to Amazon prime in july17 but after I signed out of the app and signed in again after sometime, it is asking me again to pay for it. I need help @116618 @8623 @AmazonHelp",prime_subscription,rule_conflict,True,5
conv_1505431,"Hello @AmazonHelp @115850 
Friend of mine got her order in damaged condition. Can you please check https://t.co/U0Q32E6iAC",order_problem,rule_single,True,1
conv_2703153,@AmazonHelp you've sent me a push notification every day for a week reminding me I can buy an Echo. I don't want one. Stop it.,technical_device,rule_single,True,0
conv_224796,"@115850 @AmazonHelp 
How many times I can avail 15% cashback through amazon Pay?
Is it for only one order? Missing from T&amp;C.",delivery_issue,rule_multi,True,0
conv_2317871,@AmazonHelp could you please help me regarding an account that’s been locked,account_access,rule_single,True,3
conv_133593,@AmazonHelp is Amazon site down due to Black Friday,technical_device,rule_single,True,3
conv_60264,"@AmazonHelp Hi, Delivery date keeps being pushed back on my order. I chose you over another company because I thought you were reliable 😞",delivery_issue,rule_single,True,0
conv_107290,"Hi Jeff,
I have purchased the wrong mobile set from amazon. Now, i want to return my mobile (order no 404-9391432-5602714). But amazon support team is saying that, they can't return. This mobile set is not useful for me. Please help me @115851 @115821 @AmazonHelp",escalation_needed,rule_multi,True,3
conv_465753,"@AmazonHelp i paid $40 for a nintendo ds lite that doesn’t work, although it was said to be in “good” condition. how can i get my money back?",refund_return,rule_multi,True,5
conv_1731611,@115830 @AmazonHelp Can't get into my account. Password reset email code not being received inbox or spam. Help please.,account_access,rule_single,True,4
conv_2873260,@AmazonHelp these scammers told me I won a 50$ gift card from you. 😤#2good2btrue https://t.co/dEbm43Uy8o,billing_payment,rule_single,True,0
conv_2330934,@119038 @AmazonHelp So I'm fairly certain I took advantage of a free Amazon membership shortly before Twitch prime started or some such;,prime_subscription,rule_single,True,2
conv_2278341,"@AmazonHelp @115830 @89608 @89609 Absolutely shocking packaged services from amazon, ordered this pop for £25 and this is the condition that Amazon had the nerve to send to me. Immediate ask for refund. Be careful when ordering Pops from Amazon. https://t.co/0vKxfpsomW",refund_return,rule_single,True,3
conv_330163,"@AmazonHelp parents added me with a teen account, I created new profile on my phone with my number, now I can't log in to amazon website",account_access,rule_single,True,2
conv_464357,@115850 @AmazonHelp Now I bought a Kindle on 21st November 17 with dead pixel and also in replacement device rcived after such promises now I m told to take replacement unit new device won't be given.Such pathetic experience I am going to consumer court! https://t.co/hxPK03TqXr,refund_return,rule_multi,True,4
conv_1350017,"@115830 @AmazonHelp Hey, now me, my wife and my friend have all had the same thing done. We ordered, you took the money, then said the card was declined, we have to add more money to the card and then it works. Why are you authorising it and then not taking it??",billing_payment,golden,True,4
conv_2474807,"@141547 Have echo bought in US, using Amazon.in, able to play music via Saavn, but not able to access skills! @AmazonHelp @115850 @115821",technical_device,rule_single,True,0
conv_577747,Probably going to cancel my prime account bc #amzlsucks and hasn't gotten a single order to me on time in a MONTH . @115821 @AmazonHelp #amzl #amzl_us,prime_subscription,rule_single,True,0
conv_445571,"Was looking for my @115821 prime borrowed books &amp; they’ve disappeared... 
Do I get it right that AmazonUK has restricted prime reading offering &amp; launched Kindleunlimited to get me to pay more? @AmazonHelp #skinacat https://t.co/vyEQPPCMkr",prime_subscription,rule_conflict,True,0
conv_2760356,dear @AmazonHelp I CANCELLED UR 30 DAY TRIAL WHEN I REALIZED I HAD 2 CANCEL IT MYSELF AND SAID I WOULD BE REFUNDED FOR THE MONTH BUT MY BANK STATEMENT SAYS OTHERWISE UR ASSHOLES,billing_payment,rule_single,True,1
conv_1892055,"@AmazonHelp I am just wanting to watch this - amazon video says it’s not included and I need to rent it. Amazon app says “From £1.89”, but there’s nowhere to actually buy it. This is ridiculously complicated. What do I do? https://t.co/vIKB5lnf6F",non_english,rule_single,True,1
conv_1276274,@AmazonHelp got a question couple days ago I pre order star wars battlefront 2 but i just notice i accidently got the digital copy how cance,order_problem,rule_single,True,1
conv_894620,"Ugh @AmazonHelp is so annoying. They email me saying they will refund Lady Gaga tickets if I contact them, THEN when I contact them they...",refund_return,rule_single,True,2
conv_197829,Recevoir un mail de @AmazonHelp concernant une demande de remboursement a quel moment je suis censée en avoir fait la demande,non_english,rule_single,True,0
conv_923741,"@AmazonHelp i Pre-ordered Fire Emblem Warriors for Nintendo, which launched yesterday through prime and I still don’t have it. What gives?",prime_subscription,rule_single,True,1
conv_1385269,#sonymobils I prchsd mobile from @115850.After purchased I found some issues on phone.Bocz of wrost return policy in @AmazonHelp nt rtrn https://t.co/aTgPKr5Ufu,refund_return,rule_single,True,3
conv_2126222,Oh @AmazonHelp I'm so disappointed. 10x I asked CS to call me. Crickets. Found a number for Kindle CS and called that. They transferred me.,technical_device,rule_single,True,1
conv_2427483,"@AmazonHelp Hey, my gift card balance won't seem to work when I'm trying to checkout on amazon- do you know what the issue is?",billing_payment,rule_single,True,0
conv_31375,Hey @AmazonHelp does the Fire HD with Alexa do calling like the Echo devices?,technical_device,rule_single,True,0
conv_1044237,@115850 @AmazonHelp @45604 Amazon Order No. 408-8032741-7865923 not installed yet. Kodak 32HDXsmart H/L no. 9311119721 no response.,escalation_needed,rule_single,True,2
conv_2849031,"@AmazonHelp, assinei o Kindle Unlimited, mas tenho 1 dúvida quanto ao serviço: caso não o renove ao final do período de gratuidade, os 10 títulos baixados em meu dispositivo até então, serão autoMagicamente deletados? https://t.co/VQJrYiqmKF",technical_device,rule_single,True,0
conv_331626,"@AmazonHelp I've placed both my return items in the same box, that's how I got them. Is that ok? I placed the return form for both inside.",refund_return,rule_single,True,1
conv_1480481,@AmazonHelp your team accidentally put my mom's refund on a gift card instead of her Amazon credit card and you won't fix it. Why.,escalation_needed,rule_multi,True,1
conv_475064,@AmazonHelp ordered on .co.uk with prime delivery on Wednesday at around 3pm. Possibly won’t have until the 5th? No explanation given as to why 😔 https://t.co/TnC268QBf0,delivery_issue,rule_multi,True,1
conv_103011,@AmazonHelp Ich warte seit einigen Tagen auf eine Lieferung. Ursprüngliche Zustellung war der 23. November. Was kann ich da machen? Transportdienst ist: DEPOST.,non_english,rule_single,True,1
conv_283062,"@115851  @115850 @AmazonHelp Pathetic service,since 5sept my query not solved. Loss of time,money and even bigger trust.",billing_payment,rule_single,True,2
conv_1168515,"@AmazonHelp hi there, I can't seem to register an Amazon seller account... every time I enter my password it just knocks me back to login",account_access,rule_single,True,0
conv_2694976,@AmazonHelp I have returned an items using an amazon locker. Can you advise when I will know refund is complete. @115821 @115830,refund_return,rule_single,True,2
conv_2820525,@115850 @AmazonHelp  whats the use of having a prime access then  if my delivery takes so long ! Money wasted ! And no cash back came https://t.co/p3tANi9uzx,prime_subscription,rule_conflict,True,1
conv_268199,@AmazonHelp How do I get the Thursday Night Football stream on Amazon Prime on my PS4? I don't see a link to it on the app.,non_english,rule_multi,True,0
conv_2754687,"Sagt mal: wenn ich Musik via Amazon streame, gibt es dann irgendwo die Möglichkeit den Klang via Equalizer anzupassen. Metal klingt etwas komisch am in-ear-Kopfhörer @AmazonHelp",non_english,rule_single,True,0
conv_1680623,"@AmazonHelp I accidentally locked my kindle screen while reading. How do you unlock the lock screen, so that it can rotate normally.",technical_device,rule_conflict,True,0
conv_1197372,"@AmazonHelp My amazon fire stick won't show anything and just keeps loading. I restarted it 4 times, unplugged it and reconnected to wifi... https://t.co/b9OBqnoDRS",technical_device,rule_single,True,0
conv_2977337,"@amazonhelp give me my money back, I've been waiting 2 months for a refund",refund_return,rule_multi,True,1
conv_1474149,"@AmazonHelp 9th! I ordered via Prime because I needed it tomorrow, not next week! Consider my Prime membership cancelled!",prime_subscription,rule_single,True,0
conv_1655125,"@AmazonHelp  #408-3443578-8174720. Is this order coming ? payment deducted but the wbste says ""problem with payment""?",billing_payment,rule_single,True,1
conv_426313,"@AmazonHelp I downloaded an second audio book during my 3month trial but got charged, please may you advise how to help",billing_payment,rule_single,True,0
conv_1820490,"@AmazonHelp @115821 : I have been trying to get refund for a gift card for more than 2 mnts.  Can't reach CC on call,no replies to emails.",refund_return,rule_multi,True,1
conv_2703157,@AmazonHelp please can someone reply to me. Five replacement kindles and none of them work. I want to escalate this as far as possible now.,escalation_needed,rule_multi,True,2
conv_981376,"@AmazonHelp @115851  order# 408-5349587-9822753
No response from amazon india and agents rude behaviour and not addressing issue",escalation_needed,rule_single,True,1
conv_337752,"@115821 @116324 @115830 @AmazonHelp 

https://t.co/lbXwVfYHIY

3rd Samsung Note 8 delivery where phone is missing! This is ridiculous!",delivery_issue,rule_single,True,0
conv_2611549,#StarWarsBattlefrontII @AmazonHelp didn't turn up with today's post. #annoyed been on pre Order for months,order_problem,rule_single,True,9
conv_838627,@115850 @AmazonHelp How much time will it take to get invite for Amazon echo ? I have already requested it.,technical_device,rule_single,True,0
conv_2252849,@AmazonHelp why Chef movie is available to prime videos in laptop but not in fire stick ?? I wants to watch it in TV and can't ...,technical_device,rule_conflict,True,1
conv_1645617,@AmazonHelp no recibi mi pedido N.º 112-5097710-8304219 figura como entregado pero fue devuelto por error en el nombre. Necesito lo reenvien,non_english,rule_single,True,0
conv_261703,@AmazonHelp Would someone be able to answer a couple of questions for me on the Kindle Fire for kids?,technical_device,rule_single,True,0
conv_2405179,"@AmazonHelp Hi there, am I able to transfer my UK Prime account to IRL?",prime_subscription,golden,True,2
conv_284404,"@AmazonHelp hello, my package’s status on the Amazn app is « delivery in progress » while on the forwarder’s website it’s delivered pls help",non_english,rule_multi,True,1
conv_2277545,@AmazonHelp do you guys randomly send emails to prime subscribers with a chance to win $50 by doing a survey?,prime_subscription,rule_single,True,1
conv_729221,@AmazonHelp hello mon compte est inaccessible !  merci de me contacter en MP pour vous donner mon login. merci,non_english,rule_multi,True,0
conv_2672966,@AmazonHelp UK. I ordered somethg to post office but didn't pick up in time. Now it's being sent back to Amazon. Will I get refund on this?,refund_return,rule_single,True,2
conv_1026992,"https://t.co/V0S2BNxmhi
@AmazonHelp 
I wrote to Amazon asking why an image and such for my paperback isn't showing. This does show on Kindle",technical_device,rule_single,True,2
conv_1129395,@AmazonHelp for my order MI 4 I'm havin issue wid d phone delivered yesterday Its heating up alot I demand to return d phone n get refund,non_english,rule_multi,True,3
conv_2845500,"Really @115821 @AmazonHelp . Are you really going to charged me twice for my order? After claiming that my payment was ""Declined"" even though the payment was already deducted from my account and cleared my bank?",billing_payment,rule_single,True,2
conv_2698907,@AmazonHelp can I still get my battery changed by amazon on my kindle third generation,technical_device,rule_single,True,2
conv_2633211,@AmazonHelp hi I’ve been charged for prime but I don’t even use amazon!!,prime_subscription,rule_single,True,2
conv_905921,Uhhhh @AmazonHelp refunded the amount for my fire stick when they shouldn’t have. It was replaced. Lol.,technical_device,rule_single,True,2
conv_429524,@AmazonHelp I am not able to return my Order. Even though it was ordered with returned policy. Please help.,refund_return,rule_single,True,1
conv_2800418,"@AmazonHelp I just bought a digital code about 15-20 minutes ago and it is still, ""Pending Verification."" How long is this going to take?",account_access,rule_single,True,2
conv_2774136,@115850 @AmazonHelp Unable to get information on how to claim warranty for one of the products. App is also not helpful,non_english,rule_single,True,5
conv_2602959,Thanks @AmazonHelp. Pretty sure no one guessed what that gift was. @115821 https://t.co/d69bfUsBTI,resolution_confirmation,rule_single,True,3
conv_781918,"Hey @AmazonHelp, wieso verschickt ihr noch gleich Prime via @122924? Paket Montag verschickt, immer noch nichts da... mal wieder! 😒 https://t.co/wh2HenIMsm",prime_subscription,rule_single,True,0
conv_1721498,@AmazonHelp bought a Moto G5 Plus Amz Prime Ed but Moto does not rel timely secur fixes. Please rel bootloader unlock codes so we can fix it,prime_subscription,rule_single,True,3
conv_2680315,@AmazonHelp @115850 purchased oneplus5 one 11-aug-2017 was about to get refund on SBI credit card purchase haven't got yet . https://t.co/5ZwxKXss95,refund_return,rule_multi,True,0
conv_312127,@AmazonHelp I can not login with my Amazon Flex account. Could you help me please,account_access,rule_single,True,2
conv_351145,"@115850 if you wish to not to deliver my products, no worries. Pls give my money back🙏🏽
@AmazonHelp #amazonworst",delivery_issue,rule_multi,True,1
conv_2477388,@AmazonHelp You guys charged me twice for my items...can you not lol.,billing_payment,rule_single,True,2
conv_2609156,@AmazonHelp I was sent the wrong item! HELP! Who do I contact??? Need it ASAP,order_problem,rule_single,True,0
conv_2725044,"@AmazonHelp Hi, does the Alexa Firestick work with an HD-ready TV or does it have to be full HD?",technical_device,rule_single,True,2
conv_585757,"@AmazonHelp j'attends mon colis,il reste 4h23. J'espère que ce sera pas encore une attente pour rien.",non_english,rule_single,True,0
conv_80848,@AmazonHelp Please hurry up with your drone delivery technology. The actual human delivery drivers you employ are useless! Next day delivery... Yeah Right!!,delivery_issue,rule_single,True,4
conv_248606,"@AmazonHelp 
&amp; Fake update
The courier was unable to contact the recipient to arrange delivery. Please contact Amazon.
Mumbai, IN",delivery_issue,rule_single,True,3
conv_2719973,"@AmazonHelp Hi guys, I've had a payment go out twice over the weekend, but no duplicate order, can you look into? Thanks :)",billing_payment,rule_single,True,1
conv_673245,"Question. Do I need to be in UK to get Amazon Prime? Germany site said this ""Important: Please keep in mind that the Prime benefits are only available to customers in Germany and Austria."" 🤔🙈 @AmazonHelp",prime_subscription,rule_single,True,0
conv_2472438,@115850 @AmazonHelp @123288 @153500 Order Id: 402-7318839-9721163 Amazom delivers a locked phone with no unlocking pattern... Can't we lock Amazon out? https://t.co/QXms88617K,account_access,rule_single,True,1
conv_1238783,@AmazonHelp How can I delete a smart home device (not disable)? Alexa says I have more than 1 @51647 switch with the same name (I don’t).,technical_device,rule_single,True,0
conv_2451334,@120781 @AmazonHelp shopped on Amazon betn dates https://t.co/oWidheurkZ said 15% Cashback if I use Amazon Pay but I got just 3.6 %,billing_payment,rule_single,True,0
conv_2578441,"When @AmazonHelp literally end the chat on you and don’t resolve your issue, commit fraud and don’t deliver your stuff. Yeah. Bad day.",escalation_needed,rule_multi,True,4
conv_2032971,@AmazonHelp is it normal on kindle oasis (9th gen) to see the light bleeding out the corner? Might be hard to see in the photo but it's on the top left corner. https://t.co/aVJ5ywAcEN,technical_device,rule_single,True,0
conv_2485598,@AmazonHelp I have the accounts. One prime and one non prime. There must be a way to move the books on the non prime account. So I can close the non prime account. Help?,prime_subscription,rule_single,True,0
conv_373314,@AmazonHelp my package never came,delivery_issue,rule_single,True,10
conv_345833,@AmazonHelp why do your delivery drivers choose not to phone customers when they’re trying to deliver parcels. Would be SO much easier.,delivery_issue,rule_single,True,1
conv_2901032,Amazon has operationalized the human out of customer service. It's been a week since I first contacted Amazon regarding a fraud and identity theft issue. I've been given the run around and there has been zero action taken to fix this. @115851 @115821 @AmazonHelp @16828,escalation_needed,rule_single,True,4
conv_2724488,@AmazonHelp The worst experience I have got from Amazon on order no.408-8731383-6100325.Amazon is not refunding my money for sending the wrong item to me. The returned item is still reached its destination. Customer care is unable to help me.I will  Never buy anything from Amazon,refund_return,rule_conflict,True,1
conv_441908,"@AmazonHelp I had a GUARANTEED delivery date for a SNES Classic for 10/11. What did that ""guarantee"" get me? A delay until AT LEAST 11/9.",delivery_issue,rule_single,True,1
conv_239338,We were using Echo every day to listen to ESPNU on Sirius XM. The lat 4 days it states it could not find a station. @AmazonHelp @115833,technical_device,rule_single,True,0
conv_2675336,@AmazonHelp when I change the format of the Hesit Society Book 1 to kindle. It changes to a completely different title! :/ https://t.co/KozRIqrRWk,technical_device,rule_single,True,2
conv_386155,@115821 @AmazonHelp @115850  my frnd orderd a memory card .It gt automtically cancelled after delivery of the duplicate product #badAmazon,delivery_issue,rule_multi,True,1
conv_1187730,@AmazonHelp hi I've been paying for amazon prime without even realising or using the service? How can I cancel this? Thx,prime_subscription,rule_single,True,0
conv_1020120,@AmazonHelp Why is it that my delivery notes of 'leave in enclosed front porch' and the note I Ieft on my door both get ignored and my item goes undelivered AGAIN!,escalation_needed,rule_multi,True,0
conv_769587,@115821 @AmazonHelp thanks for sending me a item that was returned.  Including the hand written note from the last customer 👀 https://t.co/xMJQgCQ4II,refund_return,rule_single,True,3
conv_2640883,@AmazonHelp can you help with Echo issues? Received 2 today that fail to register.,technical_device,rule_single,True,0
conv_96724,"@AmazonHelp  @115821 placed an order, paid for expedited shipping. Wasn't delivered by 9PM as promised. How do I request refund of paid shipping that didn't happen? Thanks.",delivery_issue,rule_multi,True,1
conv_557092,"@AmazonHelp if i dont get my package today im never gonna order anything else from you guys ever again, this is fucking ridiculous that my package was delayed",delivery_issue,rule_single,True,1
conv_1270205,@AmazonHelp I just got an email saying i qualified for a £6 promotional code but am not seeing it appplied to my account?,account_access,rule_single,True,4
conv_1345575,"@AmazonHelp Hey, Amazon asks for monthly statement for my new card, but I have no statement yet, What can I do? My account is on hold now :(",billing_payment,rule_single,True,1
conv_235207,@AmazonHelp given unfair dismissal from Amazon Flex for an error with their app &amp; they won't reinstate my contract &amp; have given no reasons,non_english,rule_single,True,0
conv_2753546,@AmazonHelp atleast have some human feeling in you we earn each money very hardly and you made fraud with us like this I did wrong trusting This fraudulent site,escalation_needed,rule_multi,True,0
conv_2069739,@AmazonHelp my account was recently broken into. Is there a way to get in the account without knowing the email and password?,account_access,rule_single,True,0
conv_792661,"@309021 Últimamente @116928 ha bajado la calidad
No sé si sabe @AmazonHelp y @309020 que no han enviado los #ResidentEvilRevelations de PS4",non_english,rule_single,True,0
conv_1473746,"Thanks @AmazonHelp for putting me in an endless verification loop, fuck yourselves I want my 1.5 grand back nigs",resolution_confirmation,rule_multi,True,1
conv_1986974,"@AmazonHelp, what a joke. The most #unhelpful #rude #unprofessional #uncommunicative team I’ve come across. Who taught you #CustomerService?",escalation_needed,rule_single,True,3
conv_865989,"@AmazonHelp Guys, how do I set my fire TV stick to Indian region? I am not able to see Indian content.",technical_device,rule_single,True,0
conv_81054,I am rohit vijan i have purchased fit bit altra band so i returned the product on 11 nov and since 24 nov my refund isnt initiated is that lyk this u provide service to customers @AmazonHelp @AmazonHelp @115821 @115850 my contct no 9619266205 https://t.co/cQbCsIUl4z,refund_return,rule_single,True,7
conv_1541867,@AmazonHelp app recognises that I am logged in but won’t refinish password or fingerprint. Won’t let me do reset either https://t.co/mz7e71sjc6,non_english,rule_multi,True,0
conv_2429463,"@AmazonHelp Amazon has locked my account for almost one month! Since 20 Oct to be exact. After several customer service calls I only get emails about sending in information that I have already sent, or wait 24more hours. Well, I have waited 552. Is this going to be ever solved?",account_access,rule_single,True,2
conv_2946857,@AmazonHelp Hoping you can help me with an order and why payment is still pending.,billing_payment,rule_single,True,4
conv_2170437,@AmazonHelp there was a pick up scheduled today on a replacement.. No one has come and no response... Pathetic... https://t.co/mY1b9zHvEO,escalation_needed,rule_multi,True,1
conv_167898,"Can't buy anything on amazon India my accounts keeps getting blocked. I'm sick of this. Can't do any shopping. Need help and I need an account for support. Very bored about it. Tried to contact @AmazonHelp, such a bad customer service. @115851 @115821 @115850",account_access,rule_single,True,2
conv_2170774,@AmazonHelp i've been sent the wrong item and need the correct one for tomorrow can you get this done or are you absolute chickens?,order_problem,rule_single,True,0
conv_934385,"@AmazonHelp @115821 customer service so disappointing... 0 accountability, exp so far is that team doesn’t care",escalation_needed,rule_single,True,3
conv_420919,@AmazonHelp very poor service provided by Amazon received my order at my location on 9th October only but still its not out for delivery. https://t.co/k1DrUO2bpM,delivery_issue,rule_single,True,1
conv_2280094,@AmazonHelp my account seems compromised pls send me a link to reset password and all purchases made on 12 nov pls canCel it,account_access,rule_single,True,1
conv_579897,"@AmazonHelp Hi I'm still waiting to hear abouts my order is. How could it appear like it's been delivered, when it's not. I've contacted #iparcel twice since Thursday but no replies.",delivery_issue,rule_single,True,3
conv_1791714,"@115821 @AmazonHelp I keep getting daily emails about my product reviews on your site. Small problem, I’ve never written one. Fraud?",escalation_needed,rule_single,True,0
conv_275204,@AmazonHelp I have an Echo Dot I purchased in US. Will it work fully in India once you launch it here officially?,technical_device,rule_single,True,0
conv_707343,@AmazonHelp My boyfriend has been promised a call back from the Accounts team 3 times during the last 3 months to arrange cancellation of...,escalation_needed,rule_single,True,1
conv_1188576,"Irgendwas klappt da mit der Alexa-Verbindung mit Spotify nicht, @AmazonHelp.... https://t.co/G7IfWYTtFx",non_english,rule_multi,True,1
conv_1368146,Let's guess how many times I have to tell @AmazonHelp that I have contacted my bank before they realize it is their sites problem?,billing_payment,rule_single,True,0
conv_124782,@115851 if your customer care team’s commitment on email or call can’t be relied for refund then whose can? @AmazonHelp @1560 Order # 403-6690888-7030713. Committed and backed out.,escalation_needed,rule_multi,True,1
conv_2518058,".@116090 Great surprise to see you've made Prime Music available to Canadians.... but it keeps making me log in and then tells me my session has expired... what's the deal? 

Cc: @AmazonHelp https://t.co/sfbFMiGS3g",account_access,rule_multi,True,0
conv_1334989,@AmazonHelp was trying to gift a kindle book for a friend ended up clicking buying it for me,technical_device,rule_single,True,0
conv_2761294,"@AmazonHelp Hello, I missed the allocated time to drop off return at an Amazon locker, how can I reschedule? Thanks",refund_return,rule_single,True,1
conv_1911634,@AmazonHelp I have accidentally ordered same book twice can I return the same once I receive it??,refund_return,rule_single,True,2
conv_114312,Why does amazon take my money but then cancel my order? @AmazonHelp,billing_payment,rule_single,True,1
conv_721743,@AmazonHelp this is literally like the fourth time a next day package has been delayed. Idk why i even pay for prime.,delivery_issue,rule_multi,True,4
conv_711649,@AmazonHelp my delivery never came &amp; im locked out my account &amp; it took the money off my card .,account_access,rule_conflict,True,1
conv_1767490,"@115821 @AmazonHelp not happy with current #service #prime a waste of time! Deliveries a joke, items damaged or incorrect!",order_problem,rule_multi,True,1
conv_452003,@AmazonHelp talk to me.  WTF is this???! Package tracking TBA577040572000 https://t.co/3d2CVI5b5D,delivery_issue,rule_single,True,1
conv_378672,@AmazonHelp @115850 I have still not received the invoice for my product which was delivered on 27th Sep...Kindly send me the invoice ASAP,delivery_issue,rule_single,True,0
conv_1501843,"@AmazonHelp So, why have you suddenly stopped delivering on weekends to my area without mentioning it? Rather reduces usefulness of Prime.",prime_subscription,rule_single,True,4
conv_1616792,@AmazonHelp si j'achete une PS4 ou Xbox one je doit avoir un abonnement à payer pour jouer en multijoueur ou je peux brancher un câble  ?,non_english,rule_single,True,0
conv_2609291,"Hi @AmazonHelp sorry to bother you.  Bought item through you (3rd party seller), not arrived.  Contacted through the app, email to say it wasn't received by recipient.  How do I contact them?😣",non_english,rule_multi,True,2
conv_279689,@115851 @115850 @AmazonHelp  sir amazon india are not taking cognizance on my complaint and giving shelter to fraud courior boy,escalation_needed,rule_single,True,2
conv_830807,"Hey, I have always received a great service from you guys! the issue is from @115821 @115850 @AmazonHelp. Such a pathetic team😞 https://t.co/LnSRUfirLm",escalation_needed,rule_single,True,0
conv_497350,"@AmazonHelp u sucks man ... prime member like faces this sort of service, not done at all .... not buying anything from @AmazonHelp again....",prime_subscription,rule_single,True,1
conv_166474,@AmazonHelp sag mal habt ihr sie noch alle mein Paket auf dem Flur bei uns zu lassen?!?! Es steht im Hauseingang fett und groß PAKETE NICHT IM HAUSFLUR ABSTELLEN. Natürlich ist das nicht mehr hier.,non_english,rule_single,True,0
conv_453373,What’s the best email @AmazonHelp  to send a complaint in?! https://t.co/krFryX22kM,escalation_needed,rule_single,True,1
conv_2931436,@AmazonHelp Already 13 days passed but still no resolution on ranking issue. what your internal team is doing? you guys mess complete business only 5 product live. why this issue talking too much time. now its enough. CASE ID 4116523142,escalation_needed,rule_single,True,2
conv_1466010,"@AmazonHelp hey amazon, i m traveling shortly and want to gift my mom echo dot prior. Raised request. Could u help by any chance? thx",technical_device,rule_single,True,0
conv_395431,@AmazonHelp is there a problem setting up an Amazon Prime account tonight?,prime_subscription,rule_single,True,2
conv_1844396,"@AmazonHelp  @115850  @115851  Very poor service in return, Please check this ORDER # 406-9540692-7046761 , requested return and replacement(ORDER # 408-0806392-9059553) 4 days ago- no one is coming for pickup. That's why replacement is not dispatching.",refund_return,rule_single,True,2
conv_2084563,@AmazonHelp is there a way to put a pin on my prime video account for buy and renting film/tv shows?,prime_subscription,rule_single,True,0
conv_1041643,@AmazonHelp I've disputed charges from you and you've said I would be contacted by act. Spec. No contact. You deleted my Prime. What gives?,prime_subscription,rule_single,True,3
conv_1489780,"@AmazonHelp pre ordered a digital copy of cod WW2 in September. Its saying pending verification today, what can I do?",account_access,rule_single,True,0
conv_1018825,@AmazonHelp Warum erzählt mir Alexa heute nur Osterwitze? https://t.co/uFKUUdj5Ip,technical_device,rule_single,True,0
conv_593461,@AmazonHelp Hi. I have a parcel which says due today by 8pm but doesn’t say it’s out for delivery. Can this be checked please?,delivery_issue,rule_single,True,2
conv_1160437,Hello @AmazonHelp! Quick question. Are all Amazon Prime returns free? Many thanks!,prime_subscription,rule_single,True,1
conv_2847330,Thanks amazon. Pay for one day delivery because today is the only day I’ll be in and now I get an email saying I have to wait another day or two. Not going to be here so what do I do now??? @AmazonHelp,resolution_confirmation,rule_multi,True,4
conv_1708594,"@AmazonHelp Hello, I've been trying to log into my amazon account all afternoon and I've reset my password at the very less 10 times. Help?",account_access,rule_single,True,0
conv_137001,@AmazonHelp How do you retrieve a VAT invoice from your prime now site?,prime_subscription,rule_single,True,1
conv_1484004,Dear @AmazonHelp i am waiting for 10% cashback against this order for using SBI debit card ... Update please ... @115850 https://t.co/0ON1QEMEu3,billing_payment,rule_single,True,2
conv_1881134,@AmazonHelp do you help with prime photos? because the search by keyword function is a literal joke/disaster. faces also useless.,prime_subscription,rule_single,True,0
conv_1732150,@AmazonHelp I returned a copy of Mario Odyssey because I was sent and charged for 2 copies. I received an email to say you received the 1/2,refund_return,rule_multi,True,2
conv_2561992,@AmazonHelp do people usually have to wait 3 weeks for a refund?,refund_return,rule_single,True,13
conv_546438,Why has @115821 removed the ability to see the actual tracking number of an order?! @AmazonHelp,delivery_issue,rule_single,True,3
conv_1608403,@AmazonHelp When will Saavn integration with Alexa go live in India?,technical_device,rule_single,True,0
conv_960132,@AmazonHelp I returned jeans on 3 OCt.but stil I haven't receive my money back.It's very disapointing.l After sale u want to return my money,refund_return,rule_multi,True,0
conv_1273440,@AmazonHelp just cancelled my prime membership as you are not allowing monthly payment #badmove,prime_subscription,rule_conflict,True,0
conv_64182,"@AmazonHelp Three days, and case still unresolved. It doesn't even seem your people ""get"" what the problem is. Escalate the case to tech or whatever to investigate where the missing credits went. Replied to A1OMV7KNFMOJF0 and barely managed to sound patient.",escalation_needed,rule_multi,True,0
conv_2171094,"@115850 @115851 @AmazonHelp After getting all proof via email, they say it's mentioned on our portal if it's not visible to you,""We can't help"". Return on Mobile is not in Policy (5) @18220 Do we have any law on this?",refund_return,rule_single,True,1
conv_1471751,@AmazonHelp I thought you guys were streaming Thursday Night Football this year. Gave up when you didn’t like the teams? #BUFvsNYJ,technical_device,rule_single,True,0
conv_456594,@115821 Any legal recourse here or can @115821 just keep our $877 while they pass us around from 1 customer service department to another like they have since APRIL? Has this happened to anyone else? @AmazonHelp #amazon #fedup,escalation_needed,rule_single,True,0
conv_791549,Mon colis est arrivé à bon port :D @AmazonHelp,non_english,rule_single,True,0
conv_2719426,"@AmazonHelp Can I request Kindle edition for a book? If I can do that, how long would it take?",technical_device,rule_single,True,4
conv_2562272,"@115830 @AmazonHelp I cannot log in to amazon echo, changed password, nothing works, just get (UnknownOperationException/) can't find out how to fix it/what issue is, so please respond.",technical_device,rule_conflict,True,1
conv_550541,"Thought I'd try my new Amazon fire stick (gen 2)

'home is currently unavailable
can't contact our servers'

😕😩

@AmazonHelp",technical_device,rule_single,True,0
conv_2634870,hey @AmazonHelp i paid for an e-book from my amazon pay balance but didn't get it on kindle. The balance was deducted though the payment failed https://t.co/Rj98OcAsC3,billing_payment,rule_multi,True,1
conv_103080,@AmazonHelp my friend has had money taken out of her bank and she hasn't bought anything and isn't signed up for anything @138670,billing_payment,rule_single,True,1
conv_2081546,@AmazonHelp Chat help unimpressive. Communication even worse. Will be going out at 11pm to replace order. #customerservicefail #amazon,refund_return,rule_single,True,3
conv_2686746,"@AmazonHelp Bought Minecraft from Amazon Store on previous device. Wiped &amp; sold device, Xferred acct to new device, now I get this - help! 😞 https://t.co/uWC4UuvAvS",technical_device,rule_single,True,1
conv_2378202,@AmazonHelp I deleted a child account on my sons kindle and now none of the kids profiles work.  Added them again and still get an error.,technical_device,rule_single,True,2
conv_1330254,"@AmazonHelp hace varias semanas recibí un email diciendo que me reembolsarían el dinero de una devolución. Casi un mes y sin noticias, el reembolso no se ha producido, qué hago?",non_english,rule_single,True,0
conv_794455,@AmazonHelp  I placed an order and amazon took double the money out of my account. I cancelled the order but I have not seem my money. I am now out of 80 dollars. Help.,billing_payment,rule_single,True,3
conv_629632,"Kann mir einer Erklären wieso meine Bestellung die heute ankommen sollte aufeinmal auf Freitag kommen soll und noch nichtmal versandt wurde? Online Bestellungen werden auch immer nerviger... 😔

 @AmazonHelp",non_english,rule_single,True,0
conv_322959,@AmazonHelp #Amazon  is so disappointing. Made 8 callsto the customer care and still product is not delivered. #amazondisappointed,delivery_issue,rule_single,True,3
conv_558473,"@AmazonHelp, I paid extra to have a package delivered yesterday. Mail has already come today and it's still not here (which should have been here today even without paying extra since I have prime). How do I get back my money I paid for early delivery that never happened?",prime_subscription,rule_conflict,True,2
conv_1156200,"@AmazonHelp hi, can you give me some advice on a return? If I DM the order number, would you be able to give me some details about return?",refund_return,rule_single,True,3
conv_1450050,"@AmazonHelp Dear Amazon, I recently purchased a Sonos One, but did not get one of the promotion coupons for the Echo Dot! Can u help me out?",technical_device,rule_single,True,1
conv_394458,"@AmazonHelp UK delivery by @122232 is crap. I have Prime, yet they never deliver next day due to delays. Not what I pay monthly for.",prime_subscription,rule_conflict,True,1
conv_2731133,"@AmazonHelp @115821 Hi, I have ordered a BPL TV from amazon at a listed price for a seller but when i contact the customer care for product delivery information, they informed me that it was a pricing error. I have given a tracking id too and now this happens#amazon#fraud https://t.co/QRNE9yElNF",escalation_needed,rule_multi,True,2
conv_64100,@115850 @AmazonHelp Dear Cheats will you care to update about the below order status.. Your Amazon.in Order # 403-0745487-1392338.. I am getting no response from your end and I have already made payment from my end.. Stuck .. Not done..,escalation_needed,rule_multi,True,2
conv_798769,@AmazonHelp normal qu’on commander un livre qui devait être livré hier avant 20h et que finalement on doit aller le chercher dans un point relais alors que c livraison à domicile !,non_english,rule_single,True,0
conv_2192489,"@AmazonHelp I'm already prime member but (Oh no! We can’t enable Twitch Prime on your account.
There was an error. Please try again in a moment.) this error. Have can i connect my account?",prime_subscription,rule_single,True,1
conv_450821,"@AmazonHelp Amazon, your couriers ‘attempted delivery’ and failed despite me being in, and i’ve been lied to multiple times on the phone saying my item is arriving before 8pm but it hasn’t arrived. What can i do? Sick with your service",delivery_issue,rule_single,True,0
conv_1365488,@AmazonHelp Can someone help me with an issue with a brand new Fire TV I received today?,technical_device,rule_single,True,1
conv_796455,"@AmazonHelp what is wrong with your team 
Worst service ever.",escalation_needed,rule_single,True,1
conv_2229751,Will we be able to watch @116618 films we buy and download to our iPad abroad @AmazonHelp ?,resolution_confirmation,golden,True,0
conv_2226499,"Por favor @AmazonHelp empezad a poner la factura en papel en todos los envíos a Canarias. Normalmente lo hacéis, pero pedí unos cascos y no lo hicisteis y Correos devolvió el paquete.

En península no hace falta, en Canarias es obligatorio por ley.",non_english,golden,True,0
conv_1335072,"@AmazonHelp Hi, I sent a refund request for a gift order and have not heard back after 48 hours - can you help?",refund_return,rule_single,True,1
conv_1828746,"Very disappointed with the @AmazonHelp support staff team. They've spoiled my #HappyDiwali celebrations.
Will never visit @115850 now.",escalation_needed,rule_single,True,1
conv_1220827,"@AmazonHelp 4 Tage her und noch nicht mal versandt?! Das kenne ich anders...
Außerdem könnte das Lieferdatum wenn dann auch mal neunberechnet werden https://t.co/eOCybSzu7G",non_english,rule_single,True,0
conv_297372,@AmazonHelp I am trying to order three books that qualify for free delivery but when I go to checkout it's £2.99 delivery charge! Why? Help!,delivery_issue,rule_multi,True,2
conv_709437,@AmazonHelp order# 402-4828292-2369943 I received a empty box but your cap team says the product is delivered how can it possible,escalation_needed,rule_multi,True,1
conv_1049134,"@AmazonHelp I have to return an order, but apparently I can't. Can you guys look into it ?",refund_return,rule_single,True,1
conv_971308,"@AmazonHelp it showing estimate date is 4oct and today is 21oct its over 1 mnth to this order but still i dnt get prdct or refund. 
Embedded https://t.co/mVJdO6WaMn",refund_return,rule_single,True,1
conv_1020090,@AmazonHelp I've had my card details declined several times today. All details are correct. What's the issue?,billing_payment,rule_single,True,0
conv_1741043,@AmazonHelp ¿Cuándo les van a llegar sus copias de Twin Peaks: The Final Dossier a México? El internet ya me spoileó medio libro. Gracias.,non_english,rule_single,True,0
conv_969238,"@AmazonHelp @115850 #Customersatisfaction is much better way to gain business, than to spend money alone. #amazonindia  is losing it. https://t.co/fLDkPXM1pz",billing_payment,rule_single,True,4
conv_2538966,@115851 Order# 404-6901064-4338704 I got d msg that product is out for delivery but agent didnt pick call n he did fraud n updated dat Item marked as rejected by me Mr Tarun from ur team is useless n debating that i need to reorder why i shud be harassed @115821 @AmazonHelp,escalation_needed,rule_multi,True,9
conv_379891,@AmazonHelp been locked out of my account for ages. Reset password but won't recognise it. Very annoying,account_access,rule_single,True,1
conv_394905,"@115821 @119356 @AmazonHelp @115851 @209576 till date no response and positive action observed. Even after replying through, the link mentioned by Amazon. Some one has to take onus and prove that customers r valuable.. 🙏🙏 https://t.co/jpeaB7qq0V",escalation_needed,rule_single,True,3
conv_988326,@AmazonHelp Accidentally bought George Michael's 'Ladies And Gentlemen...'. Please can you arrange a refund? I haven't downloaded it. Thanks,refund_return,rule_single,True,0
conv_1300471,"@AmazonHelp, Amazon &amp; Kult mobile dumping cheap mobile to customers. They wont refund. Pathetic policy Order #
408-3478525-6871517.",refund_return,rule_single,True,1
conv_809408,@AmazonHelp why was one of my vinyl records sent without being protected? Unsurprisingly 2 corners damaged. https://t.co/tvc9lwemUB,order_problem,rule_single,True,1
conv_1133059,@AmazonHelp thanks for providing worst service. Even not providing complaint number... https://t.co/xg3e975RHP,escalation_needed,rule_single,True,0
conv_114361,"@AmazonHelp hi I returned an item via amazon locker, I put the item in on Sunday and the return status is still “return requested” and hasn’t acknowledged that I’ve put it in the locker. Is this normal?",refund_return,rule_single,True,2
conv_954120,"It's not that I want to cancel my Prime subscription, @115821, it's that you signed me up without my permission. @AmazonHelp",prime_subscription,rule_single,True,1
conv_34540,"@AmazonHelp  Bonjour , pas moyens de link mon compte amazon prime avec twitch , comment ça se fais ? https://t.co/TyFA307KHW",non_english,rule_multi,True,0
conv_2627650,"@115850 @AmazonHelp 
order id: #P04-3538008-5849020
made payment via amazon pay
cashback not yet credited",billing_payment,rule_single,True,1
conv_1283071,Thank you @AmazonHelp everyone knows: brand new = bent bitch https://t.co/R6JfcllXDT,resolution_confirmation,rule_single,True,2
conv_222923,@AmazonHelp what does it take for you to actually deliver when you say you will?,delivery_issue,rule_single,True,3
conv_787518,"2 days late on paying extra for 1 day delivery, still the product is nowhere to be seen @115850 @AmazonHelp HORRIBLE service &amp; experience",delivery_issue,rule_single,True,4
conv_62162,@AmazonHelp Hi im sending this message about a product i bought on saturday with two day shipping that said i was suppose to receive on,delivery_issue,rule_single,True,1
conv_831570,Day 20:Still not received order nor any updates. Receiving lot of apology and escalation 🚨 from @AmazonHelp @115850 but no actions. Poor! https://t.co/NW3wjzOXey,delivery_issue,rule_single,True,1
conv_2562146,"Bonjour @AmazonHelp la prochaine fois, checkez mieux vos stocks, j'aurais pu le prendre sur un autre site à prix réduit si vous aviez pas prévenu genre 3 jours après la commande !!! Putain",non_english,rule_single,True,0
conv_1595321,"@AmazonHelp by providing dis service, you support and deliver team's forcing me to not use service in future @115821",escalation_needed,rule_multi,True,2
conv_1149803,@115850 @AmazonHelp kindly refund money for order 404-2396392-7886725 via Amazon pay as I have to place an order before sale ends,refund_return,rule_multi,True,2
conv_1124091,. @116316 @AmazonHelp Ich als #amazonprime Kunde habe vor 5 Tagen einen lagernden Artikel bestellt und ihr habt den noch nicht verschickt.,non_english,rule_single,True,0
conv_91296,"@AmazonHelp Package due to be delivered today. Two hours ago your tracking page said ""Driver is making 3 deliveries before yours"", now it says there are ""7 deliveries before yours"". Is it being delivered in a DeLorean per chance? #backtothefuture #timemachine",delivery_issue,rule_single,True,2
conv_2371323,"@AmazonHelp Hello, I'd like to have access to a chat for help. I think my account was hacked and my kindle content vanished as well as amazon record of purchases I was promised help via chat but help never came... Thank you",technical_device,rule_conflict,True,1
conv_427387,"@AmazonHelp Three weeks now that you've locked me out of out of my account and refuse to resolve the issue via chat, email or phone (1/2)",account_access,rule_single,True,1
conv_966288,@AmazonHelp streaming keeps getting interrupted today.,technical_device,rule_single,True,0
conv_2120827,@AmazonHelp hey I need help I'm not able to use the find that I have as gift card on my amazon account!,billing_payment,rule_single,True,0
conv_685698,"@AmazonHelp Hi...

I'm a devoted Amazon customer since 2006. Have multiple CCs from you guys and now my account is being locked due to a recent transaction.

This is ridiculous!",account_access,rule_single,True,5
conv_960460,@115850 @AmazonHelp who are the winners of #amazonsaletrail contest held on app please post update you people sad that announcement on 20,non_english,rule_single,True,0
conv_261266,"How does one damage a pair of foam @82462? If you're @AmazonHelp, it's easier than you think, apparently. And the best part? You don't even need to tell your customer that the shipment is damaged until they ask about it! 🤷‍♂️",order_problem,rule_single,True,0
conv_1730743,"@AmazonHelp I would like to raise a serious complaint regarding my account and my failed order, 3rd time now and I find it disgusting",escalation_needed,rule_single,True,3
conv_2389707,"@AmazonHelp @115850 5 mins back received order. Why sending damaged product? Order Id: 408-1966445-1659532. It's clearly mentioned on the pack as ""Customer Damage"" then also sending to customer. Poor service. What's the meaning of amazon fulfilled service. Replace it. https://t.co/BmFg25rMj0",order_problem,golden,True,1
conv_120254,@AmazonHelp Shocking service! whats the point of having prime if its not delivered when promised! by 22:00 did not arrive!,delivery_issue,rule_multi,True,1
conv_1723881,"Hey @AmazonHelp, Does Echo Dot support phone calling in India? If Not would it be added soon?
Also does it differentiate between me &amp; mom",technical_device,rule_single,True,1
conv_2726803,@115850 None of your customer service number is working and unable to get a call back. Pls help received a damaged product. @AmazonHelp. order #403-1957134-6313962. https://t.co/iMtsXYsUu7,order_problem,golden,True,3
conv_1577214,"@AmazonHelp I have recived a email stating I haven't been charged for a cancelled item, But the funds aren't back in my account?",billing_payment,rule_single,True,0
conv_2434994,@AmazonHelp I ordered a gift but did not receive a gift receipt. How can I print on off myself?,account_access,rule_single,True,7
conv_2936664,"@AmazonHelp Hello. I'm trying to log on to Amazon in my library but can't. ""The owner of https://t.co/vWVKORx4Y8 has configured their website improperly..."" I wanted to cancel Prime + Kindle subscriptions. Can you help?",technical_device,rule_conflict,True,5
conv_2478826,@AmazonHelp I sent x 2 items back to you on 7th November. You have refund one item. The other for £154.99 has not been refund. I’ve been told to wait 7 working days. I’ve waited and still no money in my account. Where is my REFUND AMAZON??? Your custemure service #sucks #terible,refund_return,rule_multi,True,4
conv_2117783,Thanks @115850 for providing me refund this quick. Amazing customer Support :) @AmazonHelp,resolution_confirmation,rule_multi,True,2
conv_603992,"@AmazonHelp I ordered an elgato and it hasn’t shipped yet, how long until I get it? https://t.co/z4MqdlnqIK",delivery_issue,rule_single,True,2
conv_616985,"@AmazonHelp my packet was out for delivery in morning but I am yet to receive it. 
None of your courier agent tried to contact me.",delivery_issue,rule_single,True,3
conv_2835692,"@AmazonHelp made an order, get completely wrong items, you can't honour my order or price I paid?! Absolute joke for a company your size!!!!",order_problem,golden,True,8
conv_2128995,@AmazonHelp Appalling service from you. Prime delivery due by 8pm today (which is in 52mins) still preparing for dispatch. CS agents unable to help as getting no response to their emails/queries to fulfillment centres. Not good enough.,escalation_needed,rule_multi,True,0
conv_912879,"@AmazonHelp Here’s the 24 hour Amazon locker on 239 Crescent, Beverly Hills, CA. Well closed. Firmly locked. Please updt hours or open door https://t.co/oc3doV5NNs",account_access,rule_single,True,1
conv_1394390,"@AmazonHelp Need UK contact details for complaint. Lied to about delivery, patronised by unhelpful online staff last night. Sent complaint",escalation_needed,rule_multi,True,0
conv_2282958,@AmazonHelp Hi! i got charged R$1 from @117086 on october 10th. and i have no idea why. i havent placed a new order +,billing_payment,rule_single,True,0
conv_1441394,"@AmazonHelp got query regarding Alexa 
Please reply to my DM
Thank You !",technical_device,rule_single,True,3
conv_649691,@115830 @AmazonHelp then said you'll reorder for me and charge me the same price. I've just checked my statement and you've charged me extra for delivery = not same price,delivery_issue,rule_multi,True,0
conv_2130981,Thanks @115830 PRIME for ruining my mum's Birthday by failing to deliver our present to her 👎🏼💩 @AmazonHelp #AmazonPrime #letdown,resolution_confirmation,golden,True,0
conv_179581,@AmazonHelp @119356 @115850 1st mobile recharge with Amazon pay...but cashback not added to my Amazon wallet,billing_payment,rule_single,True,0
conv_1178030,"@AmazonHelp hey, my prime video app on android stopped working a week ago. Just gets stuck loading like this infinitely. https://t.co/IOix03hbgW",non_english,rule_multi,True,2
conv_83366,@AmazonHelp @115850 I am not getting any discount option on using ICICI credit card when u have mentioned the same in your terms and conditions. https://t.co/3S66yJalKj,billing_payment,rule_single,True,3
conv_326676,@AmazonHelp may I know how to reset my kindle device. I have forgotten my password and I am unable to open it,technical_device,rule_conflict,True,0
conv_1265724,Customer service at its best. @115830 @AmazonHelp. 10 yrs a customer and never a bad experience. Kudos to the team. #satisfiedcustomer,escalation_needed,rule_single,True,1
conv_1469952,uhh I signed up for an Amazon Prime trial and it fucking charges me 11 bucks like 2 days later wtf? @AmazonHelp,prime_subscription,rule_single,True,0
conv_2470122,"@AmazonHelp @115830 my kindle was stolen during a break in, is there anything I can do to ensure my details are secure? (As it is linked to my Amazon and various other accounts) #nomorereading 😥",technical_device,rule_single,True,0
conv_1635904,@AmazonHelp I have never been more unsatisfied than now...its been 5 days i have processed my refund &amp; items not picked from my place,refund_return,rule_single,True,1
conv_2366270,@AmazonHelp I have a prime account but then I sign in on Amazon now it tells me to use my email to get info on becoming prime ?,account_access,rule_multi,True,2
conv_2449325,@AmazonHelp  I’ve been on the phone for 30min with no resolution to my problem. How hard is it to replace something with a warranty?!,refund_return,rule_single,True,0
conv_382810,@AmazonHelp hey. Is there a return/refund policy if I buy this and not happy? Bose SoundTouch 10 Wireless (Bluetooth/Wi-Fi) Speaker System,refund_return,rule_single,True,3
conv_280437,@AmazonHelp trying to choose a parcelpoint in Australia for delivery but there is no option for me to select one at checkout. help?,delivery_issue,rule_single,True,0
conv_274447,"Dear @115821 @AmazonHelp team 
I got faulty charger with phone. ""Don't fool customers"". Provide concrete solution. https://t.co/iXvIZbxXPK",escalation_needed,rule_single,True,0
conv_1223169,@AmazonHelp Necesito Ayuda! Por bloqueo de cuenta!,non_english,rule_single,True,0
conv_2948051,@AmazonHelp i joined prime by accident and it's charged my bank £79 immediately. i've now cancelled membership but when can i expect a refund?,refund_return,rule_multi,True,2
conv_2289957,Bonjour @AmazonHelp ! Existe il un moyen de se faire livrer des produits seulement disponible sur https://t.co/cFNVUYnPG4 en France ? (ceci : https://t.co/LfkXHTVPye). Merci :),non_english,rule_single,True,0
conv_404086,"Have the worst time trying to unlock my @115830 account with @AmazonHelp - 4 phone calls and 3 emails later, no one is listening or helping! I just want to access my account again! #customerservice #amazon #angrycustomer #itsgettingridiculousnow",account_access,rule_single,True,2
conv_616895,@AmazonHelp hopeless experience.. Its been more than a week and you say to contact customer service &amp; they socialmedia is lookingover refund,refund_return,rule_single,True,3
conv_652129,@AmazonHelp Hello! I canceled my Amazon prime on September 23rd and was told I would get the refund on my card in 3-5 days and it's still not there. Help?,prime_subscription,rule_conflict,True,2
conv_2240694,"@1404 @AmazonHelp @115850 A good company would have rectified its mistake within 40 seconds, Amazon even after 40 days instead of rectifying it mistake is doing everything to coverup as it is not mistake it is intentional fraud",escalation_needed,rule_single,True,0
conv_1223747,"@AmazonHelp buenas tardes, donde puedo poner una reclamación?",non_english,rule_single,True,0
conv_590820,@AmazonHelp can someone call me immediately? I have spent an hour trying to sort my late items on chat and phone. You just cut me off. I'm so fed up,delivery_issue,rule_single,True,0
conv_2483976,"Bonjour @14272. Après commande à @120533 @AmazonHelp le colis devait arriver aujourd'hui avant 16h00. Mais sur le suivi il n'est même pas en cours d'acheminement. Au tél, je ne sais rien avoir comme information de BPOST. Que faire ? TRACK : 32321125__credit_card__",non_english,golden,True,0
conv_1282283,"@AmazonHelp @115821 Amazon Prime is a JOKE! Two-day shipping is apparently FIVE-day shipping, DONT WASTE YOUR MONEY ON THEIR LIES",prime_subscription,rule_conflict,True,0
conv_1411581,@AmazonHelp @117086 vc é uma fanfarrona! Fui dar uma moral pra vcs assinando o #PrimeVideo e me surpreendi com legendas em inglês 😭 what?!,technical_device,golden,True,0
conv_264435,Natürlich war das solches Fiasko fast sicher: @AmazonHelp sollte heute als Prime mit @122924 liefern. Paket liegt irgendwo bei Hannover.,non_english,rule_multi,True,0
conv_355343,@AmazonHelp can you contact me please as my email has been changed without me doing so and now i cant sign in?,account_access,rule_single,True,1
conv_222861,"@AmazonHelp hi, my dad is using Facebook on his kindle fire app and it keeps saying he needs to update the app, but it does it through",non_english,rule_multi,True,0
conv_2670048,@AmazonHelp hi will you be running the discounted prime membership as a part of your black Friday/cyber Monday deals this year?,prime_subscription,rule_single,True,0
conv_396929,"@AmazonHelp @115850 @115821 my order status says ""delivered"", but I haven't received any. I had already paid for the order :-/",delivery_issue,rule_single,True,4
conv_1116133,"@AmazonHelp According to your app, you're planning to deliver my parcel yesterday. You didn't- have you secretly got a time machine?!",non_english,golden,True,2
conv_782474,@115851 @115821 bought through amaxon prime..7 days no delivery yet..do what you claim @AmazonHelp,delivery_issue,rule_multi,True,2
conv_781685,@AmazonHelp There is no follow-up support from your team for the request for damaged product received. Please help,escalation_needed,rule_multi,True,1
conv_1820428,"@115821 @115850 @AmazonHelp Please escalate the issue. The delivery guy has now rolled back the order and shown it as ""refused at time of delivery"".",escalation_needed,rule_multi,True,1
conv_765704,"Thanks @AmazonHelp for ruining my Florida trip - ordered a lens, got a pack of Polaroid film instead. No sign of resolution #amazon #ruinedholidays",resolution_confirmation,rule_single,True,0
conv_380158,"@AmazonHelp hey where is my prepaid packet??  No one to help in customer care.?  Its showing delivered but havnt recd.😠😠
__email__",delivery_issue,rule_single,True,1
conv_2511580,"@AmazonHelp My account has been locked, my Echo disabled and my Prime unusable.  Again.",technical_device,rule_conflict,True,2
conv_838596,Another communication failure from @AmazonHelp where prime really isn’t prime. But if they screw up they don’t tell you,prime_subscription,rule_single,True,7
conv_1384139,@AmazonHelp My account has been locked for security purposes. i haven't got an email to unlock it yet. I'm waiting more than 2 months,account_access,rule_single,True,2
conv_534190,"Segundo dia que @9474 me tiene encerrado en casa esperando paquete de @AmazonHelp @116928 ayer no repartieron ni avisaron de que no venian, todo muy profesional #inutiles",non_english,rule_single,True,0
conv_781625,@AmazonHelp can i get schedule of prime movies and tv shows,prime_subscription,rule_single,True,0
conv_227855,"@AmazonHelp need to change my accnts mobile number. Previous email id now invalid, so while login the code being sent to old id. Pls help",account_access,rule_single,True,0
conv_2033009,"@AmazonHelp Hello there, I can't sign in. I was trying to buy a laptop, however my credit card was denied and after trying to pay by buying gift cards I got some kind of block, I guess. Any info that you need for me to verify that I am legit, jusk ask.",account_access,rule_conflict,True,1
conv_223920,@AmazonHelp Your site's Contact Us options are bad. It won't accept my order number to report an Order Related complaint #CustomerExperience,escalation_needed,rule_single,True,1
conv_1087752,@AmazonHelp why do they insist on packing Keurig K-Cups in 1BF boxes? This was the replacement for the 1st box of crushed ones I received!! https://t.co/oZDQuZJ9Nc,refund_return,rule_single,True,2
conv_2418187,"I bought a camera from amazon that somehow disappeared and my money is on hold and I can't buy one at all. Customer service is being a guidance counselor, come on amazon. @AmazonHelp @115821",billing_payment,rule_single,True,3
conv_379805,"What is the point of Amazon Prime!? I ordered something yesterday, it GUARANTEED it'd be here today. Now it's saying tomorrow. @AmazonHelp",prime_subscription,rule_single,True,2
conv_2360467,"@AmazonHelp bjr. ma commande 406-9972277-8659515 devait être livrée vendredi dernier. aujourd'hui, toujours rien. j'ai l'impression d'être pris pour un pigeon... ça fait 2 commandes qui arrivent en retard en peu de temps. auriez-vous des nouvelles svp ?",non_english,rule_single,True,0
conv_536539,@AmazonHelp why is my “Prime” delivery item not going to be delivered today...and you won’t let me cancel this order either 😡,delivery_issue,rule_multi,True,7
conv_64228,"I return my order by DTDC courier that's the courier receipt, Amazon India say you send your product on courier than Amazon pay your courier charges
My total courier charges is 170 RS
But Amazon India refund only 40 RS. I requested you
Pay my 170rs as soon as possible@AmazonHelp https://t.co/FCTdiTIVHm",delivery_issue,rule_multi,True,11
conv_1149639,@115851 @115821 @AmazonHelp i want to return a sandisk pendrive bought from amazon.in.I regret buying from amazon &amp; not flipkart.,refund_return,rule_single,True,2
conv_2976535,"@115850 @AmazonHelp Come on guys, how could you do this to your staunch customer? A product I wanted to buy never got dispatched and I've been charged nevertheless. Could you provide relief to a poor guy like me? 😫😥😢",billing_payment,rule_single,True,1
conv_1271979,@AmazonHelp see 1st screenshot for message and 2nd for evidence. Twitter won't let me upload the live recording! #privacyviolation #echo https://t.co/mXMSaHY8aB,technical_device,rule_single,True,0
conv_522586,@AmazonHelp I received my item extremely damaged and I’m not happy who can I contact about this?!? https://t.co/EfCk1HpZcr,order_problem,rule_single,True,3
conv_2849108,"@AmazonHelp I never received my black friday order, and 4 conversations later with your customer service team it still isn't sorted! 2 days of my life i will never get back...",escalation_needed,rule_single,True,1
conv_2098740,"@AmazonHelp chat, and a phone call unhelpful. not sure what I need to do. as a prime member I am not impressed with USPS level of service",prime_subscription,rule_single,True,0
conv_1374974,@AmazonHelp We've been trying to reach the Alexa team about our skill but with no luck. We've opened a ticket a while back.,escalation_needed,rule_multi,True,2
conv_274737,@AmazonHelp still no refund after 4 and a half days after being delivered back to amazon whats taking so long... my other return after 2 days they completed the refund..,delivery_issue,rule_multi,True,3
conv_770924,@AmazonHelp how is this 2 day shipping? https://t.co/gwCl4oqEKX,delivery_issue,rule_single,True,2
conv_1761014,@115821 @AmazonHelp Ya know if yall werent so lazy i could have gotten it today.  Its been “Preparing for Shipment” since Sunday. https://t.co/4xTNlIaKqy,billing_payment,golden,True,2
conv_2318797,@AmazonHelp Hi I’ve ordered something and don’t know if payment has been taken or not?  Is payment immediate or does it take a while?,billing_payment,rule_single,True,0
conv_832122,@115850 @AmazonHelp terrible experience from customer and delivery service. false information. ORDER # 171-5576429-2879561,delivery_issue,rule_single,True,0
conv_745046,@AmazonHelp Somewhat concerned that my package had left the Chino facility for going over 30 hours now with no update. (Already late).,delivery_issue,rule_single,True,0
conv_1953284,@115850 @AmazonHelp fake mail asking for credit card details. Need Otp authentication for login. https://t.co/bOrGr5TUZm,account_access,rule_conflict,True,2
conv_1300513,@115850 @AmazonHelp it seems amazon is cheating with prime customers. Same product two different users one prime one not check the price. https://t.co/KIyPyzM2S3,prime_subscription,rule_single,True,1
conv_888215,@115821 @AmazonHelp Prime member &amp; have 2 AWS accounts (personal/business). Usually get my things on your site. Just had my first cust serv exp on the phone &amp; it sucked. :(,prime_subscription,rule_single,True,0
conv_498446,"@AmazonHelp Amazon prime was automatically done. I need my money back because I did not want that,",prime_subscription,rule_conflict,True,1
conv_325456,"@AmazonHelp
Hi team, i have lots of issues with you i have again order from ur site but again facing issue kindly call me urgent 9871611805",escalation_needed,rule_single,True,0
conv_510260,@AmazonHelp Hey something i ordered didnt get delivered today even though the tracker says it was just delivered at 5:14pm,delivery_issue,rule_single,True,1
conv_1019548,@AmazonHelp @115850 Pickup not completed since 14 days. Escalated issue many times on mail and call. Need my refund asap. Pathetic Service,refund_return,rule_single,True,0
conv_644072,@AmazonHelp I want to make a complaint. I've just had an email saying they attempted delivery but no one knocked and no one was outside,escalation_needed,rule_multi,True,1
conv_1562347,I am complaining since week but no one solve my problem.? Amazon team fails to solve my issues..  @115851  @AmazonHelp @115850,escalation_needed,rule_single,True,0
conv_377468,"@AmazonHelp habe ein Problem, kann mich nicht mehr einloggen, Passwort zurück setzten funktioniert nicht. Habe bereits eine DM geschrieben.",non_english,rule_single,True,1
conv_2492160,@AmazonHelp @146956 @115858 @1560 @131027 @2517 first @115821 send me a damaged product now ignoring my issue check out my invoice and product which i get.. https://t.co/DtpUlv1wGG,order_problem,rule_single,True,2
conv_463382,@AmazonHelp been on the phone for 40 minutes and the gold music just went dark. You and alexa have both abandoned me tonight.,technical_device,rule_single,True,1
conv_1760396,I’m done with @115821 your customer service isn’t helpful whatsoever @AmazonHelp and I’m planning on canceling my account...apparently you don’t care about your loyal prime customers.,prime_subscription,rule_single,True,1
conv_1097815,"@AmazonHelp Mr.Sukhdeep (Escalations Team) as you insisted, I dialed courier guy on 96244XXXXX, IDEA NUMBER IS OUT OF REACH. MY BAD.😿",escalation_needed,rule_multi,True,2
conv_1159300,@AmazonHelp Account hacked and no phone call from accounts specialist as promised in 7 days - nothing but the same useless email 5 times.,escalation_needed,rule_single,True,0
conv_1112690,@AmazonHelp  Why did you charge multiple Amex cards a test £1? Just wasted 20 mins dealing with Amex security alerts.,billing_payment,rule_single,True,0
conv_1525917,@AmazonHelp Wann kommt Prime Video auf den Philips 55POS9002?,prime_subscription,rule_single,True,0
conv_865806,"@AmazonHelp 3 different phone calls, 3 different representatives: zero help.  Don't have merchandise, can't refund.  Wth?",refund_return,rule_single,True,4
conv_281431,@AmazonHelp damaged products received... &amp; cant contact Customer services?? Damn u https://t.co/ldlp2ATz4H,order_problem,rule_single,True,0
conv_2628856,"@AmazonHelp I need help! I bought a game on amazon, a digital purchase and for some reason it logged me out and I can’t log in! I reset the password and it still says incorrect even when I enter the CORRECT one. I haven’t even gotten an email for my game!",account_access,rule_single,True,1
conv_1616022,Hey @AmazonHelp first you made me change my password now you want me to re enter all my credit card info?,account_access,rule_conflict,True,1
conv_134940,"Bonjour @AmazonHelp , j'ai deux commandes qui devaient être livrées le lundi 27 (une qui est en abonnement j'ai moi-même choisi d'avancer ma livraison via le calendrier et une qui est une pré-commande PRIME) et qui sont prévues en livraison le Mardi 28 ... Le 27 n'est pas férié",non_english,rule_multi,True,0
conv_1011484,@AmazonHelp I’m returning an ironing board that is damaged. States to return in original packaging - this was just wrapped in cellophane 1/2,refund_return,rule_conflict,True,2
conv_2704161,"@AmazonHelp my refund has not been initiated yet, and the only choice left is an appeal to the consumer court :) #thankyouamazon",refund_return,rule_single,True,1
conv_1662298,"@118919 @119356 @AmazonHelp  The launch of Echo is a terrible failure. There is No prime music, No calling, veru few indian skills",technical_device,rule_conflict,True,1
conv_1267621,"@AmazonHelp hi, amazon suggested free student prime at checkout so I said ok- now look on my online banking and been charged ....",prime_subscription,rule_conflict,True,0
conv_1572203,@AmazonHelp My dad is having trouble getting onto his account. He can't remember his password &amp; the email address he used no longer exists,account_access,rule_single,True,3
conv_236653,@AmazonHelp my book rental is missing pages and customer service offered me $5 gift card smh 🤦🏽‍♂️,delivery_issue,rule_multi,True,0
conv_224399,@AmazonHelp there is an issue of recharge relience jio via Amazon pay so plz check this issue,billing_payment,rule_single,True,2
conv_1135041,@AmazonHelp where’s my WWII? Ordered it back in April and it hasn’t come👏🏼 and @ATVIAssist your bonus codes dont work that got sent by email,account_access,rule_single,True,2
conv_1382418,My refund is initiated but i didnt recieved my check please contact me @AmazonHelp @115821,refund_return,rule_single,True,1
conv_644839,Hey @115830 @AmazonHelp - would you mind telling me why I've arrived back home after being away for over a week to see a parcel just sat outside my door? According to the card it was left in the 'front porch'. Anyone could've taken it. Should've been left with the concierge. https://t.co/4F0QFEZLZw,delivery_issue,rule_multi,True,0
conv_440088,@AmazonHelp Arriving Ikazen Jali i6 HollowThinTPU Back Case will b delivered by AmzAgent(8128293924) num in msg is saying wrong number,delivery_issue,rule_single,True,3
conv_1446398,@115850 @AmazonHelp I need an email id to lodge a complaint. Blocked my son’s phone number and chat requests. Stuck with wrong order,escalation_needed,rule_single,True,0
conv_316316,@115821 @AmazonHelp what is this yaar that's not fare pls do something and delivered soon as possible pls https://t.co/haC741C3r5,delivery_issue,rule_single,True,1
conv_1053599,@AmazonHelp Is there a problem with silk browser on kindle fire I cannot access it?,technical_device,rule_single,True,1
conv_2764456,@AmazonHelp I'm having a problem with my password not being accepted. I've checked and double checked and it's correct. I checked my emails and the password doesn't seem to have been changed recently. Are you all having web issues?,account_access,rule_single,True,4
conv_2011972,@AmazonHelp If I pre-order the xbox one X with yourselves when does the money get taken?,order_problem,rule_multi,True,3
conv_535141,@AmazonHelp hello I order a Amazon Gift card it said wait 5 mins and I have been waiting for 2 hours,billing_payment,rule_single,True,3
conv_1179629,@AmazonHelp almost 24 hrs since your #failuretodeliver &amp; no refund yet! Need my money to pay for what I ordered @Walmart! #wehaveoptions,refund_return,rule_multi,True,1
conv_2758209,WTF is wrong with @AmazonHelp . I cancelled my order on 12th. And I am yet to get a refund in My pay balance.,refund_return,rule_multi,True,1
conv_2885740,@AmazonHelp not receiving the verification code to buy a gift how do I go about opening my account to complete,account_access,rule_single,True,4
conv_2549033,"@AmazonHelp if you are unable to return my Amazon pay balance then please delete my account and settle my dues.
#WorstExperience",refund_return,rule_multi,True,1
conv_1366236,@AmazonHelp OI CRAP BAGS. You took $15 from me and wont even let me watch anything because I live in Australia. WHY THE HELLLLLL DID YOU TAKE MY MONEY THEN AND NOT EVEN SAY ITS UNAVAILABLE IN MY COUNTRY????? GIVE. ME. MY. MONEY. BACK. https://t.co/5g3XGNpUuZ,billing_payment,rule_single,True,2
conv_508074,@AmazonHelp bonjour j'ai passé une commande sur Amazon.de que je devais recevoir aujourd’hui et que je n'ai pas reçu Order #304-5174675-2126745 vraiment pas cool merci  de faire le nécessaire car c'est un cadeau !!!,non_english,rule_single,True,0
conv_1554358,@AmazonHelp my Alexa won’t work with Spotify how do I fix this?? I have premium,technical_device,rule_single,True,1
conv_565869,@AmazonHelp I ordered something with prime shipping on 11/26 and it still hasn’t arrived. What’s good?,delivery_issue,rule_multi,True,1
conv_1569591,"@115821,@115850,@AmazonHelp  over 7 weeks of followup, giving bank statement as proof,  my money is not refunded https://t.co/gsZWoD4NEc",billing_payment,rule_single,True,2
conv_206965,"@115821 @AmazonHelp Hey, you guys want to rush my shipping? All of my computer stuff from Newegg arrived and my Amazon stuff wont br here",delivery_issue,rule_single,True,3
conv_2761748,Did @116935 just discontinue station streaming on @115833? My usual “play smooth jazz everywhere” lead to “I couldn’t find any smooth jazz songs”. WHYYY @AmazonHelp,technical_device,rule_single,True,0
conv_2266806,@AmazonHelp any reason why when I’m on the uk site the prime option no longer delivers on weekends?,technical_device,golden,True,2
conv_639511,"@AmazonHelp why can I play some things on my Echo only, not on my phone, with music unlimited?",technical_device,rule_single,True,0
conv_2628800,"@AmazonHelp Echt traurig, dass Euer @116935-Angebot weder unter Firefox noch Chrome unter Linux läuft. ""Ihr Browser unterstützt unser Live-Audio-Angebot nicht"" 👎👎",non_english,rule_single,True,0
conv_940416,The sound quality of The Deer Hunter on Amazon Prime on the Xbox is the worst thing I've ever heard. @AmazonHelp @XboxSupport,prime_subscription,rule_single,True,0
conv_128730,"@AmazonHelp I have a package that is set for today but my last update was yesterday morning, ""Package has left seller facility and is in transit to carrier""",delivery_issue,rule_single,True,4
conv_476775,"@115830 Anything you would like to say @AmazonHelp ? Delayed parcels, damaged items, lack of internal packaging, rude customer service, incompetent customer service, refusal to improve. The list goes on.",order_problem,rule_single,True,2
conv_1240057,"@AmazonHelp Oi, a promoção 3 Meses de Kindle Unlimited por R$ 1,99 ainda está disponível?",non_english,rule_multi,True,0
conv_1366255,@AmazonHelp Hi! Why I can't order a kindle edition of The Dragons of Nova by @46092? I'm from Saudi Arabia.. https://t.co/YSgdOj9mYw,technical_device,rule_single,True,1
conv_1310943,What is the time frame turnaround for @AmazonHelp's gift card department to reply about a damaged gift card? Sent photos of card and receipt,order_problem,rule_multi,True,4
conv_478489,Great Indian Scam #Amazon Selling Fake Bose Speakers in India @115850 @AmazonHelp @115851 #Recived Fake Bose Speakers #,resolution_confirmation,rule_single,True,3
conv_2456114,"@115821 @115850 @AmazonHelp item picked up already for return, not yet reflecting in my orders.
Agent said he has updated in system. Help https://t.co/xmPVeamHll",refund_return,rule_single,True,1
conv_813262,"@AmazonHelp  why does to take a month to get an in stock item, and I'm Amazon prime ordered Sept 27 est arrival Oct 27th",non_english,rule_multi,True,1
conv_1223614,@AmazonHelp How can I log a complaint about a late delivery? USPS put in a fake excuse for not delivering yesterday as guaranteed at 920pm. I was home then. They never showed. I will use product eventually. Do not want to return but am displeased w delay.,escalation_needed,rule_multi,True,3
conv_2307121,"@AmazonHelp I'm logging into amazon and it says I'm not Prime and doesn't have my order history. Not sure what happened. It still says ""Hello Allen""",prime_subscription,rule_single,True,1
conv_1384110,@115821 please fix my Prime Membership trial. I agreed to try  but @AmazonHelp canceled my order &amp; claimed I’d used my Prime trial. 3 months customer Service didn’t help. Finally said I’d receive e-mail to reinstate Prime Mem Trial but nothing. PM me for my acct info please,prime_subscription,rule_single,True,2
conv_2382519,@AmazonHelp why was I charged $15 for a one month trial of prime?,prime_subscription,rule_single,True,2
conv_45539,@AmazonHelp just wanted to confirm that call of duty will ship tomorrow if I chose 2 day shipping like it said to do. Currently says friday,delivery_issue,rule_single,True,1
conv_350789,@115850 @AmazonHelp why is a cloudtail sold bag not eligible for return? Please resolve! thanks,refund_return,rule_single,True,1
conv_1557995,"Hier das unboxing Video von meinem Paket das leer ankam, soll ich euch die Verpackung zurückschicken für Ersatzlieferung? @AmazonHelp https://t.co/71ULfrEt00",non_english,rule_single,True,0
conv_2478931,"@AmazonHelp When I selected the items it clearly said FREE Postage, when I proceeded to checkout it tries to charge me for postage...",billing_payment,rule_single,True,0
conv_444433,@AmazonHelp last Saturday they told they will replace my bag n still no one came 🙁,refund_return,rule_single,True,1
conv_104999,Da war @134825 wieder sehr vorsichtig mit meiner Sendung von @AmazonHelp unterwegs 🤷‍♂️😞 https://t.co/hQ96OqGOxz,non_english,rule_single,True,0
conv_1219144,"@115830 @AmazonHelp hi, can I ask a couple of questions re the kindle fire Kids edition?",technical_device,rule_single,True,1
conv_2909195,"@AmazonHelp Hello, I can't login into my Amazon account, I have tried to change password many times telling me its wrong. Cleared cache/cookies. Can't click on any help links because it needs to login. Need help urgently. I have my order number.",account_access,rule_single,True,2
conv_861877,@AmazonHelp please help me with my product return procedure.Its been an awful experience till now.,refund_return,rule_single,True,2
conv_1349254,"@AmazonHelp My FireTV just sits at this screen, 12 hours and counting. Restarting doesnt help. Ideas? https://t.co/NyqukCPtUL",technical_device,rule_single,True,0
conv_2589172,@AmazonHelp reporting a bug I am getting with my deebot and Alexa skills. Cannot link account https://t.co/f0IDInx71J,technical_device,rule_single,True,2
conv_1132075,hi @AmazonHelp twitter rejected my report of the fraud account @ AmazoncHeIps (who are demanding my amazon login details) maybe you can try?,escalation_needed,rule_multi,True,2
conv_592165,@AmazonHelp Hi there. I'd like to get a Prime membership for someone as a gift but I can't find any way of doing this in the UK?,prime_subscription,rule_single,True,0
conv_578402,@AmazonHelp can I use my Alexa in the UK to call another Alexa in the USA?,technical_device,rule_single,True,0
conv_91303,"@AmazonHelp An item was missing from a multi-order box. The gift receipt is there, but the item isn't. Can you point me to a link where I can resolve this?",delivery_issue,rule_single,True,0
conv_2943177,@AmazonHelp Hi. Erm... I’m not Simon. And now I’m worried that the investigation into my complaint may have been sent to the wrong person too..?! https://t.co/CJsCEM9Ko8,escalation_needed,rule_single,True,3
conv_2154128,@AmazonHelp your customer support not responding. Made 6 calls for return pickup but no one came in 15 days. Cut down call arrogantly! Fishy,refund_return,rule_single,True,2
conv_694341,"@AmazonHelp Courier: Delhivery

Tracking #: 5180790703572

Latest update: Thursday, 23 Nov

11:27 AM

Out for delivery 
Gonda, Uttar Pradesh, IN

Kindly help in getting delivered this item...",delivery_issue,rule_single,True,4
conv_2766893,"Pas de nouvelles depuis vendredi, date du refus de mon colis @120533 expédié par @120534 !
Un peu d’aide @AmazonHelp ? :)",non_english,rule_single,True,0
conv_593396,"@AmazonHelp @UPSHelp Theoretically, should I have any hopes of getting this package before Spring? 3x out for delivery, 3x it never shows. And this replaced a ""lost"" shipment. What is the issue in Doraville?  113-8035764-8676224 1Z305Y260304228839",delivery_issue,rule_single,True,3
conv_569132,"@118706 @123967 @AmazonHelp @115821 I won't be purchasing my christmas gifts from you this year, because the postal service is HORRIBLEEEE and I can't trust them to deliver even my normal mail!",delivery_issue,rule_single,True,2
conv_2725048,"@AmazonHelp What locker did I select for the return?
Order #205-3654128-0554718",refund_return,rule_single,True,3
conv_2616337,"@115850 @AmazonHelp Just got ths msg from @149473: Dear customer, Your return pickup request from Amazon has been cancelled/can't be executed. For queries, please contact Amazon",refund_return,rule_single,True,1
conv_2390477,"@AmazonHelp I have recharged my mobile number (Jio) using the balance I loaded in my Amazon pay wallet.. So actually there is an offer that If we recharge in that manner,we'll receive a cash back of Rs.99 with in 7 days,But still I didn't get my cashback,plz respond https://t.co/zeOffC1Jmn",billing_payment,rule_single,True,1
conv_880000,@AmazonHelp Can I have a refund on my gift card,refund_return,rule_multi,True,1
conv_2819212,@AmazonHelp UNAUTHORIZED CHARGE MADE BY AMAZON TODAY. SHAMEFUL,billing_payment,rule_single,True,0
conv_69843,@AmazonHelp I'm hvng issues with my recently bought 100% original Motorola turbo power charger 2.8 amp delivered on 4th of Nov. It's been less than a month and I'm not getting any solution either from custmr support or the seller. Order id 4__credit_card__ amazon id. Ankursingh,delivery_issue,rule_single,True,2
conv_1911638,@AmazonHelp I ordered on the 24/11 and received order confirmation email.  I received email from __email__ telling me I need to fax a bank statement verifying my billing address and the last 4 digits of my card. I'm now locked out of account &amp; can't email CS,account_access,rule_conflict,True,1
conv_259387,@AmazonHelp Anyone capable of handling a missing $476.95 camera lens? Box was empty - incompetent employee #3...,delivery_issue,rule_single,True,3
conv_2909256,"@AmazonHelp My account was hacked. Someone changed the email address associated w/ my account &amp; I cannot access my account. I am a Prime member, have both Prime credit cards &amp; use streaming services. I’ve called customer service 3 times since 11/17. Still can’t access account.",technical_device,rule_conflict,True,1
conv_500732,"Oye @AmazonHelp me equivoque de dirección y mande un producto que compre a donde ya no vivo, se puede cambiar la dirección? 😌😌😌",non_english,rule_single,True,0
conv_319704,@115850 @AmazonHelp I placed an order two days back and now I got an email that your items is being returned to fulfillment centre.1/2,refund_return,rule_single,True,3
conv_590802,Dear @AmazonHelp why should you guarantee a delivery date if you plan on using the god awful USPS to ship it? Use UPS or FedEx otherwise free Two Day shipping for Prime members isn't that big of a bonus.,delivery_issue,rule_multi,True,1
conv_438747,@AmazonHelp i got a package last week and it arrived with the box open. i checked the item last night and it's dented. i need a replacement.,delivery_issue,rule_multi,True,6
conv_1570865,@AmazonHelp Danke für nichts mal wieder... https://t.co/MTxRV3P9mA,non_english,rule_single,True,0
conv_2771666,@AmazonHelp Dear  I have problems when entering my account at every moment it indicates  that I have a password error to whom I can send an email to support  thanks,account_access,rule_single,True,2
conv_420285,"@115850 @115850 @AmazonHelp Even after 3 reminders no response, is company of high value, don’t make refunds.",escalation_needed,rule_single,True,2
conv_2245571,"@AmazonHelp ricevuta email disattivazione account e rimozione ordine per sospetto accesso non autorizzato. Confermo mio accesso dall’estero, nessuna violazione! Effettuata procedura indicata cambio password NON FUNZIONA da questa mattina!!!!! Restituitemi l’account, please!",account_access,rule_single,True,1
conv_1760487,@AmazonHelp Weird issue... I just got an Echo &amp; it seems to be connected to my old USA Amazon account and not my current UK account.  Help?,technical_device,rule_single,True,1
conv_307906,@AmazonHelp Bought an item only to discover I can't use it. Tried to return. When I started that I discovered I need a printer. I have none.,refund_return,rule_single,True,0
conv_854453,"@115851 @115850 @AmazonHelp . 

Your team has failed to deliver. Order no- 404-7205179-6184304. It is roaming aroindd Bng since 2 days.",escalation_needed,rule_multi,True,2
conv_2400639,@AmazonHelp can somebody please reply to me now - why am i being ignored?!!,escalation_needed,rule_single,True,1
conv_183354,"@AmazonHelp @115821 automated chat says it will ship October 9th, yet your site indicates you’ll email me when you can estimate a delivery https://t.co/e3EqR9u0lu",delivery_issue,rule_single,True,0
conv_1352824,"@AmazonHelp My Amazon account got locked for no reason, it says the name on my card is wrong but I'm using a pre paid card..?",account_access,rule_conflict,True,2
conv_587942,"@AmazonHelp @115821 Wow, expected 4 packages yesterday, but only 2 showed up. 50% failure rate-not impressed. Glad I paid for fast shipping.",delivery_issue,rule_single,True,3
conv_378514,@AmazonHelp I accidentally 1-clicked a kindle book and I can’t cancel it! I don’t want it!!!,technical_device,rule_single,True,2
conv_2777474,"LEFT AT FRONT DOOR. DIDN'T EVEN KNOCK ON THE BLOODY DOOR. BOOK DENTED, SPINE BROKEN. @AmazonHelp ???????",technical_device,golden,True,0
conv_1199045,"@AmazonHelp when I add a new card to my account, doesn't ask for the 3 digit code at the back. I assume it wouldn't approve any purchase.",billing_payment,rule_single,True,3
conv_448760,"@AmazonHelp I keep getting a message saying payment revision needed, card keeps declining. I already checked to make sure everything i put in was correct and i still get the message, HELP!",billing_payment,rule_single,True,1
conv_755031,@AmazonHelp please can I get some help with a return issue?  The website isn't providing me with proper answers.,refund_return,rule_single,True,1
conv_2821579,@AmazonHelp if I want to return two items have I got to pay this stupid drop off fee twice?,refund_return,rule_multi,True,1
conv_2402340,"Ahhhhh. Dieses Paket mit der E-Mail beinhaltet die Sonnenblumenkerne.

Die anderen beide Pakete wurden ""bestätigt"", sind aber nicht angekommen. Mein Vater hat nur das Paket mit den Sonnenblumenkerne -&gt; anderer Paketdienst. 

Vielen Dank, @AmazonHelp. https://t.co/htYDj2yAg1",non_english,rule_single,True,0
conv_1270200,"@AmazonHelp my 10 month old was playing with my firestick controller &amp; managed to order a film despite it having old card details, help! https://t.co/espkKBvOW3",billing_payment,rule_single,True,1
conv_2867223,@AmazonHelp Just got Fire Stick today. Plugged it in. Nothing is happening. Screen is blue &amp; blank. None of the troubleshooting suggestions have worked. Just got it today. Ready to send back! 😠,refund_return,rule_multi,True,1
conv_2790610,"Hey @AmazonHelp  ihr süßen Menschen, soll das so sein? Liegt nicht am Drucker, ist auch auf dem Computer so https://t.co/KULac6ApnL",non_english,rule_single,True,0
conv_2488543,@AmazonHelp I have Prime + Gen 1 FireTV stick in Canada. Why won't it let me see Prime video content?,technical_device,rule_conflict,True,0
conv_415149,"@AmazonHelp Hi, my order was supposed to be shipped on October 4th and it's already the 9th...what's going on? https://t.co/tNdtVdw6ns",delivery_issue,rule_single,True,1
conv_2631479,@AmazonHelp A call back was promised to me within 48hrs from billing desk by amazon India regarding refund but not a single call is there #Unhappy,refund_return,rule_multi,True,2
conv_537427,"I think Black Friday/Cyber Monday broke @AmazonHelp My subscribe &amp; save items were stuck in perpetual “shipping soon, delivery today” and are now “shipping today, arriving Dec 1st”. Some glitch but now no one knows when they’ll be here. 🧐",delivery_issue,rule_single,True,2
conv_382336,@AmazonHelp IT'S BEEN ALMOST A MONTH AND I STILL STRUGGLING WITH A REFUND U OFFERED ME BC MY ACCOUNT WAS HACKED. NO ONE IS CONTACTING ME.,refund_return,rule_single,True,7
conv_314060,@AmazonHelp can you just do me a refund please? Odd that you can damage a paper notebook so much that it’s undeliverable https://t.co/EcNvIIolL4,refund_return,rule_single,True,2
conv_499970,@AmazonHelp do you guys still deliver on weekends with prime one day option? For some reason it defaults to Monday's every time I order on a Friday but still says prime one day,delivery_issue,rule_multi,True,2
conv_247522,"@AmazonHelp before I knock on my neighbour, which is it amazon? A note to correct the previous card would of been ideal... simple things. https://t.co/6KkcIA5WDD",billing_payment,rule_single,True,1
conv_378964,"@AmazonHelp @115850 @115851
Pathetic condition of Customer Support Team of Amazon. Never recommend or use again. https://t.co/p5DXHKOFWK",escalation_needed,rule_single,True,1
conv_337754,Hey I ordered on Wednesday and still haven’t received my prime package in nearly 4 days...... @AmazonHelp,delivery_issue,rule_multi,True,1
conv_1771670,@115830 @AmazonHelp last night I received an email saying I had set up a free trial with Amazon prime which I never did. I have cancelled it so won't get charged at end of trial but how will this trial have even started if I never did it?,prime_subscription,rule_conflict,True,1
conv_327014,@AmazonHelp I am quite frankly disgusted by your lack of customer care Last delivery by Prime #UPS 3days late New order for del 5th not here,delivery_issue,rule_multi,True,3
conv_1229702,Great customer service from Jose @115821 in Costa Rica from @AmazonHelp re my @115833. Talking to folks the world over is always a joy 👍,resolution_confirmation,rule_single,True,0
conv_2463064,@AmazonHelp trying to find out what's happened to my order and the app is taking me in circles! #wheresmyorder,non_english,rule_single,True,4
conv_1955313,@AmazonHelp No hay manera d encontrar vuestro chat ni teléfono en la para preguntar una duda sobre envíos que no resolvéis en la web,non_english,rule_single,True,0
conv_917954,@AmazonHelp you asked me to update you on the progress of my account access issue - it was unsuccessful... and I need to cancel my Prime Subscription ASAP please!,prime_subscription,golden,True,4
conv_619182,@AmazonHelp My amazon account has been locked for two months because of fraudulent charges being made to my account that I refuse to pay for. Your support has been nothing but useless and rude to me. This is how you treat your customers?,account_access,rule_conflict,True,1
conv_584603,"Dear @AmazonHelp , I ordered one top .. and it's undelivered due to some custom clearance check and on app u r asking for document upload . plz do something .",non_english,rule_single,True,1
conv_849743,Uhhhh @AmazonHelp my building doesn’t have a “mail room” and I didn’t receive the package. Soooo now what do we do? 🤷🏼‍♂️ https://t.co/1girQCO8zg,delivery_issue,rule_single,True,0
conv_271881,"@AmazonHelp I was sent a 5 lb bag of foam instead of a tripod. There is no ""wrong item sent"" in your returns menu choices. Orange County, CA",order_problem,rule_single,True,1
conv_2083434,"@116935 @AmazonHelp Can either of you help with this? Just says ""Something went wrong. There are no items to display"" All other apps work, i.e. Amazon Video etc.",technical_device,golden,True,0
conv_238459,@AmazonHelp Even sent a follow up email to __email__ over a week ago since applying - still no response.,escalation_needed,rule_single,True,0
conv_230194,"Bonne journée à tous, surtout à @AmazonHelp à la réactivité/précision monstre.",non_english,rule_single,True,0
conv_1146512,@AmazonHelp I opened my fire stick and it won’t connect for me to set it up!. Please help!,technical_device,rule_single,True,0
conv_2285059,@AmazonHelp upon upgrading to iPhone X the kindle app no longer keeps my display on past the iOS configured timeout. Reading a book in the kindle app has become untenable. iBooks does not suffer this problem. Can you help?,non_english,rule_multi,True,2
conv_136914,@AmazonHelp Meine neue Fernbedienung von FireTVStick 2 funktioniert nicht. Bekomme sie nicht mit dem Stick gekoppelt. Gerät und Fernbedingung sind Neu! Bitte um Hilfe!,non_english,rule_single,True,0
conv_247057,"@AmazonHelp  bunch of useless. I was waiting delivery 4 today, been all day at home and I had an email saying delivery attempted no1 at home",delivery_issue,rule_single,True,2
conv_2879547,"@3710 @AmazonHelp please escalate this as I am not getting my shipment till today which was supposed ti be delivered on 26th Nov.Everyday I am calling to the courier #qexpress, they also do not give me any assurance of delivery. Dear @3710 its ruining your reputation and faith",escalation_needed,rule_multi,True,1
conv_486658,@AmazonHelp Funny but I can order it now and it will arrive on Sunday yet mine which I bought on Tuesday gone won’t arrive till Monday https://t.co/LFwWXZ4j6v,delivery_issue,rule_single,True,1
conv_2569692,@AmazonHelp Wie schnell muss die Internet-Verbindung für den Amazon Fire TV Stick mindestens sein? DSL 6.000? Gibts Quellen zum Nachlesen?,non_english,rule_multi,True,0
conv_225036,@AmazonHelp Your Amazon Pay feature does not work in India. I spent almost 30 minutes trying to speak to Joseph from your customer support,billing_payment,rule_single,True,1
conv_867409,".@AmazonHelp If you're going to stop giving us pre-order discounts on collector's editions, can you stop sending them in padded envelopes?",order_problem,rule_single,True,0
conv_2923544,As a longtime @115821 customer (1999) and day one Prime member (2005) after today’s experience and variations of it in the recent past I can  say: SKIP @115821 FOR BIG TICKET ITEMS! You can do better elsewhere.  You guys fucked it up with me today.  You too @AmazonHelp,prime_subscription,rule_single,True,0
conv_572405,"@amazonhelp

#sellercentral: Jeff Bezos's team has taken genuine reimbursement claims from us to become second richest man. SHAME ON HIM",escalation_needed,rule_single,True,3
conv_740940,@115821 charged me 2631 rs more than the printed MRP on the product. Customer service has no answer 30 mins call on hold. @AmazonHelp,billing_payment,rule_single,True,1
conv_682590,So I bought a new book for my holiday and now it’s not going to possibly be here? Why do I pay for prime? 🤔@AmazonHelp https://t.co/MnXPThi7Kc,prime_subscription,rule_single,True,2
conv_1265708,"@AmazonHelp @115850 can you confirm once regarding the receipt of my return?
Just reply recieved or not recieved",refund_return,rule_single,True,2
conv_2632948,"@AmazonHelp - Why all the orders are in ""Payment Complete"" status in my seller dashboard?",billing_payment,rule_single,True,0
conv_1265131,@AmazonHelp @135806 sigue sin entregarme el paquete,non_english,rule_single,True,0
conv_147242,"@AmazonHelp Hola, me gustaría saber dónde puedo poner una queja para la empresa de transporte, siempre que me enviáis pedidos con Seur tengo problemas. Estoy esperando un pedido y me parece que voy a perder toda la tarde por estar pendiente porque no cumplen el horario que dicen",non_english,rule_single,True,0
conv_222653,@115821 @116316 @AmazonHelp can answers my e-mails? I want know why my account was locked. I send t requested info but I am still waiting,account_access,rule_single,True,3
conv_687853,@AmazonHelp Hi! I did not realise my Prime student trial had ended and I would like to cancel the membership and get a refund. Would this be possible?,refund_return,rule_multi,True,1
conv_1311216,"And this is how @115850 @AmazonHelp packs + delivers products to its Prime members. 
Again, dis s not the first time! 
#Prime #NotSoPrime🤦 https://t.co/NKLnDZn2I1",prime_subscription,rule_single,True,1
conv_1707058,Trying to get @AmazonHelp to actually help me is an exercise in frustration,billing_payment,golden,True,1
conv_2540367,"@1404 @AmazonHelp @115850 A GENUINE COMPANY ONCE  IS SURE THAT  PRODUCT IS FAKE, WLD HV ASKD  ITS SUPLIERS TO REPLACE IT IMEDIATELY &amp; WOULD HAV SUSPENDED HIM. HOWEVER.  AMAZON INSTEAD HARASSES ITS CUSTOMERS THEREBY SUPPORTING.  ITS FRAUD SUPPLIERS AS IT IS INVOLVED IN IT",escalation_needed,rule_multi,True,0
conv_2986099,@AmazonHelp @115830 is there any reason you've suddenly started to preauth all transactions and then process the charge in a separate transaction?? This is causing havoc on my prepaid card because you're holding funds instead of just doing one else transaction.,billing_payment,rule_single,True,1
conv_2899707,"@AmazonHelp Spoken to a rep, a Kindle ""expert"" and person in leadership. Asked for next level and am told by a 'leadership' member, Yale, that there is higher level and to make complaint about customer service must send an email to cs-reply.  Is that correct?",escalation_needed,rule_multi,True,1
conv_352563,"@AmazonHelp Hi. I ordered a thing on prime for yesterday, it hasn't arrived. Who do I moan to?",prime_subscription,rule_single,True,1
conv_1668364,"@AmazonHelp The computer case I ordered arrived damaged, can I get the damaged part replaced without sending back the entire case?",order_problem,rule_single,True,1
conv_568357,"@AmazonHelp You guys really should change the 2-day shipping with Prime to ""2-day shipping...sometimes."" 4 times in the last two months my orders have turned into 4-day shipping (at least).",delivery_issue,rule_multi,True,4
conv_2299103,@AmazonHelp my wish lists seem to have vanished🤔 can access them via links i shared with fam but its not on my account and i cant add to it,account_access,rule_single,True,1
conv_775750,"@AmazonHelp it happened again! Ordered earphones, got an SMS saying delivered, but haven't recieved it! What exactly is going on?",delivery_issue,rule_single,True,1
conv_2841809,@AmazonHelp How can I change my return method please? Item damaged so ordered new one and selected the wrong option to return broken one.,refund_return,rule_conflict,True,1
conv_2245392,@AmazonHelp My account was blocked by Amazon when I tried to purchase an item (I have no idea why!) and I received an email asking me to send my card statement to a US fax number. I'm in Brazil and I don't have access to fax. Can you please help me to restore my account?,account_access,rule_conflict,True,2
conv_1777840,"Yo, @AmazonHelp it's been a whole week, and my refund from last Saturday hasn't been through",refund_return,rule_single,True,2
conv_877006,@AmazonHelp @115821 what device tells you how many pages you have left in the book?,technical_device,rule_single,True,4
conv_2575169,@AmazonHelp y'all are taking an extra pound out of my bank account. my order came to £11.46 and another £1 is being taken out :/,billing_payment,rule_single,True,1
conv_2979641,"@AmazonHelp Hi. I was charged for Prime per usual (11/20), but now it says I'm no longer a member for some reason.",prime_subscription,rule_single,True,0
conv_191563,@AmazonHelp need help getting credit for a damaged item.,order_problem,rule_single,True,1
conv_1363832,@AmazonHelp i want to switch to another spotify accounts on my echo. How to unlink the old account? I cannot select spotify as music service,technical_device,rule_single,True,2
conv_2113560,@AmazonHelp My son’s kid kindle has stopped charging and no longer works. It is less than 2 years old. How do I go about returning it? Thanks,technical_device,rule_single,True,0
conv_737159,@AmazonHelp I have raised a return request 408-7456269-9685902 can you check is it refund or replacement?,refund_return,rule_single,True,4
conv_522644,@AmazonHelp @115851 @115821 @115850  order #404-8406898-6154712 New way of STEALING by Amazon!!!! Reverse orders are picked up and show as pickup cancelled!!!!call up customer service - they say product not received- we lose money and product BOTH!!!!!!!! https://t.co/okhCUIhPxx,delivery_issue,rule_multi,True,1
conv_1972804,@AmazonHelp Hey :) Les livraisons prime c'est forcément Chronospost ? mici,non_english,rule_multi,True,0
conv_1456329,@AmazonHelp suspicious email telling me I've signed up to Amazon prime annual membership link to cancel takes me to PayPal account details,prime_subscription,rule_single,True,1
conv_2931375,"@AmazonHelp I placed an order on Nov 16 and it still have not reached me, each time I contacted you representative it says ""high priority"" bla bla and wait for 24 to 48 hours, you can just keep the money and the product if you like just let me know.",billing_payment,rule_single,True,2
conv_1409675,"@AmazonHelp Hello! I specifically urged my purchase to receive today, why in the app it says that i’m receiving tomorrow? this is upsetting!",non_english,rule_single,True,1
conv_968686,Hi @AmazonHelp i want to purchase oneplus 5 paying through sbi debit card will i get cashback later 🤔,billing_payment,rule_single,True,1
conv_627716,"@115850 @AmazonHelp @117795 Team, Order 402-1807578-1380314 is not yet delivered, even being a prime customer, which promise 1 Day Delivery.",escalation_needed,rule_multi,True,1
conv_2840262,@AmazonHelp Awtng refund fr damaged prodct even aftr 6 wks.Complaint thru AtoZ claims pending fr 18 days.can some human respond to end this harassment,refund_return,rule_conflict,True,2
conv_2698952,@AmazonHelp please initiate return of my order 405-6808997-4373945...your customer care people are giving me headache,refund_return,rule_single,True,1
conv_432990,"Hey @115821 @AmazonHelp I preordered the SNES classic from you, still nothing. Told fulfillment by the 11th but still not shipping email ???",delivery_issue,rule_single,True,0
conv_175373,@AmazonHelp I ordered some supplies on tue which should have arrived Wednesday- they were delayed till Friday but they still didn’t arrive.  Can I expect them on Sat ? It is inconvenient to wait in everyday for this delivery. I’m a prime customer - will I get compensation?,delivery_issue,rule_multi,True,1
conv_1269472,"@AmazonHelp when I sign in to Amazon,  it is no longer showing that I have prime.  Please help.  @52174 @115821",account_access,rule_multi,True,0
conv_742475,@130709 imposible contactar con su delegación. Todo el dia en casa esperando un envío de @AmazonHelp ...,non_english,rule_single,True,0
conv_1476423,@AmazonHelp Hi guys still no response after the live chat communication broke down regarding a prime payment from u guys when I don't hav it,prime_subscription,rule_conflict,True,0
conv_1031090,@117634 why so easy for kids to buy apps on the kindle? Why can’t we put a password or something. Now I’m out $30. So mad @AmazonHelp,technical_device,rule_conflict,True,0
conv_275864,@115850 @AmazonHelp you delivered a defective clock and now opposing for returning it! Either give me a good clock or else refund money. https://t.co/aJpEeNjtUB,delivery_issue,rule_multi,True,0
conv_599059,"@AmazonHelp Your Support guys were useless. Couldnt even provide the transcript ID to escalate.Following up for more than a month and nothing happens on reported issue.
Registered ID - __email__; ORDER #P04-2061228-6778876",escalation_needed,rule_single,True,3
conv_1067665,"@AmazonHelp My Amazon/Kindle account keeps saying ""my password is incorrect"" no matter how many times I type it correctly or change it.",technical_device,rule_conflict,True,6
conv_2386614,@AmazonHelp hi why can’t I get Alexa to work in hotel? I bought it for road trips and I can never get it to sign on in the hotel Frustrating,technical_device,rule_single,True,1
conv_3733,"@AmazonHelp um, my account was locked as soon as I tried to login on desktop. I still haven’t received an email on how to get it unlocked...",account_access,rule_single,True,1
conv_179539,"So.... I get the email from @AmazonHelp for my Battlefront 2 beta and the code has already been used... 
it’s live now.. so annoying",account_access,rule_single,True,0
conv_2468096,@AmazonHelp curious why the new Echo I preordered a month ago didn't ship 2 days ago like it was supposed to? Doubt I'll get it on time now.,technical_device,rule_single,True,1
conv_2691747,When @AmazonHelp try to take the money twice because they couldn’t be bothered dispatching your order 🙈,billing_payment,rule_single,True,1
conv_2507116,"Dear @115850 either you are sending me my order or you aren't. But please be clear about it. App says its on way while @AmazonHelp says it's not. On d top of it your representative is saying that I should ""accept"" the fact that my @132995 5T isn't coming! https://t.co/5tnEXDaAUC",non_english,rule_single,True,1
conv_1744958,@Amazonhelp totally disillusioned by the service I am receiving from you at the moment. As a company you do not care about people just money,billing_payment,rule_single,True,1
conv_2855183,@AmazonHelp I’m trying to watch Outlander episode 11 on Prime Video and it isn’t working?! Says unavailable in my location?,prime_subscription,rule_single,True,2
conv_2166576,"@115850 @7166 It's been more than a month team.. nd we haven't received our price yet..
Can you plz check and revert back.. 
We don't expect something lyk this from brand lyk u.. 

@AmazonHelp",escalation_needed,rule_single,True,1
conv_2299530,@AmazonHelp why does my fire stick remote keep disconnecting - only resolution is to pull batteries,technical_device,rule_single,True,2
conv_351826,Thanks @AmazonHelp for sending out a PS4 game with a box that's been smashed. Glad it's not a present,resolution_confirmation,rule_single,True,1
conv_2793000,"@AmazonHelp Ya sé que son ""juguetes"" pero no está cool que la caja llegue rota. Sobre todo porque son coleccionables. Increíble tiempo de entrega, pero esto rompió mi corazón. Cc @116875 #notcool #Funko #Groot https://t.co/ioVZJq0auL",non_english,rule_single,True,0
conv_2399787,"Bonjour @AmazonHelp , j'ai un colis ""en transit"" depuis 14/10, ni le transport ni moi n'avons reçu le colis. Vais-je le recevoir un jour ?",non_english,rule_multi,True,0
conv_1762334,"@AmazonHelp Hi, please can you help? I’ve been charged twice for an item I’ve ordered once? Thanks",billing_payment,rule_single,True,3
conv_2823116,"Hey @AmazonHelp if we don't want to email gift card but give hard copy of gift copy, is that option available?",billing_payment,rule_single,True,1
conv_593406,"@AmazonHelp Hey, was waiting for a parcel yesterday and it never arrived, checked my account and it says it got delivered! 😳 HELP! Thanks!",delivery_issue,rule_single,True,2
conv_231735,"@AmazonHelp Hi Amazon! Can you help me? I arranged return of two orders with Hermes next day pick up a couple of days ago, still no pick-up!",refund_return,rule_single,True,3
conv_438907,@AmazonHelp I've had a prime parcel that was supposed to be delivered Monday and is now no longer showing as out for delivery?,delivery_issue,rule_multi,True,1
conv_1622179,"@AmazonHelp 2/2 I haven't gotten my money yet, and its been a week..",billing_payment,rule_single,True,1
conv_932675,@AmazonHelp My account was locked by security reasons and still charging to my credit card __email__,account_access,rule_conflict,True,5
conv_314767,Help @AmazonHelp someone changed my email and password for my account. I can’t login now. https://t.co/EqOSaqluIC,account_access,rule_single,True,4
conv_126767,@AmazonHelp My sister lives in the UK (me in the USA). How do I gift her a Prime subscription in the UK for Xmas?,prime_subscription,rule_single,True,1
conv_421421,@AmazonHelp I'm planning to buy the echo dot in India which comes with one year prime. What if i have an existing prime subscription?,technical_device,rule_conflict,True,1
conv_701529,@AmazonHelp so @287464 album is out tomorrow and my pre order is not even sent out. Whats going on?,order_problem,rule_single,True,1
conv_324397,@115850 @AmazonHelp Pathetic experience with ur delivery as Order# 406-3337694-5036344 not delivered on time. CSE can't track order,delivery_issue,rule_single,True,4
conv_1699750,"@AmazonHelp Bonjour, j'ai eté prélevé de 49 euros pour le premium je suppose sauf que je ne voulais pas renouvelé ... Possible d'annuler ?",non_english,rule_single,True,0
conv_1548380,Any new Tamil movie in Amazon prime video ?? @119625  @AmazonHelp  @115850  @116618,prime_subscription,rule_single,True,1
conv_337386,@AmazonHelp My account's been locked for 2 months.. sent faxes with info you guys requested to unlock it but got no response. Please help!,escalation_needed,rule_multi,True,2
conv_680669,@AmazonHelp I accidentally cancelled my orders. Can you please still deliver?,delivery_issue,rule_single,True,3
conv_1694520,"Fühle mich von @116316 / @AmazonHelp voll verarscht. Habe ein Handy gekauft, ""Versand durch Amazon"" &amp; jetzt ist der Verkäufer in den USA!",non_english,rule_single,True,0
conv_669210,@AmazonHelp an otterbox I would like to buy that is shipped and sold by Amazon.ca and is in stock says delivery to my area isn't available ?? But for every other thing I have ordered I never had this issue ?,delivery_issue,rule_single,True,1
conv_670418,@AmazonHelp someone just changed my password and email on my Amazon account!!! I need help,account_access,rule_single,True,2
conv_697853,"Just recieved my @23146 book today, it was a pre-order. NO AUTOGRAPHED thingy in it like I was promised! WTF @115821 @AmazonHelp ??",order_problem,rule_single,True,2
conv_446699,Thanks @115817 @UPSHelp for damaging my product!! @AmazonHelp https://t.co/eNHlxXWHMh,resolution_confirmation,rule_single,True,2
conv_887908,@AmazonHelp If my Prime was cancelled will my purchase history be preserved when I restart it or it it a blank slate?,prime_subscription,rule_single,True,2
conv_52243,@AmazonHelp I have my account blocked. I have already sent the fax you have requested (twise) but still got no aswer. What should I do?,account_access,rule_single,True,1
conv_2151090,@AmazonHelp returned my defective product on 13Oct. So many days and yet to receive my refund. What kind of a service is this?,refund_return,rule_single,True,4
conv_522590,"Hey @AmazonHelp, I recently got my 2nd @117634 Voyage. Can I remove the ""swipe to unlock"" screen like I did my first one? I chatted with 2 CSRs already and they were of no help. Trying to find my old chat transcript about my 1st Kindle but I may have deleted it already.",technical_device,rule_single,True,1
conv_1521187,Really @AmazonHelp ? I'm not convinced it's arriving today. Not impressed with Amazon Prime recently 😡 https://t.co/J8faOanRHH,prime_subscription,rule_single,True,1
conv_2868340,@AmazonHelp I bought a lighter which arrived today and it doesn't work. Any way I can get a replacement?,refund_return,rule_single,True,2
conv_1226546,@AmazonHelp Is there a way to have purchases download to the Kindle instead of go to the cloud?,technical_device,rule_single,True,0
conv_602351,@AmazonHelp Hello. If I cancel an order that was back ordered and you've taken the money from my account. How long do refunds take?,billing_payment,rule_single,True,1
conv_633624,@115821 why was my package sent back to the post office? WHAT PART OF PRIME DELIVERY DO YA'LL NOT COMPREHEND @AmazonHelp @117795,delivery_issue,rule_multi,True,2
conv_1666216,@AmazonHelp a product I purchased in October stopped working. Is there a way to get in contact w the seller to figure out how to fix/replace? #amazonhelp,refund_return,rule_single,True,1
conv_641877,"@261142 @115821 @115830 @AmazonHelp has very worst customer support..
also we wont get connected asap..
they making us wait for very long time/disconnecting..
Giving false information

i have made a payment and now the product is cancelled..
BS response from agents",billing_payment,rule_single,True,1
conv_2392703,@AmazonHelp please resolve my account ossue whatever it is or else i am not going to take ur product which i m going to.receive tommrow return my money and keep ur account with u sorry to say will switch to.flipkart,refund_return,rule_multi,True,1
conv_123379,@AmazonHelp Hi i got some instax mini film a pack of 20. The first 10 work and the second pack does not work. How can i return this and get a refund/replacement because you sent me faulty film for one pack but not for the other pack so  can't send back original. please help!,refund_return,rule_single,True,4
conv_2260802,@AmazonHelp keep getting this error when trying to return  item that arrived broken. https://t.co/xJlywhLweA,refund_return,rule_single,True,1
conv_145848,@AmazonHelp why am i being ignored,escalation_needed,rule_single,True,3
conv_462521,@AmazonHelp my item was broken when I received it yesterday! States no refunds? Why? Should I dispute the charge?,billing_payment,rule_single,True,1
conv_2734277,"Dear @115821, how can you update this status when I didn't received the order yet. Moreover, after calling to customer care again this order has been delayed, then what's the point having prime amazon. @AmazonHelp https://t.co/NSKGXAEH90",prime_subscription,rule_single,True,2
conv_1423778,"@AmazonHelp hi, i've been charged with a purchase that I didn't make. What's up with that?!",billing_payment,rule_single,True,0
conv_2599723,"@AmazonHelp I’m struggling for money this month. 
How can I move money back to my bank account from my Amazon Top-Up balance?",refund_return,rule_multi,True,0
conv_2361795,"@AmazonHelp @115830 22 days of being a prime member and 3 complaints about items not arriving on time? Won't be renewing prime, obviously not worth the money if next day delivery doesn't actually happen",prime_subscription,rule_conflict,True,1
conv_778877,"@AmazonHelp 404-3961105-5041122   Until now amazon requesting customer to return the faulty product, you guys able to deliver but pickup ?",delivery_issue,rule_multi,True,5
conv_2220236,"@AmazonHelp ist es wirklich so schwierig, behutsam mit der Bestellung eines Kunden umzugehen? Erst verliert ihr mein Buch und dann 1/2 https://t.co/wF6kOSKwnm",non_english,rule_single,True,0
conv_1360052,@AmazonHelp my Alexa isn’t working and won’t connect to the internet 🤔🙄,technical_device,rule_single,True,2
conv_322861,@15863 @AmazonHelp see wat happened toy sandal withn a mnth tym.Who s going to pay us for this #NastyQualityProduct https://t.co/i8gJLNQfmT,billing_payment,golden,True,1
conv_1125278,@AmazonHelp Please contact me at 9817334534. I am not able to contact you guys. I have a refund pending with amazon.,refund_return,rule_single,True,1
conv_1937602,"I got an Amazon account with 250$ in the account, but the account is fucking locked, how do I fix this!!!!!!!!!!!! I can't make any purchases @AmazonHelp",account_access,rule_single,True,1
conv_180380,@AmazonHelp you guys were supposed to remind me when my membership was due but I didn't get any email therefore was charged,prime_subscription,rule_conflict,True,1
conv_2176601,"@AmazonHelp Me respondam na DM, por favor!",non_english,rule_single,True,1
conv_2652276,"@AmazonHelp 
Dear team, I am following you from last 5 days regarding wrong cash back against the amount committed by your team. This is very disappointed and shameful @115851",escalation_needed,rule_single,True,0
conv_1286321,@115940 Continuous issues with Hulu app on firestick.  Looking for other streaming solutions! This is horrible. @AmazonHelp,non_english,rule_multi,True,0
conv_837546,"@AmazonHelp @115850  Planning to buy amazon echo in sale tomorrow. Please resend a invite soon 😞
DM'd the gmail id",technical_device,rule_single,True,0
conv_298971,"@AmazonHelp you seriously need to sort out your delivery drivers, 3 horrific deliveries in 2 weeks, disgusting, it's not on.",delivery_issue,rule_single,True,1
conv_386199,"@115850 @AmazonHelp
Why are you biased to prepaid orders?
Orders with COD is delivered before the expected time while prepaid don't!",delivery_issue,rule_single,True,1
conv_432264,@AmazonHelp Kann ich wieder eure Hilfe in Anspruch nehmen. Der Herr an der Hotline hatte glaube ich keine Lust.,non_english,rule_single,True,0
conv_487736,"@AmazonHelp Hi, was notified that Prime order was 'out for delivery' this morning, has now changed to say 'expected 1 - 5 dec' - anymore info than that? Is it still out for delivery? Please can you clarify?",delivery_issue,rule_multi,True,3
conv_2450568,Want refund for fake product ordrd by mistake. Placed refund req but denied. Y shud I bear pain for fake product  :( @AmazonHelp  @115850 https://t.co/ScrQ9vJIOE,refund_return,rule_single,True,0
conv_2894655,"Hi @AmazonHelp if a seller wants a photo of a damaged item I’ve received, how does this work? There seems to be no way to add one on the messaging system.",order_problem,rule_single,True,3
conv_2033438,"@AmazonHelp My https://t.co/BCvZ4zEJxE account has been hacked, the password and email have been changed. How do I get this fixed? I'm in NZ",account_access,rule_single,True,2
conv_230890,"See How @115821 cheats ! Look at contact No. ,only god can call. @AmazonHelp @115850 #Amazon #Cheat #Fraud https://t.co/B8O0FH4Vqp",escalation_needed,rule_single,True,0
conv_641751,@AmazonHelp ive got an Amazon gift card but it's not working when I try to redeem it?,billing_payment,rule_single,True,0
conv_2896199,@amazonhelp I can't find a fax number on the Amazon site; would like to send a fax about an issue I have with a refund.  Highly dissatisfied so far.,refund_return,rule_single,True,1
conv_418803,why i can't login to Amazon?? hhhmm cc: @AmazonHelp https://t.co/GsmMUoh5ut,account_access,rule_single,True,0
conv_423987,@AmazonHelp I’ve rec’d a delivery that I neither ordered nor paid for. Also last name is old. Fraud concerns. Help! https://t.co/q47uPuiHZu,escalation_needed,rule_multi,True,1
conv_1252162,"@AmazonHelp Ordered Redmi 4 from Amazon.in. Now, i want to return/ exchange the mobile because i did not like the camera. Plz help...",refund_return,rule_single,True,3
conv_1816302,"@AmazonHelp Carinhas, boa noite! Fiz uma compra em uma conta e agora estou querendo usar a minha para realizar outra, o Kindle está...",technical_device,rule_single,True,0
conv_639434,"@AmazonHelp Bonsoir, vos code NOW15 et PRIMENOW ne marche pas sur mon compte alors que je viens de souscrire à Amazone prime est ce normal ?",non_english,rule_multi,True,0
conv_2721679,"@AmazonHelp Warum muss ich als Prime-Mitglied bei Verkauf&amp;Versand durch Amazon für Verpackung und Versand € 3,60 zahlen wenn ich eine Ware um rund € 350.— kaufe??? #WTF",non_english,rule_multi,True,0
conv_927872,"@AmazonHelp 4 delayed packages in 4 mo, 5 in the past yr- NEVER had problem - prime since 2011. Why delays? CSR tried but its frustrating.",prime_subscription,rule_single,True,1
conv_810761,"@AmazonHelp someone's using my email and I can't access the account anymore, I cant send emails to the customer service email too.",account_access,rule_single,True,0
conv_2539020,@115851 Order# 404-6901064-4338704 you guys are simply cheating customers and harassing them i need to be compensated for the mental harassment caused by your delivery partner and customer team they even disconnected phone and not helping @AmazonHelp @115821,escalation_needed,rule_multi,True,2
conv_2905146,@AmazonHelp I’m really disappointed that something advertised as new is damaged on arrival. Please help! https://t.co/I4t1vru1xl,order_problem,rule_single,True,1
conv_321631,.@AmazonHelp Just received my book delivery &amp; one of the books appears to be water damaged 😔 https://t.co/TjsiQHth1T,delivery_issue,rule_conflict,True,5
conv_101768,@AmazonHelp who do I contact in regards to not receiving a package?,delivery_issue,rule_multi,True,3
conv_114414,"@AmazonHelp Whats this about Amazon? I ordered with Prime and was told it would come tomorrow, now it's not coming until Monday?! https://t.co/kWRyzSlixa",prime_subscription,rule_single,True,2
conv_1125175,"@AmazonHelp @118919  I have not received my cashback for order no. 403-7428184-1258738 dated 20 November.
What r u wanted prove? 
I have already mentioned detail on my Facebook account 5 hour ago. No response....
Don't tease me.....",escalation_needed,rule_multi,True,1
conv_1113860,@115850 @AmazonHelp unable to delete card via Manage Payment Methods page. Is the issue brought to notice already? #CardManagement #Amazon,billing_payment,rule_single,True,2
conv_2670731,".@115850
.@AmazonHelp
Earth's most customer centric company cheats its loyal prime customer for mere Rs 45.00.
5% promised Cashback for subscribe &amp; save through Amazon pay balance denied for no reason. https://t.co/GEWWo9JVyf",prime_subscription,rule_conflict,True,2
conv_802404,@118919 @118919 Amazon and @AmazonHelp Amazon drama of return started. Only dates are communicated but no one comes to pick for return. Shame,refund_return,rule_single,True,4
conv_1389138,Recd just 3.6% instead of 15% casback.Dont reply like last time. I will escalate to Official Consumer redressal forum.@AmazonHelp #fakeoffer,escalation_needed,rule_single,True,2
conv_513492,"@AmazonHelp @115821 @115851 3 packages late within a week, all shipped AMZL.",delivery_issue,rule_single,True,1
conv_797500,@AmazonHelp I'm trying to order an air purifier in San Francisco.  Four different ones.  NONE can be shipped here.  What's up?,delivery_issue,rule_single,True,0
conv_164833,"@AmazonHelp I’ve been away and forgotten to cancel my prime membership, when I log in it says I’m not a member. But I have a pending transaction with my bank? Help!",prime_subscription,rule_conflict,True,2
conv_2477475,@AmazonHelp Help please i ordered a single mattress and a double arrived and amazon want me to pay for it to be senr from Reading to Fife cost of £380 that i have to pay and wait for a refund!! after five years on Amazon this is the last time,refund_return,rule_multi,True,6
conv_1494305,@115850 I ordered a Redmi 4 64 gb from your site and this is what I get!! calling your customer service they say systems are down please help !!! @AmazonHelp https://t.co/Q3w2dx5cwe,technical_device,rule_single,True,0
conv_2725002,@AmazonHelp Me dit que le colis est chez @247940 qui eux me disent qu'il n'est pas encore chez eux... help ?,non_english,rule_single,True,0
conv_2277551,I guess if I own two Echo devices I can stream different music to each device simultaneously with Music Unlimited? @AmazonHelp,technical_device,rule_single,True,0
conv_1478812,"@AmazonHelp also, I requested that the refund be put back in my card and y’all put it on my gift card balance, how do I fix that?",refund_return,rule_multi,True,1
conv_2953647,"Hi, @AmazonHelp, just wondering, there's no surround on your Prime copies of Lord Of The Rings second two films currently on UK prime. Is this a mistake or is that just all you had licence for? (all platforms)",prime_subscription,rule_single,True,2
conv_288050,"@AmazonHelp Hi, want to speak to amazon support but not getting verification codes through email, and the support through ap is taking 4ever",account_access,rule_single,True,1
conv_2644958,@AmazonHelp Is internet required to use the echo dot? I have an echo and that requires wifi..,technical_device,rule_single,True,0
conv_2488979,"@AmazonHelp I  have Prime Video on my Android pad device. Is it possible to ""cast"" to a non-internet enabled TV?",technical_device,rule_conflict,True,0
conv_18972,"@115833 @AmazonHelp Will echo devices bought from US work in India, as ECHO has already been launched here ?",technical_device,rule_single,True,0
conv_269816,@AmazonHelp My account has still not be unlocked its almost been 4-5 days and when i contact Customer Care they say we are still unlocking.,account_access,rule_single,True,5
conv_1881119,"@AmazonHelp was ist nun? Ich möchte endlich mein Geld. Ohne Ausreden, ohne Lügen ohne Hinhalten! So geht man nicht mit Menschen um!",non_english,rule_single,True,0
conv_1239716,"@AmazonHelp renewed my Prime membership using Amazon pay. Still waiting on that Rs. 500 cash back after 72hrs. C'mon guys, you're dropping the balls way too often these days. Please fix it.",prime_subscription,rule_conflict,True,0
conv_1068734,"@AmazonHelp por favor, dejad de trabajar con @137605 ! Es un lastre y una mala imagen para vosotros!!!",non_english,rule_single,True,0
conv_2841771,@AmazonHelp Help I'm shopping on your site and I can't add items to my cart.  How am I supposed to finish racking up my Christmas credit card debt now???,billing_payment,rule_single,True,2
conv_685643,"@AmazonHelp  https://t.co/gSwbVTCUBZ

My account is locked still",account_access,rule_single,True,1
conv_2317577,"@AmazonHelp I placed an order and accidentally used the wrong (old) address. I requested to cancel, but am i able to change the address instead? it's on its way. https://t.co/xBdJkh1SaZ",order_problem,rule_single,True,5
conv_1046577,@AmazonHelp i received a message from my bank it said amazon took 48$. may i ask why ? because my previous order i paid for it already,billing_payment,rule_single,True,2
conv_2558536,@AmazonHelp Pay for prime and don’t get one day delivery as stated on order! Waste of money #Amazon,prime_subscription,rule_conflict,True,1
conv_852827,"@AmazonHelp I order an item for my PS4 and it doesn’t work, can I exchange for a new one/get a refund?",refund_return,rule_single,True,3
conv_1807419,@AmazonHelp Hi there. So I'm trying to sign up for Amazon Prime  here in Norway but my signup process stops when I choose a billing address.,prime_subscription,rule_conflict,True,0
conv_1350238,@AmazonHelp sent an email stating my account was hacked. I’ve yet to receive a response. Thanks for allowing someone else have access to my account and information. Feeling safe knowing y’all don’t give a fuck about your customers.,account_access,rule_single,True,0
conv_1322605,@AmazonHelp Amazon Pay Transaction ID: P04-3014832-6509976  Paid to @1386 But tickets not generated,billing_payment,rule_single,True,2
conv_1473740,@AmazonHelp I'm on prime and can't find the Jets v Bills... it's only the 2nd quarter! What's gives?!?,prime_subscription,rule_single,True,0
conv_343000,@AmazonHelp NOT MY DOOR MAT. NOT MY HOUSE. Where’s my package?!?! https://t.co/swuEHBYMXH,delivery_issue,rule_single,True,7
conv_1362515,Where's my Super Mario Odyssey @AmazonHelp? I preordered the day it was available and I receive an email it's delayed? Why?,prime_subscription,golden,True,0
conv_1517757,@AmazonHelp @116316 die letzten Bestellungen kamen entweder kaputt oder viel zu spät an. Heute schon wieder. Sehr ärgerlich....,non_english,rule_single,True,0
conv_307285,@AmazonHelp I can't find it on my prime account or how to put it in my video selection,prime_subscription,rule_single,True,2
conv_734149,@AmazonHelp if I cancel an order can I get a refund?,refund_return,rule_single,True,7
conv_894600,"Requested replacements for 3 dmg items. Repl 1 of 3 still damaged. But when I try to exchange it, says refund only of $0.00 @AmazonHelp",refund_return,rule_conflict,True,0
conv_1427914,@AmazonHelp on the email sent to me about my enquiry of NFS Payback delux edition it says that I was meant to receive the code on the 4th,account_access,rule_single,True,0
conv_1541904,I wanted to ask about the refund of one of my orders.. @amazonhelp can anyone gimme a call or gimme a number to call to?,refund_return,rule_single,True,2
conv_701465,It has served me faithfully for many years but looks like my @AmazonHelp Kindle breathed its last today. https://t.co/rtNMpUX7oo,technical_device,rule_single,True,4
conv_234146,@AmazonHelp I HAVE AN ORDER I NEED TO SEND BACK,refund_return,rule_single,True,3
conv_246486,@AmazonHelp fuck! Can you guys have the decency to call? Give me my money back you shits. #Panic #ecommerce #Theft,refund_return,rule_multi,True,0
conv_1666526,@AmazonHelp still waiting for a reply weeks after my complaint??? not happy 😠,escalation_needed,rule_single,True,0
conv_1531210,@AmazonHelp can u delvr a product on or bfr 12 nov as dat product is not eligible for prime. I want to gift it 2 my father on his b'dae.,prime_subscription,rule_single,True,4
conv_2291792,"@AmazonHelp and they confirmed that It's a charge not an issue of an authorisation code. I spent 2h on the phone talking to your incompetent assistants, and few extra - emailing them. Would be appreciated if you could help.",billing_payment,rule_single,True,0
conv_2199106,"@AmazonHelp Hi, my account has been blocked and I couldn´t send the requested fax. Could you please provide another way to unblock? Also, I made a purchase in @120533 just before the acount was blocked, will i receive it?",account_access,rule_single,True,2
conv_222676,"Hey @AmazonHelp since you're attempting delivery outside of biz hours, could you please allow me to update my delivery address to save you all additional trouble? Thanks! 📦 https://t.co/2zMcoOG1oF",delivery_issue,rule_single,True,4
conv_155111,@AmazonHelp help me.to get my amazon account pay balacne defreezed..its a request😖😖,billing_payment,rule_single,True,0
conv_701364,"@AmazonHelp 3rd time in a short space of time you fail to make a delivery. You're truly terrible! How is it acceptable to say allow for an ""additional day or 2"". Time to cancel my prime. 👍",delivery_issue,rule_multi,True,0
conv_1424925,"Why does @AmazonHelp Alexa have so much trouble ""playing the music"" on @2925?!?!",technical_device,rule_single,True,0
conv_2757405,"@AmazonHelp Need immediate assistance, booked an online movie ticket with BookMyShow, received transaction ID but haven't received details of the payment or seat numbers yet.",billing_payment,rule_single,True,0
conv_713763,@AmazonHelp I have 2 addresses. Physical and P.O. Certain carriers only deliver to physical and vice versa. Anyway to find out before I buy?,delivery_issue,rule_single,True,3
conv_463917,"I was purchased the wrong mobile. I was not aware that, it is not compatible with JIO sim. I want to return my order 404-9391432-5602714. But amazon support team is not allowing to return my product. It is less than 10 Days. @115851 @115830 @115821 @AmazonHelp",escalation_needed,rule_multi,True,1
conv_1270229,@115850 problem resolved by @115851 sir team members thank you @AmazonHelp,resolution_confirmation,rule_multi,True,2
conv_699473,"@115850 don't understand one day delivery meaning any more, deliver urgent product 2 days late and backs out when asked to return the product. How can they expect consumer to keep the product even if its Amazons fault. @AmazonHelp #NoMoreTrust #Cheat #fraud",escalation_needed,rule_multi,True,1
conv_2776320,@115830 @AmazonHelp How do I return an incorrect item?,refund_return,rule_single,True,2
conv_2725916,"Hey @AmazonHelp is it common practice for your drivers to open packages themselves in order to squeeze the product through the letter box (damaging it in the process?). Just happened to me, can DM photos.",resolution_confirmation,golden,True,0
conv_1008926,@AmazonHelp sir Will I get a prime membership trial on the new account?,prime_subscription,rule_single,True,0
conv_1124601,@AmazonHelp Hola este domingo he comprado en amazon ESP y he escogido el Envío estándar expresamente y vosotros lo envias con envío express😠,non_english,rule_single,True,0
conv_600256,@AmazonHelp @115850 @117634 Pay balance load not updated even after 15 minutes. Upset.,billing_payment,rule_single,True,0
conv_293305,"@AmazonHelp tengo una gift card de Estados Unidos, ¿cómo hago para aplicarla en mi cuenta Amazon MX?",non_english,rule_multi,True,0
conv_2490612,@115821 service is simply out of this world. Such a phenomenal experience. They just agreed to refund a pair of headphones that I bought 1.5 years ago. There is absolutely 0% chance I'm buying anything online outside Amazon. @116928 @AmazonHelp,refund_return,rule_single,True,1
conv_565799,@AmazonHelp @22658 VERY frustrated. My delivery scheduled at purchase for 9-12 tomorrow was just moved to 3-6. Not home then. Purchase made 7 days ago &amp; JUST now getting notice that delivery time moved? Unacceptable. Order# 111-4099465-6516251 Tracking ID XPO000061360,delivery_issue,rule_single,True,3
conv_2287505,I didn’t even get my confirmation email either wtf man?? And I double checked everything before I ordered them!! @115821 @AmazonHelp I WANT MY MONEY BACK 🗣🗣🗣🗣🗣 https://t.co/NBonFbAVEo,refund_return,rule_multi,True,2
conv_1442529,@AmazonHelp is it possible to use my Amazon Prime membership for 2 different accounts?,prime_subscription,rule_single,True,2
conv_616910,@AmazonHelp You are pre-authorising my account £1 on a weekly basis. I want to make an official complaint. I have phoned emailed and live chatted to no avail. If I don’t get a response I will report you to OFT &amp; Ombudsman,escalation_needed,rule_single,True,1
conv_27817,@Amazonhelp Shame on fraud by Amazon Pantry,escalation_needed,rule_single,True,1
conv_2418710,@AmazonHelp I purchased an item recently that is faulty. I need to return it for an exchange but am not willing to pay return postage 1/,refund_return,rule_multi,True,3
conv_930249,@AmazonHelp I want to know what's happened to my pre order of my Iron Maiden cd. Meant to arrived Friday it's now Monday no sign of it.,order_problem,rule_single,True,5
conv_685664,@115821 @AmazonHelp @116618 Every month I receive debits of $ 2.99 on my credit card from Amazon Digitalsvcs. I've been complaining for months and until today I did not have a solution or a refund,refund_return,rule_multi,True,3
conv_1365469,"Ah si y muchas gracias @116875 @AmazonHelp, ya volviste a ser chévere",non_english,rule_single,True,0
conv_2685165,"@AmazonHelp so disappointed with my Amazon Fire - Coming up with system error (e3) tried to reset factory but wont work, so disappointed",account_access,rule_single,True,1
conv_1531292,@AmazonHelp I still can't connect my twice prime to my twitch now.... pretty annoying.,prime_subscription,rule_single,True,0
conv_1130253,@115851 @AmazonHelp  why are you holding my money in amazon pay? I need urgent resoluTion on this matter. Your policies are not clear.,billing_payment,rule_single,True,2
conv_2634830,"@132703 @AmazonHelp  .... Incumplen una vez mas, su fecha de entrega de una mercancía... Ya se esta convirtiendo en costumbre por parte de ustedes... Y como cliente Prime, estoy muy contrariado.",non_english,golden,True,0
conv_391636,@AmazonHelp I think someone changed my login email - found email notifying change but didn't authorize - can't log in to change it back.,account_access,rule_single,True,1
conv_2291199,"Experimented with the @AmazonHelp echo (Alexa) today. No matter how I pronounce, it doesn't recognise any Kannada song, artist or album.",technical_device,rule_single,True,2
conv_301042,@AmazonHelp please can you help me I have been promised numerous call backs and contacts and still no response please help,escalation_needed,rule_single,True,2
conv_656095,@AmazonHelp Alexa won’t sing me happy birthday although she suggests i ask her to when I say it’s my birthday...,technical_device,rule_single,True,1
conv_1601604,@115850 @AmazonHelp I am already a Prime Subscriber in India. If I buy the Echo do I get the Amazon Prime charges in my Amazon Pay balance since it shows 1 year Prime included? Or do you extend the date?,technical_device,rule_conflict,True,0
conv_794436,"#amazonecho
""Alexa, can you find my echo invitation""
Didn't get still now it has been 8 days for requesting @121284   @AmazonHelp",technical_device,rule_single,True,0
conv_2217305,@AmazonHelp I can’t access my Amazon account and I’ve changed the password 5 times. Can you please help?,account_access,rule_single,True,4
conv_2528274,"@117634 @137341 @115850 @AmazonHelp @115821 @115851 My Kindle Paperwhite (bought on 25/01/2016) screensaver got freezed.  Not working even after charging it full and pressing the home button.
Please help.",technical_device,rule_single,True,1
conv_1063029,@AmazonHelp Finding high difficulty in getting the package for the day. No response from support team too 9500034681,escalation_needed,rule_multi,True,1
conv_2690667,@AmazonHelp hi my mum cannot login to her account. We have spoken to customer services and sent an email. We have reset the password and still can’t login. I see others are having this issues. Please advise. This has been going on for three days!,account_access,rule_single,True,1
conv_1429442,@115850 @AmazonHelp   just got the Echo Dot in India... It's not recognising location as India and giving weather updatesp for New York!,technical_device,rule_single,True,1
conv_505818,"I keep getting delivery notifications for @115821 packages that have not yet arrived. Some arrive eventually, a few have not. Very frustrating. Still waiting on the results of their investigation into my missing package. @AmazonHelp",delivery_issue,rule_single,True,3
conv_1895521,"@AmazonHelp your vendor supplied defective piece, you ruined B'day gift. Now no 1 paying attention to return Request. Only getting msg.",refund_return,rule_single,True,3
conv_20486,@AmazonHelp Why Amazon.in prime members are not allowed to access kindle prime reading section? @117634 @115850 @115821,technical_device,rule_conflict,True,1
conv_600298,@AmazonHelp Canceled my BF Prime order because Shipping address is undeliverable. Really? Can’t you notice how many other prime orders are delivered to the SAME Address ? You have a serious problem with your shipping.,delivery_issue,rule_multi,True,1
conv_461332,"im PISSED i got locked out of my amazon account, called support and they hung up on me!!!!!!!! thanks for nothing @AmazonHelp @115821",account_access,rule_single,True,1
conv_2565619,@AmazonHelp So when you have been baited and switched by one of your third party sellers - it’s too bad so sad for the buyer? Your A to Z guarantee team has been brutal to deal with. One canned message after the other. Pretty disappointed,escalation_needed,rule_single,True,0
conv_226366,What the heck now i want my money and you are sending me the replacement without my consent you are u out of ur mind @AmazonHelp @115850,refund_return,rule_multi,True,2
conv_2571921,@AmazonHelp I’ve not been able to login to my account and the ‘forgot password’ email request doesn’t work. Any advice?,account_access,rule_single,True,2
conv_170915,@AmazonHelp bought a Fire 7 today. Won’t allow me to register as says email address already exists. Can’t change password as it won’t accept post code on password change.,account_access,rule_single,True,0
conv_153707,@AmazonHelp I ordered a PS plus 1 year subscription but it says additional verification required help please,account_access,rule_multi,True,1
conv_468856,"@AmazonHelp Had a kindle, the display stopped working (cracked). Went to a helper and he told me I had to buy another one, which is what I've done now. Pathetic customer care",technical_device,rule_single,True,0
conv_701314,@AmazonHelp I am having problems logging into my account and resetting my password,account_access,rule_single,True,3
conv_440175,Das mit dem Premium Versand üben wir noch einmal. @AmazonHelp https://t.co/rSjv3pD6pq,non_english,rule_single,True,0
conv_2863410,"@AmazonHelp I'm not sure what is the meaning of the word ""shortly"" for @115830 when they say""Your case has been forwarded to another Amazon team. You will receive a response to your question shortly"".And the most importan-We'll receive a response!Not a resolution!Everyday jokes https://t.co/kM1f6P4OsK",escalation_needed,rule_single,True,3
conv_2431078,@117634 @AmazonHelp preordered @678744’s Oathbringer months ago but my Kindle hasn’t received it yet and it doesn’t appear on my account. Book’s page shows me this. what’s going on? https://t.co/Glyc3rItBo,technical_device,rule_single,True,2
conv_1113575,@AmazonHelp received  Order# 114-8162462-9122612 in damaged condition cc unable to help. pathetic harassing my 90 year old grand mother.,order_problem,rule_single,True,1
conv_2769005,.@115821 @AmazonHelp tried many times to call but no no chance ... What a pathetic service guys ... U won't last for long if u will be like his in India .taking money and not delivering even after a month https://t.co/iAU1Oq5IUb,billing_payment,rule_single,True,1
conv_149323,"Wtf @AmazonHelp so your delivery driver just rang my doorbell and before I could get there he let himself in, left my parcel on the floor in my hallway and left! who does that he literally just came in my house uninvited!!!!!",delivery_issue,rule_single,True,3
conv_570873,Hella annoyed with @115821 carriers &amp; @AmazonHelp for the their service today though. I really needed that coconut oil like ASAP. It’s why I pay for prime after all.,prime_subscription,rule_single,True,2
conv_2867243,"@AmazonHelp glad this wasn't a fragile item, the box clearly is massively damaged and filthy like it rolled around in some dirt piles in the numerous warehouses it visited. 

This normal? https://t.co/8eEmNuheys",order_problem,rule_single,True,4
conv_2622473,@AmazonHelp Glitch on the website https://t.co/nUTkgqOs8f £184.50 with Prime but when selecting it says £188.78 https://t.co/NwrBiScALE,prime_subscription,rule_single,True,2
conv_1091278,@AmazonHelp I ordered item w/prime &amp; 2 days later still nothing Was told it was mistake on amazons end &amp; nothing but $5 off when I called 👎🏻,prime_subscription,rule_single,True,3
conv_1429217,"@AmazonHelp any idea why a new Echo would fail to open a Skill, but go back to what it was previously playing?",technical_device,rule_single,True,2
conv_756342,"@AmazonHelp I ordered @13365 #147Things book and haven’t got it yet. Neighbors haven’t, unless they taken it. I’m not happy!!",resolution_confirmation,golden,True,1
conv_1457931,"@AmazonHelp pouvez vous me suivre j’ai besoin de vous envoyer un message privé svp
Merci",non_english,rule_single,True,1
conv_918008,@AmazonHelp Hi how long does it take to be refunded the £79 when we switch from annual to monthly payments for amazon prime? Thanks :),prime_subscription,rule_single,True,1
conv_1115000,"Donc sur un retour @AmazonHelp , @132743 perd le colis avec objet que j'ai payé, et juste parce que je suis pas @120533 ne font rien",non_english,rule_single,True,0
conv_67437,@AmazonHelp Suddenly having problems with my payment card out of the blue - can you help?,billing_payment,rule_single,True,2
conv_2408770,@115850 @AmazonHelp when will you Launch prime music in india... It's becoming hard to find my fav music on my echo dot through voice or in alexa app😒😒🤦🤦,technical_device,rule_conflict,True,1
conv_2571333,@AmazonHelp Serious problem when resetting @115830 passwords using mobile number option. You have *AGAIN* sent a code to unknown email! https://t.co/ZJnijxvEHo,account_access,rule_single,True,1
conv_2289945,@AmazonHelp Order 702-5963241-7605005 never received. Can't manage my order via Amazon.ca - just encountering bugs and dead links. Please cancel and refund.,refund_return,golden,True,1
conv_550575,Another 28 minutes wasted on the phone to @AmazonHelp. 8 out of 10 orders this month not turned up next day. Every time “we will make sure it doesn’t happen again”. Well not anymore it won’t as not going to renew. Wasting my time &amp; money. #poorcustomerservice,prime_subscription,rule_conflict,True,0
conv_2406895,@AmazonHelp why are you taking money from my sisters card for my membership when her card isn’t even registered to my account!!! 😡😡😡,prime_subscription,rule_conflict,True,4
conv_1073314,@AmazonHelp having huge issues with repeated fraud on my account and need to cancel my account ASAP. Please help,escalation_needed,rule_single,True,1
conv_943529,"@AmazonHelp warum verkaufen sie @22355 MediaPad m3 die kein Update auf Android 7.0 bekommen,obwohl es für dieses Modell verfügbar",non_english,rule_single,True,0
conv_821182,@AmazonHelp finding no way to sign up to amazon student again on U.K. site. Takes me to normal every time with no option to change,technical_device,golden,True,0
conv_2935946,@AmazonHelp How do I access books with my Amazon Prime account without paying @26427 a separate membership fee?,account_access,rule_multi,True,1
conv_994466,@AmazonHelp I received a reply when I gave the feedback! What's wrong? I'm crying simply to install but getting undue suggestions only! https://t.co/c0anzLo9eK,order_problem,rule_single,True,2
conv_549483,@25096 @AmazonHelp I'm having trouble getting The Best Show podcast on my Amazon Alexa. I tried asking w/ TuneIn &amp; enabled Anypod skill,technical_device,rule_single,True,0
conv_298418,@116090 @AmazonHelp why is there no way to contact customer service? I was double charged for an item and I have no way of communicating that.,billing_payment,rule_single,True,1
conv_180511,"@AmazonHelp hey. I ordered battlefront 2 for ps4 a long time ago. Never received a beta key.Just got ""hung up"" on chat after asking about it",billing_payment,golden,True,3
conv_673109,@AmazonHelp We made a return and had previously been told that it was received and refunded. Suddenly now you say it has not turned up and are charging us again. We will ask bank for a chargeback.,refund_return,rule_multi,True,5
conv_713328,@AmazonHelp I would like to file formal complaints with a recent order and be informed of what happens with them. 1 month prime isnt enough,prime_subscription,rule_single,True,3
conv_279455,Fraudulent activities - @AmazonHelp @115850 @14117 @15316 @15761 https://t.co/D4CJYZm0hI,billing_payment,rule_single,True,30
conv_817614,"@AmazonHelp thought it was to good to last. Let down yet again on an order, said it’s out today for delivery and now it’s saying 17th",delivery_issue,rule_single,True,0
conv_311324,@AmazonHelp  Did u guys get hack or was there mass hack account i log in today an i had diff username an all my info was gone,account_access,rule_single,True,2
conv_43733,Ugh @115821 this is my third prime order in 2 weeks that will be delivered late. What’s the deal? #nothappy @AmazonHelp,delivery_issue,rule_multi,True,1
conv_686741,"Thanks so much to my Amazon delivery driver for not bothering to knock to see if I was in, shoving my package inbetween my bins and not leaving a note to say where it was. Do I look like a mind reader lol @AmazonHelp",resolution_confirmation,rule_multi,True,1
conv_2931975,"Anyone else's echo dot started playing up and not responding to requests, even when standing right next to them? #echodot #amazonecho @AmazonHelp",technical_device,rule_single,True,0
conv_2419939,"@AmazonHelp would you please take a minute to realise the fact the my 26,000/- INR is stuck up with you and please refund it back. https://t.co/wrWbxZvSQR",refund_return,rule_single,True,2
conv_89203,"@AmazonHelp  - dear Amazon help - HELP! I'm dealing with Amazon for more than over a week now trying to cancel my order that has been partially paid with a giftcard and partially with a creditcard, but Amazon does not accept the creditcard payment 1/2",billing_payment,rule_single,True,10
conv_1487710,"@AmazonHelp Good amazon, to save your money you blocked your valuable customers",billing_payment,rule_single,True,0
conv_1385740,"Its manufacturing default in that @117013 Xperia @AmazonHelp It's hardware prblm frm manufacturing,still they are not accepting #sonyxperia https://t.co/AfxAcfXV9a",billing_payment,golden,True,2
conv_1675533,@AmazonHelp what happened? You don't have any answer ? Why you are not returning my money? It's more than 12 hours!,billing_payment,rule_single,True,3
conv_1334323,@AmazonHelp I just got the new Amazon Fire TV. And the remote control keeps losing connection And the only way to get it back is by removing,technical_device,rule_single,True,0
conv_842306,20 days to deliver a package to PUerto RICO @AmazonHelp why??????,delivery_issue,rule_single,True,1
conv_2291142,@AmazonHelp Can you please explain why a pre-order I placed in August hasn't arrived the day it was supposed to?!,order_problem,rule_single,True,1
conv_1750488,@AmazonHelp Ließe sich eine Autorip-Verknüpfung dieser CD mit dem MP3-Album B00G4TXNF0 einrichten? https://t.co/X63vDd8W53,non_english,rule_single,True,0
conv_1035559,@AmazonHelp I updated a card on my account to re-buy a kindle book. Payment has been taken but the book not downloaded. Pls can you help? TY,billing_payment,rule_multi,True,2
conv_1714475,@AmazonHelp Please explain why my return has been cancelled. https://t.co/sLXxo9rLCW,refund_return,rule_single,True,2
conv_1163756,@115850 its a failed diwali for me...become worst service in one day... kindly reslove me issue... i need my money back asap @AmazonHelp https://t.co/nJK3k0PKwg,refund_return,rule_multi,True,2
conv_279680,@AmazonHelp Hi! Gibt es eine Telefonnummer wo Amazon Business Kunden den Kundenservice erreichen können?,non_english,rule_single,True,0
conv_2858119,"Dear @AmazonHelp 
Balaji from your support team is a lying bastard
Regards",escalation_needed,rule_single,True,1
conv_1386153,"@227106 @115850 @AmazonHelp Amazon Pay Order ID #P04-5604862-8562487
#P04-5604862-8562487
still refund not reflect 10 days gone 1/2",refund_return,rule_multi,True,1
conv_930181,"@AmazonHelp Recently moved from Kindle Voyage to Kindle Oasis. Wiped and sold the Voyage, and then realized that my notes weren’t brought over. I thought those were saved to the cloud somewhere. Am I out of luck? Any way to retrieve them from old/wiped device?",technical_device,rule_single,True,2
conv_2226389,"Hi @AmazonHelp! Pls bear w/ me- IDK much abt Amazon tech, &amp; don't watch TV! 🙂 I'm interested in buying a Fire TV Stick 4 my dad. I often see these ""on sale"" as a bundle/pkg w/ Echo Dot. From what I've read/heard, neither of us want/need a Dot.  ALSO: (1 more tweet coming! 🙂 )",technical_device,rule_single,True,0
conv_277209,@AmazonHelp you took my money for these cancelled items but havent given the money back!! https://t.co/sqbP9wHHFA,refund_return,rule_multi,True,3
conv_456576,Ordered something of Amazon with Prime and 5 days later still nothing. What kind of crap is that. @AmazonHelp,prime_subscription,rule_single,True,3
conv_2039599,@AmazonHelp So can you return Amazon purchases to Whole Foods or not?,refund_return,rule_single,True,1
conv_261238,@AmazonHelp I just signed up for amazon &amp; when I go back to check my order status my password doesn't seem to work.,account_access,rule_single,True,3
conv_1500620,Really wish my @115821 Prime service was worth the $100 a year. No reason why I should be this stressed about pre orders. @AmazonHelp,prime_subscription,rule_single,True,3
conv_133641,"@AmazonHelp @115830 This is getting ridiculous now.. Still no contact (as promised as a matter of urgency!) , no account reinstatement &amp; still no refund of money you allowed to be taken fraudulently from my account.. #dosomething",refund_return,rule_multi,True,2
conv_1379516,@AmazonHelp it’s really awful customer services I have ever seen 2 times promised for return but no one came and now not picking calls,refund_return,rule_single,True,1
conv_2728910,@AmazonHelp what is the difference between the echo dot and the echo?? Tempted to get one of them in the black friday sale but not sure how to use it.,technical_device,rule_single,True,2
conv_1536949,@AmazonHelp I purchased ASIN BO73FW8L5P but had allergic reaction after return window. Can u please do exchange/Amazon credit? https://t.co/K7VoquwnpO,refund_return,rule_single,True,4
conv_829551,I can’t find a solid answer. Will #Alexa’s hub work with #Lightify? @45921 @45922 @AmazonHelp,technical_device,rule_single,True,0
conv_147253,"@AmazonHelp You have got to be kidding me. Leaving a parcel in my rubbish bin with food waste, dirty nappies, etc. This is not on. https://t.co/INeZneHkoU",delivery_issue,rule_single,True,2
conv_1677134,"@AmazonHelp Hi, Im signed in on Amazon. When I check my orders,I have to type password in again. It then says my email address doesnt exist?",account_access,rule_single,True,1
conv_2176664,@AmazonHelp your CS team has completely screwed up my order and refund,escalation_needed,rule_multi,True,3
conv_2113586,I pay for student prime and this is what I get? @115821 @AmazonHelp Your move Amazon. https://t.co/VIn8mWbk4U,prime_subscription,rule_single,True,0
conv_2032922,"Thanks to @AmazonHelp inaptitude, I could be the owner of world’s most expensive Polaroid film-sent to me in lieu of Panasonic lens #amazon",resolution_confirmation,rule_single,True,2
conv_2282020,@AmazonHelp We haven’t been able to access our account because there is an old phone number on file. Can u help?,account_access,rule_single,True,4
conv_964224,@AmazonHelp..  Hi team i have sent you a msg for your worst services example msg.. Please look into the matter and help. Since you do not cr,escalation_needed,rule_single,True,1
conv_1481836,@AmazonHelp how come I can’t apply my gift card to a pre order I made prier to getting the gift card?,order_problem,rule_multi,True,3
conv_1647966,"@AmazonHelp 
I paid with sbi card but didn't get any message about 10% cashback....",billing_payment,rule_single,True,1
conv_2636816,"@AmazonHelp Hallo! Wie kann es sein, dass mir heute morgen angezeigt wurde, ich könne noch bis nach 15 Uhr bestellen, um den Artikel morgen zu erhalten, ich mich darauf verlasse, und es nun schon vor 14 Uhr heißt, Lieferung selbst mit Morning-Express frühestens Montag? https://t.co/vicc8sPPuZ",non_english,rule_single,True,0
conv_1299481,@115850 @AmazonHelp  payment issue so call me urgently  9426890231 / 9687675505,billing_payment,rule_single,True,1
conv_2769762,"@AmazonHelp This 3 images shows that the mention order has been returned on 16-11-17 and therefore I filled a Safe T claim on 18-11-17 and my claim got denied with reason ""Your claim was not filed within the eligibility window"". Where is the justice? Need response asap. https://t.co/9yo4HahSwT",refund_return,rule_single,True,1
conv_124700,@AmazonHelp Cómo se puede haber válida la garantía del fabricante después de que los 30 días hayan pasado? El producto fue vendido por Amazon USA.,non_english,rule_single,True,0
conv_332052,"If this kind of fraud Amazon done in USA, Gov block the company @115850 @AmazonHelp @115821 @116618",escalation_needed,rule_single,True,0
conv_322023,"@AmazonHelp wieder werde ich von euch abgezockt, da Amazon nicht fähig ist, eine Lautschrift in der Schweiz zu machen!!! 
SAUEREI!!!!",non_english,rule_single,True,0
conv_330947,"@AmazonHelp @115850  Kindly see attached image, pathetic service offering to Amazon prime customer. Wrong info given deliberately. https://t.co/Et2Whfcoeq",prime_subscription,rule_single,True,2
conv_222742,@AmazonHelp hi.....Getting dedicated some Rs 719 per month for Amazon Prime membership which was not subscribed by me Pl help. +919887751910,prime_subscription,rule_single,True,1
conv_1432318,"@amazonhelp pourquoi est ce qu'on me dit ça, alors que personne est venu me livrer svp?",non_english,rule_single,True,0
conv_1311343,Haven't been able to get Amazon Music to work on the Echo Dot so far. It plays content only from Saavn. @AmazonHelp #India,technical_device,rule_single,True,0
conv_487652,@115830 @AmazonHelp it would be great if someone could contact me regarding a. rude staff b. Not being able to retrieve a password c. Not being able to close my acct d. You now having access to my information when I don’t!!,account_access,rule_single,True,0
conv_967298,"@AmazonHelp segunda meus livros vão ser entregues, mas eu não vou estar em casa, o que vai acontecer? Como posso pegar os livros?",non_english,rule_single,True,0
conv_210522,@AmazonHelp @115821 my Order No: 407-4060954-7413120 has been delayed and there is no assurance of delivery still please help.,delivery_issue,rule_single,True,1
conv_2416359,@AmazonHelp had a prime order due yesterday thats delayed.Its my last day at that address.Can I get a redirection or do I need to cancel?,prime_subscription,rule_single,True,0
conv_2937438,"@AmazonHelp hi, currently on holiday in the US and my daughters kindle fire for kids videos keep coming up with error code 4527. How do I fix this? The downloaded episodes are fine but WiFi connected don’t work.",technical_device,rule_single,True,0
conv_215964,This is what I experienced with your GI festival. Ordered with prime.Worst experience.@115850 @AmazonHelp  #AmazonGreatIndianFestival https://t.co/YZUMBHRmNd,prime_subscription,rule_single,True,1
conv_932290,"@AmazonHelp Hi Amazon, you've locked my account.  How do I get it unlocked?",account_access,rule_single,True,2
conv_680434,"Plz help me@amazonIN @AmazonHelp 
I saw a job advt. for the post of amazon supervisor  on @29757  whn i called them they offering jobs to freshers but to get this job they asked me to deposit 1550₹ in delhi fo uniform charges.
Is dis genuine or fraud?
I hv attached their msg https://t.co/Cr5CY2FNaz",escalation_needed,rule_single,True,0
conv_2322229,"Hi @AmazonHelp I need support. Purchased two books (kindle edition), payments successful, but status is pending. I don't see these books listed on 'Content and Devices' under any section. I want to get these books on my kindle. Please respond.",technical_device,rule_single,True,1
conv_861863,@AmazonHelp I havent had an update on my order for 3 days. can you assist. I have set the delivery for somewhere i will only be for 7 days.,delivery_issue,rule_single,True,2
conv_684818,@AmazonHelp @12339 Worst customer service u both have..U guys fails to deliver a  product by fake excuses..Look for my complain and update d reason for delat,delivery_issue,rule_single,True,2
conv_707907,Hey @AmazonHelp kommt die pantry box auch wirklich Freitag und nicht früher? Wenn das da steht?,non_english,rule_single,True,0
conv_2280451,@AmazonHelp I keep being charged for prime even though I've never signed up for it i noticed last month and cancelled and now received email to say welcome to prime not happy,prime_subscription,rule_single,True,6
conv_2664635,@AmazonHelp can you advise on how to return a faulty item past the eligible return date? I can't get anywhere online since the date passed,refund_return,rule_single,True,0
conv_2938210,Hi @AmazonHelp I’ve just been on the phone to customer services and I am being sent a replacement item however I wish to change the address that it is being sent to - please can you help with this?,refund_return,rule_single,True,4
conv_2216627,@115850 @AmazonHelp  My account was put on hold for some reason. Not able to login. Not getting any response from investigate@amazon. Please help me get my account back.,account_access,rule_single,True,1
conv_1626343,"@115850 @119625 @AmazonHelp where is my 1-year #Amazonprime membership given with purchase of #Amazonecho?

#Amazon https://t.co/MbNAb4UYAk",prime_subscription,rule_single,True,2
conv_2512734,"@AmazonHelp I bought a second-hand Kindle, but apparently it's still registered with an old account in Germany? Is there a way around that?",technical_device,rule_single,True,0
conv_2463829,"@AmazonHelp @115851  Amazon India sucking my money. Holder my account and now deleiver the damaged product . No one to hear from Amazon now, where is customer buy guarantee where is now tag line ""apni dukan""... Its all fake promises jeff, really u need to solve it",order_problem,rule_multi,True,1
conv_2795345,"@AmazonHelp Hi, I would like you to respond to a message that is circulating on Whastapp networks where you pay $ 500 is true or false",billing_payment,rule_single,True,0
conv_485439,@UPSHelp my @AmazonHelp Prime package was delayed from the “guaranteed” delivery date until Monday. Long wait times over the phone and online live chat is currently unavailable: loving this service 👍🏼,delivery_issue,rule_multi,True,1
conv_627702,@AmazonHelp I have a parcel which says delivered but was not delivered to me. Could you help me track down where this was delivered please? @115821  @115830,delivery_issue,rule_single,True,3
conv_2853681,@AmazonHelp I love my Echo and want to use it in the UK. Will it work there?,technical_device,rule_single,True,1
conv_791050,"Bon, @AmazonHelp ! Je ne veux pas avoir l'air pressant mais ça galère un peu au niveau du fameux ""dernier kilomètre"", dirait-on 😏 https://t.co/HPuiSwqOUh",non_english,rule_single,True,0
conv_1936424,@AmazonHelp I have reset and changed my password multiple times yet it always says it's incorrect,account_access,rule_single,True,1
conv_2260706,"@AmazonHelp ¿Entregáis paquetes en domingo? Es que he recibido un email diciendo que mi pedido llegaría hoy, pero sigo esperando 😅",non_english,rule_single,True,0
conv_320066,Hi @AmazonHelp - I put in an express order for a mattress and it's hasn't been delivered. No new ETA?,delivery_issue,rule_single,True,2
conv_489523,Update on my @231586  order that was supposed to arrive on Wednesday (29) : None. Still not shipped. @AmazonHelp https://t.co/3PzjmKthpY,delivery_issue,rule_single,True,0
conv_2672996,"@AmazonHelp please, can you tell me whether the prime membership offer at reasonable rates has already ended in India?  Kindly revert",prime_subscription,rule_single,True,0
conv_134989,@AmazonHelp I placed an order on Wed for next day delivery for Thur and it didn't arrive. I called and was told to wait till 9pm. Called back around 7pm and then told it was never out for delivery! Told someone will call me back and I am still waiting! Absolutely ridiculous!,delivery_issue,golden,True,2
conv_270917,"@115821 @AmazonHelp ordered son a Powerwheels 4wheeler for 4th bday. Delivered today in beat up box. Spend 2 hours putting it together,",delivery_issue,rule_single,True,4
conv_141988,"@AmazonHelp Hi. I did my first order, but now I can't log in to my account.  Errror - ""There was a problem Your password is incorrect"" But my pswd is correct",account_access,golden,True,9
conv_2722382,"@AmazonHelp it won't let me sign into my account , I tried resetting password but it still says wrong password?",account_access,rule_single,True,1
conv_575344,@AmazonHelp Ayo Amazon. I was trying to order 2k Vc for PS4 and it sent me VC Fir the Xbox... can I like get a refund or just be givin the ps4 VC in exchange?,refund_return,rule_single,True,4
conv_503568,@115830 @AmazonHelp @115851 It is now past 8pm. What is the point of Amazon Prime when the delivery guy is always late. I wish to make a formal complaint against this idiot. This is the 3rd order I've had that has missed the deadline. Absolutely ridiculous!,escalation_needed,rule_multi,True,1
conv_2855115,@AmazonHelp Your service lvls have gone down hill really badly. I received the worst customer service from you guys the other day on a v simple issue. Chats and calls with 5 different reps &amp; still no resolution. One even ended the chat on me saying they can't escalate! WOW.,escalation_needed,rule_single,True,4
conv_2063340,"Hey @AmazonHelp, can you help refund my money after a registry gift I sent was dropped over an 8ft fence and destroyed by your flex driver? https://t.co/FKB77phaYy",refund_return,rule_multi,True,0
conv_64096,"@AmazonHelp Hi Amazon, I signed up this week and placed an order. Now when I try sign in, it says my email isn't registered? Please help!",account_access,rule_single,True,2
conv_483695,@AmazonHelp so I’m trying to apply for student prime you tell me it’s ok to send screen shot but someone on email and they won’t accept it 😡,prime_subscription,rule_single,True,0
conv_1379462,@115830 @AmazonHelp When late and missing deliveries don't get sorted via the regular Contact Us channels... how to escalate?,escalation_needed,rule_multi,True,3
conv_542104,"@AmazonHelp minha conta foi excluída da amazon. Não consigo acessar o site para saber o que houve, e agora?",non_english,rule_single,True,0
conv_2454081,"@AmazonHelp Hi, following the updated PS4 app, how do I now remove entries in the ‘Watch Next’ list, please? Used to be able to before. Ta!",non_english,rule_single,True,0
conv_835496,"@115830 @AmazonHelp hiya! Can I use Amazon lockers to return an item ordered via Amazon Prime Now?
Thanks 😊",refund_return,rule_multi,True,1
conv_1152556,"@AmazonHelp cc says they refunded,but my bank differs.what to do",billing_payment,rule_single,True,2
conv_2711813,"@AmazonHelp Hi, I keep getting charged for amazon prime when i dont use it and thought I cancelled it",prime_subscription,rule_single,True,1
conv_739059,@AmazonHelp No @115850  pickup man accepting my wrongly delivered mobile due to mismatch IMEI# in their receipt and on mobile. https://t.co/QtOQdrHfwX,delivery_issue,rule_single,True,1
conv_1001010,So @115850 prime lists/sells at higher than MRP. Caught. Now bribing me wth Rs.100 voucher. Save that for lawyer fees I'd say. @AmazonHelp,escalation_needed,rule_multi,True,1
conv_1885917,"@AmazonHelp Hi, i have some credit on my amazon account, can i use this credit on 'Amazon Prime Now'? Thanks",prime_subscription,rule_single,True,1
conv_312582,"@115850 @AmazonHelp I accidently add almost 10K to amazon pay as the updated balance not reflecting. Pls revert my money in bank account.
@115851",billing_payment,rule_single,True,0
conv_2009031,@AmazonHelp Hi! I have a problem with my pay method on my account.... It says 'Your account and orders are on hold' Can we talk on DM?,billing_payment,rule_single,True,2
conv_566618,@AmazonHelp why is it taking so long to answer my messages on DM? getting frustrated and would just like help regarding my issue i’m having with an order cancellation/refund.,refund_return,rule_single,True,2
conv_156772,"@AmazonHelp my daughters kindle screen is breaking, who do I need to contact?",technical_device,rule_single,True,0
conv_349236,"Dear @AmazonHelp , I have been charged thrice for the same order.. can you check if my order has been processed successfully? https://t.co/hPtkrxq2UB",billing_payment,rule_single,True,1
conv_585673,"Ya no sé qué hay que hacer para que enviéis un pedido que tenéis retenido. Todo porque no encontráis el cobro que ya habéis hecho hace 11 días. Con lo eficientes que habéis sido hasta ahora!!
@AmazonHelp",non_english,rule_single,True,0
conv_2564987,"@AmazonHelp Hey , I would really appreciate if https://t.co/DYoT1OoXUH from.Amazon explains me.about amazon pay. Really need some guidance to understand that product . Thanks.",billing_payment,rule_single,True,0
conv_2763563,@115821 @AmazonHelp @40827 damaged food received. I want replacement or else refund. https://t.co/f7WSny4iWR,refund_return,rule_conflict,True,1
conv_2350935,"@AmazonHelp segunda compra con envío prime que me incumplen sus empresas de envios, hice una compra con entrega el sábado y se acabó el lunes y sigo esperando el envío. Es igual tener prime que no tenerlo.",non_english,rule_multi,True,0
conv_544468,So according to @AmazonHelp 5 agents/supervisor @115821 only works with a non @115858 device. And only works on internet explorer browser Do these people also work for @115890?,technical_device,rule_single,True,1
conv_1302287,Thanks @AmazonHelp for giving me the key to get my package from the empty parcel box today 🙃 #whereispackage?,resolution_confirmation,rule_multi,True,2
conv_1153749,@AmazonHelp Please could you reply to my complaint,escalation_needed,rule_single,True,1
conv_1275044,"@AmazonHelp my account is having major issues, changing my password has not helped",account_access,rule_single,True,0
conv_1124879,"@AmazonHelp just setup a fire stick, when I say play Narcos it only shows search results and won’t open Netflix and play. Is this right?",technical_device,rule_single,True,1
conv_2728952,"@AmazonHelp @115830
Hi. I’ve just received an order that had an incorrect item in it. I received a pack of hairclips instead of a set of replacement paper trimmer blades.
Can you advise. Thanks",refund_return,rule_single,True,0
conv_1897692,"Received the refund.. Appreciate ur prompt action.. Thank you #AmazonIndia, @AmazonHelp",refund_return,rule_single,True,2
conv_131691,"@AmazonHelp why I am not able to purchase gift cards using Amazon pay, I believe it is my money and I have all rights to purchase the item I want restricting user while using Amazon gift and card is fine but not using Amazon money",billing_payment,rule_single,True,1
conv_676940,@AmazonHelp i am facing problem regarding my phone bill. And not able to contact amazon as they are unable to find my order.,billing_payment,rule_single,True,0
conv_438734,"@AmazonHelp Trying to place an order with our business account, but when I get to the payment page it's blank. Something going on?",billing_payment,rule_single,True,0
conv_2789036,"@AmazonHelp Hola, realicé 1 pedido hace unos días. Pedí 2 libros a un vendedor, hoy me ha llegado un mensaje de que se enviaron por separado. El problema es que me llegó otro diciendo que se me ha reembolsado el dinero de uno de los libros por devolución pero yo no he hecho nada.",non_english,rule_single,True,0
conv_2459139,"@AmazonHelp @115851  @115821 We pay for the item, not for the box. 💯 % Unreliable service!    #amazonscam https://t.co/O0VUDddknt",billing_payment,rule_single,True,3
conv_2032993,"@AmazonHelp Bonjour.
J'ai commandé le 25 octobre un livre en provenance du Japon dont la livraison a été estimée pour le 23 novembre mais que je n'ai toujours pas reçu à ce jour.
Que faire, s'il vous plaît ?",non_english,rule_single,True,0
conv_737984,@115821 @115850 such a bad experience to just return a product. My working hours were disturbed because of the delivery guy who kept calling me that he's reaching in 5 mins. #Pathetic. That's how you treat #amazonprime customers! #CustomerLast? @115851 @AmazonHelp,delivery_issue,rule_multi,True,1
conv_2621098,Great first start with #Alexa @AmazonHelp https://t.co/3gPKcVHJK2,resolution_confirmation,rule_multi,True,0
conv_622551,"When you come home to an absolutely sodden, ruined parcel. I’m actually fuming @AmazonHelp 😡😡😡😡😡😡😡😡 https://t.co/VgTMe0m8Aq",delivery_issue,rule_single,True,1
conv_1182479,@AmazonHelp hi ordered Fifa 18 off amazon and received the email of the pre order code but it doesn't go through it only says thank you.,order_problem,rule_multi,True,0
conv_2267108,"@AmazonHelp Hey guys, How do I log in to a Kindle Fire HD when I have my account set up for SMS verification.",technical_device,rule_conflict,True,0
conv_1014260,"@AmazonHelp I have Amazon prime on my TV, no fire stick or anything. Is there a way to get close captioning on movies and TV shows? Tia",technical_device,rule_conflict,True,0
conv_932278,"@115850 @AmazonHelp @4031 
40 days gone but did not get refund. https://t.co/CvGaYfoARp",refund_return,rule_single,True,1
conv_449946,"@115830 @AmazonHelp Why am I having constant issues with Amazon Logistics? No other company has issue delivering my parcels, countless times AMZL fails to attempt to even contact me and just marks the attempt as failed despite no actual attempt! Why am I even paying for Prime?",prime_subscription,rule_single,True,4
conv_2289597,My refund amount for the courier done by my side has not been initiated....I have also made a complain at a consumer affairs department ...with complaint number-504011.  @AmazonHelp @115850 @149473 @89836 https://t.co/X54xzToDGG,escalation_needed,rule_multi,True,2
conv_1215424,@AmazonHelp i cant sing in to my account on amazon cause i need a code that u send to my email n then hotmail its not working what can i do?,account_access,rule_single,True,1
conv_2265512,"@AmazonHelp I prchsd a mobile cover only 2 find that it's bn used b4. Raised a return rqst, can I get a replcmnt widout any xtra chargs?",refund_return,rule_single,True,1
conv_155064,@AmazonHelp Il y a moyen d'accelerer la reception d'un colis ?,non_english,rule_single,True,0
conv_607313,@AmazonHelp I want to lodge a formal complaint about this man IMEDIATELY. Very rude and aggressive. Answered door via my ring doorbell. Demanded I come and get parcel. Refused to leave in shed. Then stormed off when I asked name. I have full video. https://t.co/7gOsfg1UAP,escalation_needed,rule_multi,True,0
conv_2720060,@AmazonHelp I accidentally created my Kindle account in https://t.co/v5Myd0FuIl instead of amazon.in please help me delete my Kindle account in https://t.co/AhDnRCyCCz,technical_device,rule_single,True,1
conv_2242056,"Bonjour @AmazonHelp 
J'ai un défaut sur un produit marketplace j'ai donc fait une demande de facture au près du vendeur mais aucune réponse même après 48h

Que faire ?",non_english,rule_single,True,0
conv_207634,@AmazonHelp 2/2 I have emailed your team and they won't help me because my email address isn't associated with the account anymore. Pls help,escalation_needed,rule_single,True,0
conv_862474,"@AmazonHelp Mi cuenta esta bloqueda,a pesar de seguir los pasos no puedo ingresar y  fui victima de un robo electronico meivistineo@hotmail",non_english,rule_single,True,0
conv_740928,@115821 @115830 like #Amazon_India @115850 are you able to play with buyer's time &amp; money?? I think you should learn from @AmazonHelp 😁,billing_payment,rule_single,True,1
conv_2825697,"@AmazonHelp I ordered a product which is not as shown on your app., you are not customer friendly such a bad exp. I have within 3 days.",non_english,rule_single,True,0
conv_2599663,@AmazonHelp do you get charged when item is despatched??? Also £1 has left my account why is that?,billing_payment,rule_single,True,4
conv_1312480,I have returned the product but i have not received my refund how pathetic team and service you have @115850 @AmazonHelp #poorservice https://t.co/HYlMA1mjsJ,escalation_needed,rule_multi,True,9
conv_2236313,@AmazonHelp  i ordered Gshock watch on 4th November which was deleiverd on 8th November but when i see the box of watch there is no watch only pamplets are there and same day i received my redmi 4 which is in the box safely when i complaint this my order id is 406-2361678-8381909,escalation_needed,rule_single,True,8
conv_96852,@AmazonHelp @115821 can you stop using your own horrible delivery services? 1 package arrived fine 1 package missing. Complete garbage.,delivery_issue,rule_single,True,0
conv_440042,@AmazonHelp my account needs verified and I've been waiting 30mins for a code to be sent to my email address.. Can u advise on the hold up?,account_access,rule_single,True,2
conv_1055347,@AmazonHelp Hey! Do y’all still do the thing where you’ll extend a prime membership if a prime shipment misses its date?,prime_subscription,rule_single,True,1
conv_1398451,@AmazonHelp That was really naughty. You signed me up for Prime without my agreement and it's just taken a lot of clicking to cancel it!,prime_subscription,rule_single,True,0
conv_666970,So #UPS is out stealing package. #Shameful @115817 @UPSHelp. @AmazonHelp gives #nosupport,delivery_issue,rule_single,True,0
conv_382649,"@AmazonHelp @115850 Ordered an umbrella &amp; seems like delivery guyz need it more due to rain,Tele-customer support is disabled, Helpless !!",delivery_issue,rule_single,True,2
conv_1763161,"@AmazonHelp My twitch prime wont let me subscribe to anyone even though my last subscription was over a month ago, is this a glitch?",prime_subscription,rule_single,True,3
conv_218170,@AmazonHelp I cannot login to my amazon account even if my password is correct.What is going on?,account_access,rule_single,True,1
conv_1657867,@AmazonHelp how do I go abt filing a complaint 4 the carrier service n my area? 2x my deliveries hv been marked delivered &amp; I didnt rec them,escalation_needed,rule_multi,True,2
conv_290499,@AmazonHelp is Amazon Prime down today? I've rented a movie and it will not play. Thanks.,prime_subscription,rule_single,True,3
conv_605065,@AmazonHelp @126705 someone needs to start answering questions. 48 hour tracked returns sent Saturday still stuck in tynemouth but I’m currently £260 out of pocket while nobody can do their jobs correctly someone sort the job out and give me my money back it’s a joke now!,refund_return,rule_multi,True,5
conv_248641,Osea como @116875 @AmazonHelp ya paren por favor. https://t.co/mmGuuPzXpA,non_english,rule_single,True,0
conv_742498,@AmazonHelp when can expect my order as it should have been delivered on the10th and nothing came the order number is 203-3154107-4918718,delivery_issue,rule_single,True,5
conv_140898,"@AmazonHelp @115830 Received a parcel today with a £15 Amazon gift card in with it, why is this? A giveaway I didn't know about? Haha!",delivery_issue,rule_multi,True,1
conv_1007544,"@AmazonHelp @115850 
Do U'll offer any prizes for guessing the response of the customer service team? ""the issue shall be resolved within 24-48 hours..."" the same crap that I have been hearing for over 120hrs !! Somehow the 24/48hrs never seem to get over !!
#Liars #sadtruth",escalation_needed,rule_single,True,1
conv_503520,"@115851 @AmazonHelp @115821 You people cheated with me #cheater @22954 , class action suit comming soon , fake commitment , will uncover , shipping goods undervalued ,#fraudamazon #fraud paid fine and penalty further promised to reimburse and now decling , A big SHAME!! https://t.co/JZKY2y9J2k",escalation_needed,rule_multi,True,1
conv_2683540,"@AmazonHelp I have two echo devices attached to my account. One is on my profile, the other is on another profile in the amazon household but both actually on my [account]. If I ask for a music unlimited echo on the one on their profile, who pays for it? Me or them?",technical_device,rule_single,True,0
conv_2901064,@AmazonHelp takes 2 hours to send verification code which expires in 10 minutes. #frustrated,account_access,rule_single,True,2
conv_382631,"@AmazonHelp Good morning, I'm looking to return an item for a refund,but I only get an option for collection. Can I not return it 2u in post",refund_return,rule_single,True,2
conv_2388887,"Ok... this is genuinely not a marketing thing, I'm honestly confused! I've emailed @AmazonHelp ...if YOU click on this link Meet Me At 10: A bittersweet story about love crossing boundaries. https://t.co/hLj36tKzhS do you get this screen or can you see a place to BUY the kindle? https://t.co/8ItyDRUHb3",technical_device,rule_single,True,0
conv_1932466,@AmazonHelp you’ve charged my card for amazon prime when it’s not my card that it’s registered under?,prime_subscription,rule_conflict,True,1
conv_2822370,"@AmazonHelp Bonjour,  j'ai passé une commande jeudi 23, j'ai reçu le mail de confirmation puis un mail comme quoi mon compte à été bloqué car mes informations de paiement n'ont pu être vérifiées. La commande a-t-elle été validé ou pas ?",non_english,rule_single,True,0
conv_2122299,"@AmazonHelp Hey, can i use https://t.co/7tLOQL6UI1 to pay for amazon prime? Cant seem to get the option to show up.  i can use it for orders",prime_subscription,rule_single,True,1
conv_2057107,"In a day full of bad luck, of course my Prime Now order was undeliverable for some god-forsaken reason 😂 @AmazonHelp",prime_subscription,rule_single,True,1
conv_761244,@AmazonHelp this new “AMZL” delivery service is pretty bad. I haven’t had a successful delivery yet...,delivery_issue,rule_single,True,0
conv_339918,@AmazonHelp @115821  you guys have literally become the worst amazon prime packages never come on time.#DonewithAmazon,prime_subscription,rule_single,True,1
conv_678638,@115851 Would love to read this on my #kindle but unfortunately @AmazonHelp are incompetent so I can't sign in to my account.  1 month and counting,technical_device,rule_conflict,True,0
conv_526181,"@115850 @115821 @AmazonHelp @115821 Order # 402-0726587-9868359. It's been 18 days, haven't recvd item so far. Why so late? When will I receive product? Today is last expected day to deliver.",delivery_issue,rule_single,True,6
conv_963221,@AmazonHelp kindle version 4.1.2 have WiFi but can’t download latest update.  Can’t shop.  can’t trans update laptop-kindle,technical_device,rule_single,True,1
conv_917589,@AmazonHelp hi I’m looking at buying the  Fire TV with 4K Ultra HD and Alexa Voice Remote Will this voice remote work with my Echo Dot ?,technical_device,rule_single,True,0
conv_2693912,"@AmazonHelp Hi, I’m in Canada, I have a Fire TV Stick and every attempt to watch any Prime video gives a 5505 location error (Netflix, however, works fine). Any idea how I fix this?",technical_device,rule_conflict,True,1
conv_2820543,@AmazonHelp how do I use my prime to subscribe to a twitch streamer? I'm allotted one free sub per month,prime_subscription,rule_single,True,2
conv_2720022,"@AmazonHelp is a joke. Spent 45 minutes on the phone yesterday telling them I’ve already paid for the item they  are telling me I haven’t paid for, they say it’s sorted but nope. I’m still getting payment declined emails. How can a payment be declined when I used a gift card!!",billing_payment,rule_single,True,3
conv_2292061,"@AmazonHelp Hi, I was asked for a credit card statement. I uploaded it more than 24 hs ago and still no news for my account reinstatement.",billing_payment,rule_single,True,1
conv_2933612,"@115850 @AmazonHelp @13150 @7092 
Pathetic service.. Cheaters.. Fraud.. Delivered Used Mobile.. Disgusting. Business loss fr me",escalation_needed,rule_multi,True,3
conv_2406878,"@AmazonHelp dear team, can you help me understand why this entire order was not delivered within 2 day ship? We have prime. https://t.co/mkSsx3nKOc",escalation_needed,rule_multi,True,3
conv_210276,J’ai reçu un disque dans un emballage déjà ouvert et il ne correspond pas à la commande. Et on refuse le retour ! @120533 @AmazonHelp https://t.co/jGgdRv13Zm,non_english,rule_single,True,0
conv_969274,"@AmazonHelp Hello still issue not resolved, if you cant run the company ask your ceo to shut down the company not to loot the money.",billing_payment,rule_single,True,1
conv_2984658,"Hi there @115821! I was charged for Prime when I didn't want to be subscribed, help PLEASE. @AmazonHelp",prime_subscription,rule_single,True,2
conv_849815,"@116928 En serio, @115821 @AmazonHelp, quiero que NO ME VOLVÁIS A ENVIAR NI UN SÓLO PAQUETE VÍA SEUR.",non_english,rule_single,True,0
conv_2728013,Hi @AmazonHelp if I've an order pending stock and the price of it drops before it's dispatched will I be charged the original or new lower price?,billing_payment,rule_single,True,1
conv_511649,@AmazonHelp I just watched a delivery driver steal my items. When are you guys going to learn that using these random drivers is a liability to all involved?,delivery_issue,rule_single,True,1
conv_493319,@AmazonHelp received an order but you've sent the wrong item. According to your site I can't return it. How would you like to sort this out?,refund_return,rule_conflict,True,1
conv_1668375,"@AmazonHelp team I am fed up dealing an issue with our support team on emails, handling of my case was just ridiculous",escalation_needed,rule_single,True,4
conv_149288,@AmazonHelp Placed a digital order and it currently says pending verification. But I’ve had no contact from card issuer etc,account_access,rule_conflict,True,1
conv_1152729,@AmazonHelp when did prime change from 2 day to 1 week?,prime_subscription,rule_single,True,2
conv_2480167,"@AmazonHelp hello, I purchased a kindle ebook for my kindle because I had £2 credit but the promotion wasn't applied to my account and I wasn't given a code or anything. Why wasn't the promotion applied?",technical_device,rule_single,True,0
conv_1424702,@AmazonHelp this is what I prime for really??? Only just updated - terrible!!!!! https://t.co/9ULRuOvEvq,billing_payment,golden,True,1
conv_1311565,"@AmazonHelp — to cancel my order or just order another one. Good job, amazon. I pay every month for Prime, only to be on the receiving end -",prime_subscription,rule_single,True,1
conv_2488961,"@AmazonHelp hi, I received my order and unfortunately it is damaged as it has been rolling around a box. Can you please advise what can be done? Thank you",order_problem,rule_single,True,3
conv_1922858,@AmazonHelp i have been locked out of my account twice for trying to purchase amazon coins. password reset doesn't work either???,account_access,rule_single,True,1
conv_581158,@AmazonHelp I ordered a parcel over a week ago and it’s finally out for delivery but to an amazon locker that closes at 4pm. Will they make an effort to get there before it closes? Or might it now be tomorrow?,delivery_issue,rule_single,True,3
conv_425064,@AmazonHelp I got 2 day shipping and it’s been a week... help,delivery_issue,rule_single,True,7
conv_297368,@AmazonHelp what is the latest time you deliver? Been waiting for a package all day and just wondering when it might come? Thank you,delivery_issue,rule_single,True,0
conv_1212743,@AmazonHelp So my account has been blocked once again for no reason (or atleast it wasn't told to me) i'm getting a little sick of this. why do my accounts keep getting blocked??,account_access,rule_single,True,2
conv_512455,@AmazonHelp How can Amazon give me old batteries with a new Fire Stick? #poorcustomerservice,technical_device,rule_single,True,0
conv_1532176,"@AmazonHelp @115830 Thanks Amazon ""guaranteed next day"" to be told it'll arrive on the 8th. Disgusting treatment by customer service team",escalation_needed,rule_multi,True,2
conv_2292683,"@AmazonHelp I have a problem i have reset my password but i have the msg ""Your password is incorect "" can you help me ?",account_access,rule_single,True,0
conv_27913,.@120474 @AmazonHelp  Very good. Pre-order album to get access to pre-sale then it doesn't work. https://t.co/wy0wzkEFdQ,order_problem,rule_single,True,0
conv_553334,"@AmazonHelp constantly gettign a message ""Your account has been locked for security purposes.  Please check your e-mail for instructions on how to unlock your account"" had this issue for ages. Havent had an e-mail!",account_access,rule_single,True,1
conv_130374,@AmazonHelp I ordered Baidyanath ghee attached order details FYR. Please correct the price in your website and refund me the difference amount. https://t.co/ricDOvrhlN,refund_return,rule_single,True,2
conv_816340,@AmazonHelp I appear to have been charged 2x for my last order,billing_payment,rule_single,True,1
conv_254598,"@AmazonHelp need help 2 cancel Sling tv from my fire stick, moving and need to stop sling for few months pls help",technical_device,rule_single,True,0
conv_1136236,Euh @AmazonHelp ma commande n'est jamais arrivée mais je ne peux ni demander un nouvel envoi ni être remboursée... WHY ?! https://t.co/JG16ZHjFn6,non_english,rule_single,True,0
conv_471487,"@AmazonHelp 
i have received the cheque with wrong name on 17th Nov 2017.
I told amazon to give me a cheque with correct name... They told me till 25th Nov i will get it.
Nor i am able to talk to your team on phone.. Call me Back i want to talk:-8447502439",escalation_needed,rule_multi,True,5
conv_57438,@AmazonHelp preordered a book on kindle in September. It says the release date was 21st Sept but it’s still not on my kindle. Can you help?,technical_device,rule_single,True,1
conv_345881,"@115821 @115850 @AmazonHelp I'm fed off with my new Amazon fire stick,On Friday only I got it and from yesterday on wards it's not working",technical_device,rule_single,True,3
conv_1990223,"Parrot playtime w peta, Alexa &amp; Oscar #africangrey #galah @115833 @AmazonHelp @2662 @45325 @215 @56254 https://t.co/fKwQO06i2c",technical_device,rule_single,True,1
conv_153709,@AmazonHelp Help! All my content has disappeared from my account - it says 'no items found' and I should have several hundred books and samples in there (833 items according to my Kindle). Everything seems OK with my Kindle and all my books etc are still in my library.,technical_device,rule_single,True,1
conv_2116188,@AmazonHelp @115830 been told Xbox x Scorpio was dispatched in Doncaster yesterday but did not turn up and today they are saying they are not in stock but they have taken my money ??????,billing_payment,rule_single,True,0
conv_49127,"@AmazonHelp Was told that one day delivery would use a different carrier, have just got the dispatch email and it says it’s the same 1/2",delivery_issue,rule_single,True,2
conv_1738595,"@115821 @117795 @AmazonHelp Yet another 2-Day Guaranteed Prime Shipment #LateAgain. ""Why"" am I paying for Prime? #falseadvertising",prime_subscription,rule_single,True,1
conv_469695,Received damaged product @115850 @AmazonHelp        Order no: 408-4604176-7386704 https://t.co/6pmYHWAbyo,order_problem,rule_single,True,12
conv_2793017,@115821 is the biggest fraud out there. They guarantee something to be here and it seems to never get here then you get notification that your package has arrived and guess what it is not there. This has happened several times past month.  #dontbuyprime #fraud @AmazonHelp,escalation_needed,rule_multi,True,2
conv_128164,Yay score one for me heaven smiled I got my refund. Thank you @115821 @AmazonHelp for making it right.,refund_return,rule_single,True,0
conv_671297,Has anyone used their Amazon Prime lately and not had a late package?? I feel like late is their normal anymore. I ordered some little baby boots for Elliott’s first thanksgiving outfit and they’re not going to arrive on time. 😭🤬 @AmazonHelp,delivery_issue,rule_multi,True,4
conv_1252195,"@AmazonHelp hi, why was I charged twice for one item? (As in, 2 x the price of the item has been charged to my card, so it’s not just an authorization issue)",billing_payment,rule_single,True,0
conv_2117813,"@AmazonHelp 
Whether all winners declare on  the contest watch five titles on prime video??",prime_subscription,rule_single,True,0
conv_904212,"@AmazonHelp hi, I was browsing on my phone and it was playing up then I got an email about a purchase that I didn’t want, can I return? https://t.co/0CwzPC1vMp",refund_return,rule_single,True,1
conv_178634,"@AmazonHelp Can you tell me why my tracking says with courier to deliver today,then says it might take another 6 days?",delivery_issue,rule_single,True,2
conv_2435223,"@AmazonHelp 
Hello, i can’t login into my account. 
I changed my password but still is incorrect?
__email__ https://t.co/st4ZgyQlsd",account_access,rule_single,True,1
conv_1042303,@AmazonHelp @115850 @115851 Your leadership team should look into this and must audit all my call records. Pathetic Customer care. https://t.co/haYSZ5f6bR,escalation_needed,rule_single,True,7
conv_129236,"@115851 @AmazonHelp @115850 
You guys have not delivered my item and have refused my refund. What do you want me to do? Just because your information says delivered, you are refusing to help. Its already close to a month and you are not doing anything.",delivery_issue,rule_multi,True,1
conv_378695,@115821 @amazonhelp I have reported my debit card &amp; all of mine/my wife's credit cards used on your website (cont) https://t.co/cVNYKadJAE,billing_payment,rule_single,True,0
conv_1614877,@115850 @AmazonHelp my recharge failed due to Ur technical issue...and evn the money is not refunded...,billing_payment,rule_single,True,1
conv_160410,.@AmazonHelp I've talked to 10+ people on the phone over the last 2 months about my account. My account was hacked back in September and my account is now frozen and I'm unable to log in even after resetting my password multiple times. Nobody has any answers for me. RIDICULOUS,account_access,rule_single,True,3
conv_1612014,"@AmazonHelp @115821 
Order ID:407-5052004-0148369
Already complaint about the defective product, no response yet @174957 denied service",escalation_needed,rule_single,True,2
conv_2598582,"@AmazonHelp Wieso wird beim Artikel erwähnt, dass es definitiv am Erscheinungstag geliefert wird und dann kommt (in letzter Zeit öfter) sowas?
So langsam geht das auf die Nerven. https://t.co/HZdBomUTWQ",non_english,rule_single,True,0
conv_1378726,"@AmazonHelp ordered Amazon Home Cleaning 2 Days ago, no response! I called, cstsvc had no idea when I would be scheduled! So unprofessional!",escalation_needed,rule_single,True,0
conv_1016741,@AmazonHelp Ive only download 3 kindle books from Prime Reading now I've reached my limit. Didn't read anywhere about a limit on this??,technical_device,rule_conflict,True,1
conv_1402170,Thanks 4 nothing @115821 @AmazonHelp. Ur guarantee delivery meant crap as the order wasn’t delivered on time &amp; you did nothing. #shoptarget,resolution_confirmation,rule_multi,True,0
conv_276151,@115850 @AmazonHelp. Raised a complaint for my new phone.it has been 6 days no response.#badservice,escalation_needed,rule_single,True,1
conv_1296785,"@AmazonHelp Spoke to 3 of your customer support agents, they each told me that the previous agent lied. Unacceptable, no more prime for me.",prime_subscription,rule_single,True,1
conv_1252203,"@AmazonHelp haven't got the cashback for the 1st Recharge via Amazon pay, it's being 15 days now, the recharge was meant for @120602",billing_payment,rule_single,True,1
conv_1344513,@AmazonHelp @115821 @115850 @117795 wrongfully charged $100 while trying to install Firestick TV in India. Please help!,billing_payment,rule_single,True,0
conv_962109,@AmazonHelp How come Halloween 2 Rob Zombie “isn’t available in my location” I pay for prime and starz. And still don’t get it.,prime_subscription,rule_single,True,0
conv_163497,Why give me a notification 3 days in advance if youre just gonna fail the delivery @AmazonHelp,delivery_issue,rule_single,True,2
conv_780284,@AmazonHelp buying mobile phone online from Amazon is risky. no policy for return/Dr engineer if u don't like phone. I suffered ....,refund_return,rule_single,True,1
conv_1376064,I actually cancelled @115821 prime tonight. Amazon logistics and @amazonhelp are why. Never thought it was possible. Wow.,prime_subscription,rule_single,True,1
conv_2408647,@AmazonHelp Hey prime video is down. Looking at https://t.co/md8ty6gPQO. I am not the only one affected.,prime_subscription,rule_single,True,2
conv_2612340,"Amazon Logitics c'est vraiment une catastrophe ... @120533 @AmazonHelp 
Délais plus longs et non respectés, livreur qui ne prévient pas de son passage... C'était mieux @132988",non_english,rule_single,True,0
conv_1406170,@amazonhelp do you make most of your money by purposely making it impossible for customers to receive help on incorrect orders?,billing_payment,rule_single,True,2
conv_4859,@AmazonHelp Im not receiving 2step code by text or call in my smartphone can't log in into my account already got help by phone with no luck,account_access,rule_single,True,4
conv_2698926,"@AmazonHelp I think something has got a bit wrong! I just want to order a new phone case, guys! https://t.co/Fx7zGWHL9b",order_problem,rule_single,True,2
conv_675945,@AmazonHelp Still locked out of my account.  3 weeks now.  Your support by telephone and email is awful,account_access,rule_single,True,1
conv_197564,"@AmazonHelp well I was told in an email I’d be receiving my #BattlefrontII Beta code after midnight last night, but I’m still waiting",account_access,rule_single,True,0
conv_67541,"@AmazonHelp not a happy customer, been charged £80 for amazon prime!!! which I haven’t signed up for?",prime_subscription,rule_single,True,0
conv_1035078,"@AmazonHelp What r my options if havng problms w/refurbished phone aftr 30 day return policy?Had few months,but now loosing pwr as charging",refund_return,rule_single,True,1
conv_291787,Hey @AmazonHelp zwei garantierte Lieferungen für heute sind nicht versendet worden :-( schade....,non_english,rule_single,True,0
conv_2969420,Yo @AmazonHelp y'all gonna help me with my fire stick being frozen or what it's been like three days now since I asked,technical_device,rule_single,True,2
conv_158687,"@AmazonHelp Hi . I order this laptop (link: https://t.co/E13tSpMs7R) https://t.co/NB66L9MZMq…
But my account is locked and my order cancelled. But after my account is openened. I want to place an order at this price (900+ 189 $) . Possible ?",account_access,rule_single,True,6
conv_532671,"@AmazonHelp Buongiorno, ho cliccato Chiamami sul mio profilo, mi hanno risposto dalla Romania, molto gentile l’operatrice. Nonostante sono Prime, solo alcuni prodotti arrivano in tempo. È una vergogna!!!",non_english,rule_multi,True,0
conv_1277044,@AmazonHelp Hi pls help. I signed 4 prime in https://t.co/devZjG0wDW frm Qatar. Can u pls check is this valid for Qatar __email__,prime_subscription,rule_single,True,1
conv_794458,@AmazonHelp your customer service is disgusting. After 10 mins of waiting the lady just hung up on me! Delivery hasn't been attempted!! 😭,delivery_issue,rule_single,True,0
conv_1276119,"@AmazonHelp All, be aware of recent Amazon prime membership charges directly applied by Amazon on your registered account with them.",prime_subscription,rule_single,True,8
conv_2794259,"Having trouble with Fire 7 Kids tablet - won't let me allow websites to kids profile, receive error ""Failed to approve the website, please try again"". Raised support ticket, any advice please @AmazonHelp? Seems others online having same issue. https://t.co/Ei9il4JBxq",technical_device,rule_single,True,2
conv_1285538,".@116316 | Liebes @AmazonHelp-Team.., könnt Ihr mir dies hier erklären?
Ein &amp; derselbe Artikel - und für #Prime-Kunden 1,66€ teurer! | 😑 https://t.co/pB0qYmNfoV",non_english,rule_multi,True,0
conv_781235,"@AmazonHelp my early access WWE 2k18 pre order is due tomorrow but still says 'not yet dispatched', will it be here tomorrow?",order_problem,rule_single,True,1
conv_328048,@115850 @AmazonHelp  hey juz wanna clarify whether t cashback in amazon pay can be for n no of orders r i can receive cashback for oly 1.?,billing_payment,rule_single,True,0
conv_1286999,"@AmazonHelp Could you please send me an Amazon email for me to send a complaint, please?",escalation_needed,golden,True,4
conv_566593,@AmazonHelp why does my fire stick just randomly decided to restart.  Tuff to watch football games when this happens thanks,technical_device,rule_single,True,2
conv_2305796,"Our Amazon Fire TV has suddenly started randomly seizing control of the TV. Anyone else having/had this problem? Rebooted, reset to factory settings, all to no avail? @AmazonHelp",technical_device,rule_conflict,True,4
conv_365622,Blöde Frage @AmazonHelp: wie macht sich ein Echo im Bad (zwecks Luftfeuchtigkeit)?,technical_device,rule_single,True,0
conv_975062,@AmazonHelp @115850  nw i m going2 promote d hashtag called #amazonCheats u hv tkn fight wid wrong media person.. ORM team gona hv bad tym,escalation_needed,rule_single,True,7
conv_1316008,"@AmazonHelp hi there, how do I contact and make a complaint to amazon where I speak to an actual person?",escalation_needed,rule_single,True,3
conv_677631,@AmazonHelp Do we have any option to transfer Amazon pay balance from one amazon account to another? This is a much needed feature!,billing_payment,rule_single,True,1
conv_224353,@AmazonHelp benefit of being prime member? https://t.co/FIXq8A79zx,prime_subscription,rule_single,True,0
conv_793913,"@AmazonHelp Hey, I recently signed up for Prime. What are the benefits for someone in Kenya.",prime_subscription,rule_single,True,0
conv_2763532,"@AmazonHelp Hi. Went to my tab from earlier and I got a Privacy Error (using Chrome) with ""Not secure....."" in the address bar and saying my connection isn't private. I'm too afraid to log in on another browser.  :(",account_access,rule_single,True,1
conv_1127161,@AmazonHelp @120533 Inadmissible... Pourquoi payer un abonnement prime pour une livraison toujours pas reçu ? Via @132988 ! https://t.co/I51CDONsua,non_english,rule_multi,True,0
conv_2545336,@AmazonHelp How come Amazon Logistics insist on leaving small items that easily fit through the letterbox and don't require a signature...in the shed? Just post it through the door! Cheers. https://t.co/v1tD9kyR5n,non_english,rule_single,True,2
conv_2872497,@AmazonHelp  I used to be happy signed up for Prime but the past few deliveries I have had. I haven’t felt like a Prime member.   Maybe I should switch back probably get better customer service and service.,prime_subscription,rule_single,True,6
conv_1223266,@AmazonHelp Who can I contact with a complaint. I’ve used Chat and been offered an unsatisfactory resolution.,escalation_needed,rule_single,True,1
conv_1258252,@115850 @AmazonHelp Order has been placed 2 days ago with online payment.Still items haven't dispatch yet.Expected after a week.Why such slow service?,billing_payment,rule_single,True,1
conv_449967,"Okay @AmazonHelp I'm confused. How have I ended up with two different Amazon accounts for one email address? Different address books, payment methods and wishlists.",billing_payment,rule_single,True,2
conv_1661494,I had returned one item a month back but still haven't received the reimbursement yet! @AmazonHelp @115850,refund_return,rule_single,True,1
conv_2978204,Thank You @AmazonHelp for making things right with my lost item.. you guys rock,resolution_confirmation,rule_multi,True,1
conv_1078210,"@AmazonHelp If this is the case for prime users, then I'll have to look for next year. https://t.co/9JlujZgOvX",prime_subscription,rule_single,True,4
conv_1929376,@137605 Captura de ahora mismo @AmazonHelp @116928 mi paquete lleva en una furgoneta desde ayer por la mañana https://t.co/s6WFgG5ARM,non_english,rule_single,True,0
conv_2171997,Hey @AmazonHelp care to explain why when setting up a kindle there is NO option to skip kindle unlimited set up? That is some bullshit.,technical_device,rule_single,True,0
conv_2383934,"@AmazonHelp ""Rohini:I also checked and confirmed with my lead.
And this refund was issued to you as an exception case"".Promised on last frid",refund_return,rule_single,True,2
conv_811600,"@AmazonHelp Hi, my dad received a delivery card but doesnt remember ordering the package and the house it was left at doesnt have a doorbell",delivery_issue,rule_multi,True,3
conv_454589,"@AmazonHelp my app has been giving me some troubles! I've done everything I need to in order to be alerted to the giveaways and receive the $5, but it's only giving me credit for 2? I've done this twice now in 3 days. Signed out and back in. Help please 🙁",non_english,rule_single,True,3
conv_889429,"@AmazonHelp Account locked, responded to email, account still locked after amazon sent response. Why...?",account_access,rule_single,True,9
conv_846819,@AmazonHelp I’m not impressed with your service even after speaking to one of you assistants in regards to my order and membership,prime_subscription,rule_single,True,0
conv_1025981,@AmazonHelp @120533 Bjr  aujourd’hui le livreur a décidé d laisser ma commande sur les boites aux lettres car je n’étais pas chez moi1/2,non_english,rule_single,True,0
conv_2669236,"@AmazonHelp how come i can not log-in even with the new password i just changed it to? 
Primevideo, not working, Amazon, not working either...
Hoped i could spend my sunday not being frustrated :D",account_access,rule_single,True,4
conv_2419864,"@AmazonHelp why is my fire stick absolutely useless!! Doesn’t load, if it does it freezes every 10 secs and buzzes! #wasteofmoney",technical_device,rule_single,True,0
conv_547992,@AmazonHelp I live in Austin TX. This is how my package arrived yesterday. https://t.co/HFECLN6AvU,delivery_issue,rule_single,True,2
conv_420064,DM @AmazonHelp I bought Amazon echo dot wich included 1yr prime subscptin on Oct 3. On Oct 9 my prime membership exprd.it didn't get renwd.,technical_device,rule_conflict,True,1
conv_2603150,@AmazonHelp what has happened to the days when #prime meant next day?,prime_subscription,rule_single,True,1
conv_439639,"@AmazonHelp Hi! We have a fire stick purchased in Canada, but are moving to the UK. Can we use it in the UK? Will we need a power converter?",technical_device,rule_single,True,1
conv_422454,@AmazonHelp @115850 from bng unpaid ambassador of Amazon to dissatisfied customer. Requested return of damaged phone but not allowing me,refund_return,rule_conflict,True,2
conv_333172,"@115850 &amp; ur Cust care team is so pathetic
Gowri Ganesh- Sir, it will take 30 mins, then 1 hr 
Muzzamil- Sir it will take 4 hours 
@AmazonHelp",escalation_needed,rule_single,True,0
conv_2386246,@AmazonHelp trying to charge me for prime Can u cancel this so I'm not charged,prime_subscription,rule_conflict,True,1
conv_473352,"If you order s.th. from https://t.co/bpWxwQ9S7x it is delivered to Germany within 1-2 days, with amazon.de within Germany 3-4 days. If you order with https://t.co/5ykkycXlgI in USA for a friend in the USA it takes 10 days or isn't delivered at all. @AmazonHelp",delivery_issue,rule_single,True,0
conv_1491903,"@AmazonHelp Why am I paying for Prime, buying Prime items, &amp; not receiving orders in 2 days? Current Prime order has 5 day ship time.",account_access,rule_multi,True,2
conv_2548097,"@AmazonHelp can't sign into account.Changed password 5 times,every time I'm told incorrect password.can't access contact page w/o signing in",account_access,rule_single,True,0
conv_493273,"@115850 @AmazonHelp I hv ordered pen with blue ink (description also says that), but getting black ink inspire of e-mail and phone requests &amp; three times replacement/new order. This just shows your team seriousness towards customer requests. Sad to see your standards dropping.",escalation_needed,rule_multi,True,2
conv_2704943,@AmazonHelp Hi. Every 30 minutes into watching the WWE Network it just randomly closes itself off on my Fire TV box?,technical_device,rule_single,True,3
conv_569228,"Paying for amazon prime because I trust to get packages in 2 days, but it’s 9:40 PM, my package is “out for delivery” @118706 @115821 @AmazonHelp @123967  WTH?",delivery_issue,rule_multi,True,1
conv_2859975,@AmazonHelp got charged for amazon prime even though I started my prime student trial on the 17th I need help getting a refund because my prime student account is telling me I haven’t been charged even though I have.,prime_subscription,rule_conflict,True,2
conv_336168,@AmazonHelp I ordered a target stamper but have been sent a different stamper. How can this be resolved? I need the stamp for work. Thanks.,resolution_confirmation,rule_single,True,2
conv_1454476,@AmazonHelp @116090 Huge thanks to Brian . M who helped me with my game order in getting back my original pre order price from before. Very helpful and understanding ! Send some kudos his way please,order_problem,rule_single,True,2
conv_477826,"Perplexed that, as a #AmazonPrime member that I need to pay a fee to return a book that I purchased by accident (turns out I had it already). Can you clarify @AmazonHelp? #Perplexed",refund_return,rule_multi,True,6
conv_2965268,"@AmazonHelp hey I bought something but still has not come, should of be been here last week. https://t.co/sVgyITsrJr  I pay more so that it will come before December but still not here why?",billing_payment,rule_single,True,7
conv_2841715,@AmazonHelp @115821 trying to purchase kindle format books but purchase tab unavailable. Purchase tab only shows for hardcover/paperback. Help? https://t.co/YtDFFh4T3O,technical_device,rule_single,True,0
conv_1197935,Hi @115850 @AmazonHelp please inquire about my order #403-0124796-0384329. No delivery as yet and no response from Seller.,escalation_needed,rule_multi,True,2
conv_1881617,@AmazonHelp My mother is still awaiting a Password Reset email which an agent said they'd send yesterday.  She can't access her account.,account_access,rule_single,True,2
conv_2938613,We got our treadmill from Amazon only to find out it's damaged...Can't fit the screw in!😡WHY?! https://t.co/Yappe9OG9W @AmazonHelp https://t.co/OP90lRwFaL,order_problem,rule_single,True,4
conv_1556302,@AmazonHelp hi someone has activated the Amazon Prime trial on my account how can I get this reversed,prime_subscription,rule_single,True,0
conv_286268,@AmazonHelp I've had an email to say my parcel has been delivered today through my letterbox but it hasn't ?! Where is it??,delivery_issue,rule_single,True,2
conv_1291748,@AmazonHelp Why is my account blocked ?,account_access,rule_single,True,0
conv_2700838,"Hey @AmazonHelp any tips for figuring out where ""AMAZON DIGITAL"" charge came from on my bank statement? Checked recent orders/Digital orders in my account, none match. This charge is unexpected/unfamiliar.",billing_payment,rule_single,True,3
conv_2386381,@115850 @AmazonHelp I have paid postpaid bill from amazonpay and the amount was debited from the A/C (1/2),billing_payment,rule_single,True,0
conv_2985490,@AmazonHelp Got help with fraud on a/c. could not reset my p/word as it came up with error. Now finally got to send an email about it to you &amp; aparently I don't have an ac under my email. I have yrs of emails etc from you????? I also pay for prime. Please find my a/c!,escalation_needed,rule_multi,True,6
conv_2374450,Why do I pay $100 bucks a year for this kind of customer service? @115821 @AmazonHelp https://t.co/9oVNWWK1KL,billing_payment,rule_single,True,0
conv_919383,@AmazonHelp what has happened to Alexa and her accuracy? This is ludicrous. It also has a habit now of playing entirely the wrong thing. https://t.co/S4Hg7SPOAL,technical_device,rule_single,True,0
conv_959262,if my trial is over will u charge me if so plz cancel it @AmazonHelp,billing_payment,rule_single,True,2
conv_321727,@AmazonHelp I wanted to change my address. Your exec is asking for my credit card details even though I made the payment via Amazon Pay.,billing_payment,rule_single,True,2
conv_1137884,@AmazonHelp initiate refund asap.your customer service is clueless. https://t.co/Abupig3pIp,refund_return,rule_single,True,0
conv_765456,@AmazonHelp I sent a refund package the other day &amp; I wanted to know if you have already received it my order number is 113-8606229-6372234,delivery_issue,rule_multi,True,2
conv_1222617,@AmazonHelp hello really need your help my account ha been locked!!,account_access,rule_single,True,4
conv_333987,@195586 @115850 @AmazonHelp We didn't even received d order n u update d status as delivered !!! Where is d product. Is this ur #Prime service ??,delivery_issue,rule_multi,True,0
conv_59514,"@AmazonHelp Oi pessoal, alguma notícia sobre o Kindle Ilimitado? Não consigo devolver/alugar livros.",technical_device,rule_single,True,0
conv_1467700,.@AmazonHelp ¿Podríais decidme cuál es el motivo de este retraso? @137605 ha pasado por la puerta del lugar de entrega a toda prisa1/2 https://t.co/nARimuzGAB,non_english,rule_single,True,0
conv_2640910,@AmazonHelp I'm less than impressed with my Amazon Fire. Is there a book about making it better? Getting did of apps that aren't needed. Sharing #Audible with family. Might return this device soon. #irritated,refund_return,rule_multi,True,2
conv_1332638,@AmazonHelp hi I’ve been charged for a cancelled order from yourselves despite being told opposite on email- can you help please?,billing_payment,rule_single,True,0
conv_80753,"@115851 Hello Sir, I have complaint regarding Amazon India service but none of the customer care person is of any help. I also do not have Amit Agarwal's or contact details of any key people in India. Please hep!! @119356 @AmazonHelp",escalation_needed,rule_single,True,1
conv_279703,Half my ordered hasn't even shipped yet!!! 😤😡😡😡😡😡 @115821 @AmazonHelp,delivery_issue,rule_single,True,4
conv_1049143,@AmazonHelp can i get a refund for my purchase of #cuphead via @115821? i got scammed and there's nothing i can do about it... smh... https://t.co/MYQLC7443R,refund_return,rule_single,True,0
conv_2438199,Not sure what the hell I pay @AmazonHelp for. Absolutely useless.,billing_payment,rule_single,True,1
conv_930433,@AmazonHelp your whole deliver team is a Liar,escalation_needed,rule_multi,True,1
conv_71888,@AmazonHelp J'ai acheté un casque bose quiet comfort 35 headphones à 320€ et j'ai reçu des écouteurs beats x à 119.99€... HELP !!!,non_english,rule_single,True,0
conv_2760334,excuse me but why are you holding 2x the amount of money for one item. i deserve better. @AmazonHelp @115821 https://t.co/Ei8aGv1H7S,billing_payment,rule_single,True,1
conv_467409,"@115830 thanks for ruining my daughters 1st birthday.  Items not delivered, cant cancel online and call centre keep hanging up. Shocking customer service @AmazonHelp",delivery_issue,rule_single,True,1
conv_696667,"@AmazonHelp Hello good day! What do i do when i have purchased a Playstation card from https://t.co/W1O0LBlHTU and when i go to redeem the code. It gives me the error code ""The code you have entered is inactive. Please check terms and conditions.""
I put in everything correctly.",billing_payment,rule_single,True,3
conv_947205,"@AmazonHelp hi, why can I watch Dragula on prime video on my phone but when I look for it on PS4 it’s not there? https://t.co/jTue2q5nAm",prime_subscription,rule_single,True,1
conv_2723959,@AmazonHelp so fumed amazon account closed item not received money taken from card my money is lost stupid company amazon don't think about saying account specialist my money is gone shit bullshit company,escalation_needed,rule_multi,True,0
conv_2136245,@AmazonHelp I have a question about my Prime membership.,prime_subscription,rule_single,True,0
conv_825502,@AmazonHelp the new TV series on Amazon prime why only 2 episodes are available for lakhon mien ek,prime_subscription,rule_single,True,0
conv_351681,"@AmazonHelp is your customer service team blind or extremely ignorant? ""Sorry, Nicole, I can't guarantee your order will come today"". 
????? https://t.co/jCIetrTcAH",escalation_needed,rule_single,True,3
conv_439259,@115850 @AmazonHelp Again... It shows delivered... And don't know where the product is...👿👿👿 https://t.co/fIFXQxoaFd,delivery_issue,rule_single,True,1
conv_2915853,Tech question: my wife bought me the new Kindle Fire HD 10 for our anniversary. Love it! Great tool. Cool to have Alexa on there. But how is it possible that I can't get GroupMe on it when I have GroupMe on my old Fire 8? @AmazonHelp @115821 @3279 Use GroupMe a LOT at @111866,technical_device,rule_single,True,0
conv_674261,@126705 please could you start a lost item for 3 items I sent as you have decided not to move my items from Tyneside and is out of the delivery timescale of 2-3 days! @AmazonHelp won’t go for lost item or refund me so you can!no wonder @147630 wants rm to be public owned,delivery_issue,rule_multi,True,4
conv_300024,@AmazonHelp Hi! Question: does the newest 2017 Fire TV box (not stick) still support Freetime Unlimited? And the official game controller?,technical_device,rule_single,True,2
conv_739049,"@AmazonHelp I would like to return a gift - I have the order number, but the number isn't recognised when I use the gift return form",refund_return,rule_single,True,0
conv_1449025,If you ever want to pre order something from @AmazonHelp DEFINITELY rethink it.,order_problem,rule_single,True,1
conv_495981,@AmazonHelp been in all day waiting for the guaranteed delivery of my week old order. Prime? Waste of time more like.,delivery_issue,rule_multi,True,1
conv_2291888,@AmazonHelp for order #405-4572052-1876368. I paid 2500 Rs extra to add to my Amazon Pay balance. Hope it'll be received by you guys. Relevant link: https://t.co/uZH5JFZQec,billing_payment,rule_single,True,2
conv_2299555,@AmazonHelp I've been charged by you but haven't bought anything .. Can u not,billing_payment,rule_single,True,0
conv_1445502,"@AmazonHelp I was hacked, your support team told me the issue would be resolved and my account restored. It's been 24 hours and no progress.",escalation_needed,rule_single,True,1
conv_2503598,"@AmazonHelp Bonjour, en vérifiant ajd ma commande (qui devait arriver hier) j'ai vu que sur Amazon elle avait bien était livré hier, mais je n'ai rien reçu chez moi.",non_english,rule_single,True,0
conv_1557634,Thanks @AmazonHelp for your msgs. I’ve messaged @257907 too but no response from them. Not such good support. https://t.co/7wa3m1zUK4,resolution_confirmation,rule_multi,True,2
conv_1692613,"Hey @AmazonHelp I can't log in, yet KNOW FOR A FACT I am using the correct email &amp; password, even reset it to be sure. Help please...",account_access,rule_single,True,3
conv_232847,"Contacted close to 15 agents but no resolved issue,40k blocked been 2 months no refund no support @AmazonHelp @115850 @115851",refund_return,rule_single,True,3
conv_1384336,"@AmazonHelp wtf ? erklärt mal die neuen berechtigungen die die app-store app will,denn ""warum"" zugriff auf anrufe,autodownload ohne msg ?",non_english,rule_single,True,0
conv_2903446,"@AmazonHelp Im having a lot of problems even signing into your website at this point. First I got an email saying that you needed my phone number to complete an transation, when I provided the help # on my card I got my account back then I was locked out again. What is happening?",account_access,rule_conflict,True,2
conv_138094,@AmazonHelp when will the Reputation albums be delivered?,delivery_issue,rule_single,True,3
conv_361714,"Hi @AmazonHelp, I just bought a product, money deducted &amp; now email comes saying I have product limit, cannot buy. Help?",billing_payment,rule_single,True,1
conv_1806529,"@AmazonHelp Hey, my mom bought an item from your site but ended up getting the wrong item. Same brand, different product. We love y'all, but what gives?",order_problem,rule_single,True,1
conv_1360028,"Oh come on @115830, not *another* failed delivery from your awful #logistics team?? You need to get this mess sorted out. @amazonhelp",escalation_needed,rule_multi,True,0
conv_297341,@AmazonHelp You guys were such awesome help with my purchases. Can you help me find a screen protector for the Kindle Fire 8 for kids?,technical_device,rule_single,True,1
conv_1203463,Ritirato pacco @AmazonHelp in Ufficio postale @300933 con parte del contenuto rubato. Come mi devo comportare? @115821 @120540 #furto,non_english,rule_single,True,0
conv_2497914,Will an echo dot and fire stick bought in the USA work in India @115850 @AmazonHelp @115833 @115821? Need a quick answer.,technical_device,rule_single,True,0
conv_1755211,@AmazonHelp  I am waiting for my one day promised delivery even on the second day. PATHETIC! No response. Order# 114-1485690-6070629,escalation_needed,rule_multi,True,6
conv_858704,@115850 @AmazonHelp why r u jacking up prices on ur site just before sale starts,technical_device,golden,True,0
conv_2682962,@AmazonHelp my account 9958892918 is locked why ? https://t.co/mijwGmqgPJ,account_access,rule_single,True,1
conv_317459,@AmazonHelp I had created an account on Amazon page for affiliate marketing &amp; not able login into my account,account_access,rule_single,True,3
conv_1777501,@AmazonHelp I’m trying to make a prime order but says my phone number is invalid. ???,prime_subscription,rule_single,True,0
conv_538496,"@AmazonHelp Hi, I’ve just received a letter in the post informing me that I’ve cancelled my prime subscription but I haven’t. Everything seems fine online though when I’ve logged into my account. Very confused.",prime_subscription,rule_single,True,1
conv_1159345,@AmazonHelp why can’t i get into my amazon account? It says my password is incorrect and i know it’s correct i changed it 3 times now,account_access,rule_single,True,1
conv_2135613,@115821 Calling the # back gives a message to use the PrimeNow app to contact the courier. Download and sign in. My orders aren't listed. I updated the order online AGAIN with the door code but there is no update on when it's going to be redelivered. @115821 @117795 @AmazonHelp,non_english,rule_multi,True,1
conv_485291,"@AmazonHelp I’ve ordered a book (206-7453021-7726749) to be delivered to High Wycombe, why is the tracking showing it going to Banbury?!",delivery_issue,rule_single,True,1
conv_1548337,Wayfaring by Tikuli https://t.co/Z1vnpFMkTu via @115850 @AmazonHelp This is the link to the book. Just as info. The browsing categories are now removed. The other book is listed wrongly. I have followed all instructions. Can't they just be put rightly? #fail,billing_payment,golden,True,6
conv_680655,@119625 when it will start streaming in India? @AmazonHelp https://t.co/JsDrA8FhZW,technical_device,rule_single,True,1
conv_781642,@AmazonHelp Will I ever get my order 408-0742100-2445928??,prime_subscription,golden,True,2
conv_2675679,"@AmazonHelp failed Prime delivery for second day in a row, no acceptable reason given and lied to by your customer service team. Disgusting.",escalation_needed,rule_multi,True,1
conv_2236390,"@AmazonHelp I got reply from your team that I can't pay by card, only cash is available. What is the purpose of having  credit card or Amazon pay balance, if you want us to pay by cash https://t.co/Mrg2UDnz01",escalation_needed,rule_multi,True,1
conv_2722358,I've now been going back and forth w @AmazonHelp for a week about my seller acct. Just received email that I need to call and verify AGAIN.,account_access,rule_single,True,1
conv_503447,@AmazonHelp Hi I have an unexpected charge from Amazon Digital Svcs out of my bank account. Would it be possible to talk through PM?,billing_payment,rule_single,True,2
conv_937640,"@AmazonHelp 9648298254 Amazon delivery boy charged extra amount, and not taking calls, amazon courier team did not take any action. very bad",escalation_needed,rule_multi,True,0
conv_2686391,@AmazonHelp why don’t you have subtitles available for all shows on amazon prime?,prime_subscription,rule_single,True,0
conv_2940256,"Day 22: of NO RESOLUTION. For those of my friends who were interested in the details, I haven’t received my offer product as promised, and they are not able to return or refund my main product too!! And dis is a high value purchase. @AmazonHelp @115821 @2005 @115850",refund_return,rule_single,True,5
conv_1959494,@115821 Hey @115821 @AmazonHelp I️m purchasing a flat bench with gift card balance and I️t wont let me this doesn’t only happen on 1 flat bench item I️t happens on lots of them. I️ can buy other items but can’t buy flat benches plz help.,billing_payment,rule_single,True,3
conv_671777,@AmazonHelp why do I pay for prime if it’s optional for amazon to deliver. You guys are horrible #fail #amazonsucks #customerservicefail,delivery_issue,golden,True,3
conv_1298491,"@AmazonHelp hey, my @115830 prime now order was delivered but not to the correct address. Who do I contact for my money back?",prime_subscription,rule_conflict,True,1
conv_174514,"@AmazonHelp just purchased two mp3 albums and tried to download to my phone. No way to do this without being forced to use amazon music app. Tried to download through app, music disappears. Nowhere in my phone storage, app says I'm 'not eligible' to view music I purchased. 1/2",non_english,rule_single,True,4
conv_2298160,@AmazonHelp hey do add my money ASAP in #amazonpay wallet as I need to buy some stuff urgently. Also check my DM for order no. https://t.co/8MRfLwfm02,billing_payment,rule_single,True,0
conv_1449106,@AmazonHelp need help with a locked amazon account.,account_access,rule_single,True,1
conv_1714309,@116324 @115830 Disappointing to have had no response. Do you really think this behaviour acceptable? Your lack of response appears to condone @AmazonHelp,escalation_needed,rule_single,True,0
conv_2821557,"@AmazonHelp do I directly need to pay only only 36,500 for the one plus 5T 
Or the full amount 38 thousand?  @139570",billing_payment,rule_single,True,0
conv_333570,"@AmazonHelp Hi! If I make an order through Cash on delivery &amp; upon receiving the product if it doesn't fit me, can I return it then &amp; there?",delivery_issue,rule_multi,True,2
conv_455450,"@AmazonHelp Wow, your Echo staff are poorly trained and rude. I phoned with half a dozen questions, can't even get the first one answered.",technical_device,rule_single,True,0
conv_1452435,"Hey @AmazonHelp , warum steht meine 60€ Schallplatten-Sendung ungeschützt vor der Haustür? https://t.co/xmQo4dGFIz",non_english,rule_single,True,0
conv_1626020,@AmazonHelp your alexa is not updated . It still consider @65650 as current 🇮🇳 president. Please make your alexa smart,technical_device,rule_single,True,2
conv_1258181,@AmazonHelp My account got locked while I was placing an order to gift my Cousin in USA. Pls help asap.,account_access,rule_single,True,1
conv_384403,@AmazonHelp why u guys okay d address for delivery if u cant deliver at dat address. Previously I hv rcvd delivery now ur courier guy denies,delivery_issue,rule_single,True,0
conv_550520,How to return a package delivered to me by mistake this morning? Another deliver guy says amazon hires different agents to deliver so I can’t just give it back to him. I can’t just drop in UPS? @115821 @AmazonHelp https://t.co/NY4beiZCuA,delivery_issue,rule_multi,True,1
conv_150466,@AmazonHelp Waiting 6 days for a refund which should have taken 2-3 days. Customer service staff unhelpful.  What do I have to do to get my money back?,refund_return,rule_multi,True,2
conv_561647,"@AmazonHelp @115830 hey Amazon, do you think you’ll ever deliver my Nintendo Switch bundle from Cyber Monday? It’s kinda been 5 days and I’m still waiting... also it’d be fantastic if the managers in Customer Services called back when they said they would.",delivery_issue,rule_single,True,3
conv_1193423,@AmazonHelp My Order Id: 403-1564584-4573924.i want to return this item and refund against this product,refund_return,rule_single,True,9
conv_837857,@AmazonHelp mir wurde eine Sendung am Erscheinungstag versprochen. Warum gibt es keine Informationen zum Lieferstatus? https://t.co/P7qvLLWqjZ,non_english,rule_single,True,1
conv_2669991,"@AmazonHelp @115850 @115821 How long I have to struggle for the order no 404-6863093-7837905, i typed more then 50 mails; No response??",escalation_needed,rule_single,True,2
conv_1159259,"@AmazonHelp Hey ich habe eine Bestellung die bei mir nicht angekommen ist und als angekommen angezeigt wird. Sie wird als ‚Zugestellt‚ in einer anderen Stadt angezeigt, wobei die Lief.-Adresse richtig ist. #Hilfe #Why #AlleAnderenPacketeSindRichtigAngekommen #Komisch",non_english,rule_single,True,0
conv_595728,RT @AmazonHelp i can't alexa device only echo dot  is the echo dot alexa or not i'm thinking about ordering but don't see alexa device.?RT,technical_device,rule_single,True,0
conv_1302297,"@AmazonHelp Why does my #FireTV remote suddenly stop working? It works to search/start videos, but then it freezes.1 min later it's OK. Why?",technical_device,rule_single,True,0
conv_454538,Does anyone know how to change Amazon Echo's language to English Canada?It only gives me English US and English UK and it deleted all my skills until I change it to Canada! ARGH #iot #smarthome #tech #amazonecho @AmazonHelp https://t.co/qlUXG84pMU,technical_device,rule_single,True,1
conv_1322908,"@AmazonHelp trying to cancel kindle unlimited trial. No option to cancel, only to continue free subscription...",technical_device,rule_conflict,True,0
conv_729199,@AmazonHelp necesito localizar un paquete que tenia que haber sido entregado el dia 5 de octubre.,non_english,rule_single,True,0
conv_821736,I won the contest of indian great festival and I won Nokia 6 and I did not receive any update...@AmazonHelp @115821 @115830 @123644,account_access,rule_single,True,2
conv_407038,@AmazonHelp last week I asked your supp team for explanation why two factor Auth is on my account when I have have not asked for it. Noreply,escalation_needed,rule_single,True,0
conv_2477408,@AmazonHelp on my orders it says that you guys have received my item and the refund has been issued but I didn't receive it? Please help :'v,refund_return,rule_single,True,2
conv_96666,"Orrr. @AmazonHelp 
""Der erste Zustellungsversuch war erfolglos. Der zweite Zustellungsversuch erfolgt am folgenden Werktag.""

Nein, der Versuch hat gar nicht stattgefunden! Mal wieder.

#AmazonLogistics #Nervscheiß",non_english,rule_single,True,0
conv_1016722,"@115830 @AmazonHelp I've received the confirmation for my refund, but it's been more than 1w that I'm waiting for the money in my account.",refund_return,rule_multi,True,2
conv_467517,"One of the fastest money back policy, Just received my money in ""15 days"" instead of ""7 days"" that... @115850 @AmazonHelp @115823 (1/2)",refund_return,rule_multi,True,14
conv_2616439,@AmazonHelp @119356 I was promised my refund on 7 Nov. but still I didn't get that. Fake promises are given everyday by Amazon customer support. Kindly look into this issue.,refund_return,rule_single,True,2
conv_535729,@AmazonHelp my amazon account was locked. I uploaded the credit card statement as requested but it keeps getting declined. Pls help.,account_access,rule_conflict,True,0
conv_454621,"@AmazonHelp  I got my package today, both sides of it had a gap I could slide my hands into and touch the items inside without even opening the box. One of my items is missing because it probably fell out of one of these gaps. Please use tape on your boxes https://t.co/QOKlAG69XG",delivery_issue,rule_single,True,3
conv_1146930,@115821 playin’ me with “free same day”. Every time I go to check out it wants to charge me $5.99 but they all qualify!  @AmazonHelp,billing_payment,rule_single,True,3
conv_416675,"@AmazonHelp WTFwhy do I keep getting a error with my account saying""there was a problem your password is not correct I havereset the thing 5",account_access,rule_single,True,1
conv_1184680,"@AmazonHelp think I was sold a #fake - recently bought item on left, to replace previously bought item on right. Both from @115830 https://t.co/WUktlDTEit",refund_return,golden,True,0
conv_1960763,"Hi @115830 @AmazonHelp
I ordered this prime item 6 days ago and website says I might get it Friday? Help

Order ref 206-7888650-6817147",prime_subscription,rule_single,True,3
conv_2767509,@AmazonHelp any idea why you would take the same payment off me in 3 consecutive days for the same order?,billing_payment,rule_single,True,1
conv_465155,@AmazonHelp why is it that I’ve placed two orders this week and both orders are taking 4 days to get here? What happened to 2-day prime?,prime_subscription,rule_single,True,5
conv_1567106,"@AmazonHelp Been waiting for a week for Echo invite, still haven't received one yet :/",technical_device,rule_single,True,0
conv_786590,Hey @115821 @AmazonHelp release the Apple TV app already. I will cancel my Prime membership soon if it isn’t,non_english,rule_multi,True,2
conv_2451217,"@AmazonHelp Good evening! I qualified for the £6 promo code thanks to buying a gift card, and the email says it has been automatically (c)",account_access,golden,True,0
conv_1005969,"@115821 @AmazonHelp u r terrible, 2 defective items in an order. U can only replace one. Amazon representatives very impolite,makes fun o me",refund_return,golden,True,7
conv_2372342,"@AmazonHelp Hey, I'd like to cancel a digital pre-order for an xbox game but there's no option to cancel...help?",order_problem,rule_single,True,1
conv_2513143,@AmazonHelp how long should it take for returns to be refunded? I returned 3 of the same product over a week ago &amp; only 1 was refunded.,refund_return,rule_single,True,5
conv_1345829,@AmazonHelp Is there a problem with signing in to Amazon right now? I'm trying to check my gift card balance but it keeps rejecting my  password.,account_access,rule_conflict,True,1
conv_1279828,"Bad customer service. Did not receive my order yet, even after the customer service employee confirmed. @115850 @AmazonHelp",account_access,golden,True,35
conv_793810,"Ordered 4 shirts 2 each in 2 packages, in one package received 1 shirt n small bag n in another received different colour @AmazonHelp",delivery_issue,rule_single,True,2
conv_2759001,@AmazonHelp product returned without my knowledge. I am a prime customer,refund_return,rule_multi,True,6
conv_2288173,@AmazonHelp pedí algo hace 2 meses y no llega que pasa &gt;:(,non_english,rule_single,True,0
conv_2807351,@AmazonHelp Do you know when the covers will be available for the new Kindle Oasis? They have  all been withdrawn from the store?,technical_device,rule_single,True,3
conv_1680459,Wish this Diwali @115850 provided us with smooth and hassle less payment options. Not done. @115821 @AmazonHelp,billing_payment,rule_single,True,0
conv_1619414,I bought the Amazon Dot Echo but you haven't yet activated my Amazon Prime for a year. @115850 @AmazonHelp,technical_device,rule_conflict,True,0
conv_2715899,"@115821 , Please Check it at your end , Having some Problem on Sign in of user @AmazonHelp @123644 https://t.co/bxBbVCy8Is",account_access,rule_single,True,2
conv_333577,@AmazonHelp escalation desk#leadership team#yogesh#bizarre#incompetent#3daz#retrn item nt pkd up#m nw out till 20th#no reso#feel let dwn,escalation_needed,rule_single,True,0
conv_2581935,@AmazonHelp Help! I ordered some bras over summer. I would like to exchange them 4 a different size OR get a refund. #112-1859996-1864251 = my order number. I used 2 but want to exchange FOUR. This is my 2nd time tweeting 2 u so far no response. Still in original packing. HELP!,escalation_needed,rule_multi,True,2
conv_2472448,"@AmazonHelp hi I'm returning 2 items, both can fit in one box, but I have 2 prepaid return sheets, one I don't need to print out and one I do, can I just use one of the sheets, both are same items",refund_return,rule_single,True,5
conv_656058,@AmazonHelp Can you explain what the hold up is? Potentially waiting an additional week for my delivery... https://t.co/z3Z5MHitYW,delivery_issue,rule_single,True,1
conv_2712496,@AmazonHelp hi! If I was supposed to return an order by November 11th. Can still send it out after that date?,refund_return,rule_single,True,1
conv_1200043,@AmazonHelp I received a fraudulent order confirmation for an iPhone 6S+. There was another email after that requesting address verification,account_access,rule_conflict,True,1
conv_2389727,"@AmazonHelp buenos días, estoy candado de esperar un envío express con @130709, llegaba dia 9 y estamos a 14, dicen que estoy ausente..",non_english,golden,True,0
conv_292868,@AmazonHelp I’ve been sent the wrong item. Help?,order_problem,rule_single,True,1
conv_2704934,"@AmazonHelp Placed an order for a necklace on the Black Friday deals, on my orders one minute it's the correct item, the next it's a completely different item. If the wrong item arrives I'll be incredibly annoyed, messed me about already this week.",order_problem,rule_single,True,1
conv_2811777,"@AmazonHelp I live in Netherlands &amp; am a DE prime member. I am trying to buy Alexa devices on Black Friday deals, but they wont ship to NL???",technical_device,rule_conflict,True,1
conv_2397088,@AmazonHelp hi I need to return an item bought through amazon. There is no return label or button to press to return on your website. The company are based in Austria. What do I need to do? Thx,refund_return,rule_single,True,1
conv_878789,@AmazonHelp @146956 amazon has been cheating its customers. My money blocked for 60 days.,billing_payment,rule_single,True,1
conv_2350886,"4 - 
Heu @AmazonHelp .. c'est un peu BEAUCOUP abusé là.. https://t.co/Ml330ihqXU",non_english,rule_single,True,0
conv_575902,@116618 @AmazonHelp can an Echo Plus act as an auxiliary speaker when viewing streaming content on my TV (regardless if it’s Prime content or otherwise)?,technical_device,rule_conflict,True,0
conv_503464,"Two deliveries failed to turn up today, and not a single notification or reason given. Both out for delivery, but never showed. Such poor service. Not cool, @AmazonHelp. Not cool at all.",delivery_issue,rule_single,True,4
conv_1058034,@AmazonHelp when you get your order and 2 of the mugs are damaged... please help. I have emailed customer service https://t.co/KcIDHhFsql,order_problem,rule_single,True,1
conv_1278118,"Jetzt scheitern sogar schon Bestellungen, die von Amazon geliefert werden. ""Tut uns leid"". Neue Lieferung nun aus UK und China. @AmazonHelp",non_english,rule_single,True,0
conv_2284014,@AmazonHelp I need help with my order because it keeps saying revise payment option when i have more money then needed in my account to buy what i want and i already entered the information correctly and it says that the order already went through,billing_payment,rule_single,True,1
conv_1678266,"@AmazonHelp Lorsque j'achète un objet sur Amazon jespere le recevoir en état. Et voilà dans quel ""état"" il est arrivé... https://t.co/fnBsi8GawB",non_english,rule_single,True,0
conv_2279022,"@AmazonHelp Greetings, there’s a “payment revision needed” on my order, I’ve already revised it yet it keeps appearing. Any idea why?",billing_payment,rule_single,True,3
conv_574526,Hola. Ya les envíe más información acerca del error en la app por DM. Espero su respuesta.  @AmazonHelp,non_english,rule_single,True,0
conv_485232,"@AmazonHelp Worst customer service. My email was changed, but nothing could be done because I don't have access to the email it was changed to. What is support even for? Guess I'll just wait 24-48 hours while my credit cards are on an account SOMEONE ELSE has access to!",account_access,rule_single,True,4
conv_111919,"@AmazonHelp Olá, pessoal! (: O Kindle Unlimited aceita débito?",technical_device,rule_single,True,0
conv_384741,@AmazonHelp I was wanting to pre-order a blu-ray direct from Amazon UK but it says that Amazon won't ship it to N.Ireland (part of UK). https://t.co/XQ4x1O3ATF,order_problem,rule_single,True,1
conv_2266704,Got this offer on  My Vodafone app from @118343 to subscribe 2 prime services from   @AmazonHelp install  @116618 app to get Rs.250 Cashback on Amazon. It's 2 months now bt no Cashback. Vodafone guys says there was no such offer ever nd these screenshots r photoshopped https://t.co/XBhwhLkTI8,non_english,rule_multi,True,3
conv_2437311,@119356 @AmazonHelp @AmazonHelp waste of money and poor service even for PRIME customers. order Id 403-8040056-0265138,prime_subscription,rule_single,True,1
conv_581146,@AmazonHelp I have had a refund stuck for almost 2 months now. Can I get a contact form?,refund_return,rule_single,True,1
conv_181233,"@AmazonHelp me han cancelado todos mis pedidos por un fraude inexistente, sin previo aviso, unilateralmente y sin ofrecerme solución ni explicación alguna.Ahora que ya no existen los mismos descuentos quieren que repita mi pedido.Ustedes cometen un error y, ¿tengo que pagarlo yo? https://t.co/a0fcb2HIAD",non_english,rule_single,True,0
conv_740946,@AmazonHelp Can you give me an address or email to make a serious complaint about one of your delivery drivers please?,escalation_needed,rule_multi,True,1
conv_2476033,"Hey @115850 What is it with your representatives insisting on receiving payment by ""card""? Is cash no longer a legal mode of payment? When did that happen? Because no one told me. This has been happening far too often...really need to know the reason. @115821 @AmazonHelp",escalation_needed,rule_multi,True,1
conv_245309,"@AmazonHelp 
Also I have raised a refund request for my order with id    171-6797570-3772355.And plz take strict action against seller.
2/2",refund_return,rule_single,True,2
conv_1021626,@AmazonHelp I have had some payments to Amazon taken from my bank account but I don’t know what they are for? Can you help?,billing_payment,rule_single,True,2
